총괄현황(전기차),,,,,,,,,,,,,,,,,
,,,,,,,,,,,,,,,,,
시도,지역구분,차종,접수방법,민간공고대수,,,,접수대수,,,,접수 잔여대수,,출고대수,,출고잔여대수,비고
,,,,"전체
(우선순위)
(일반)",전체,우선순위,일반,"전체
(우선순위)
(일반)",전체,우선순위,일반,전체,일반,"전체
(우선순위)
(일반)",전체,"전체
(우선순위)
(일반)",
협회,한국자동차환경협회,화물,"*일반: 접수순
*우선: -","1000
 (0)
 (1000)",,,,"845
 (4)
 (841)",,,,,,"845
 (4)
 (841)",,"155
 (0)
 (155)",
서울,서울특별시,승용,"*일반: 출고등록순
*우선: 출고등록순","5132
 (0)
 (5132)",,,,"5552
 (211)
 (5341)",,,,,,"5551
 (211)
 (5340)",,"0
 (0)
 (0)","○ 2020년 전기자동차 민간보급사업 변경공고
   - 변경공고사유 : 기 공고문 중 의무준수사항에 대한 시민 문의사항을 명확히 하고
                            보조금 적정 집행을 위해 증빙자료 추가 등 미비사항 보완

- 전기화물차 보급 관련 혼선방지를 위해 2020.04.17일 09시 현재 전기화물차(소형, 경형) 접수를 마감합니다.
* 전기화물차(소형, 경형)  취소자 발생시 2020.05.08.13:00까지 접수된 순서에 따라 제출서류 검토 후 구매자격을 부여할 예정임을 알려드립니다.  

- 전기승용차 보급 관련 혼선방지를 위해 2020.09.16. 18시 현재 전기승용차 접수를 마감합니다. 기접수자는 취소자 발생시 접수된 순서에 따라 제출서류 검토 후 구매자격을 부여할 예정임을 알려드립니다.

- 전기택시 보급 관련 혼선방지를 위해 2020.11.27. 15시 현재 예산 소진으로 기접수자는 취소자 발생시 접수된 순서에 따라 제출서류 검토 후 구매자격을 부여할 예정임을 알려드립니다.

※ 자세한 사항은 공고문을 참고하시기 바랍니다."
서울,서울특별시,화물,"*일반: 출고등록순
*우선: -","1271
 (0)
 (1271)",,,,"1288
 (25)
 (1263)",,,,,,"1288
 (25)
 (1263)",,"0
 (0)
 (0)","○ 2020년 전기자동차 민간보급사업 변경공고
   - 변경공고사유 : 기 공고문 중 의무준수사항에 대한 시민 문의사항을 명확히 하고
                            보조금 적정 집행을 위해 증빙자료 추가 등 미비사항 보완

- 전기화물차 보급 관련 혼선방지를 위해 2020.04.17일 09시 현재 전기화물차(소형, 경형) 접수를 마감합니다.
* 전기화물차(소형, 경형)  취소자 발생시 2020.05.08.13:00까지 접수된 순서에 따라 제출서류 검토 후 구매자격을 부여할 예정임을 알려드립니다.  

- 전기승용차 보급 관련 혼선방지를 위해 2020.09.16. 18시 현재 전기승용차 접수를 마감합니다. 기접수자는 취소자 발생시 접수된 순서에 따라 제출서류 검토 후 구매자격을 부여할 예정임을 알려드립니다.

- 전기택시 보급 관련 혼선방지를 위해 2020.11.27. 15시 현재 예산 소진으로 기접수자는 취소자 발생시 접수된 순서에 따라 제출서류 검토 후 구매자격을 부여할 예정임을 알려드립니다.

※ 자세한 사항은 공고문을 참고하시기 바랍니다."
서울,서울특별시,승합,"*일반: 출고등록순
*우선: -","119
 (0)
 (119)",,,,"249
 (0)
 (249)",,,,,,"249
 (0)
 (249)",,"0
 (0)
 (0)","○ 2020년 전기자동차 민간보급사업 변경공고
   - 변경공고사유 : 기 공고문 중 의무준수사항에 대한 시민 문의사항을 명확히 하고
                            보조금 적정 집행을 위해 증빙자료 추가 등 미비사항 보완

- 전기화물차 보급 관련 혼선방지를 위해 2020.04.17일 09시 현재 전기화물차(소형, 경형) 접수를 마감합니다.
* 전기화물차(소형, 경형)  취소자 발생시 2020.05.08.13:00까지 접수된 순서에 따라 제출서류 검토 후 구매자격을 부여할 예정임을 알려드립니다.  

- 전기승용차 보급 관련 혼선방지를 위해 2020.09.16. 18시 현재 전기승용차 접수를 마감합니다. 기접수자는 취소자 발생시 접수된 순서에 따라 제출서류 검토 후 구매자격을 부여할 예정임을 알려드립니다.

- 전기택시 보급 관련 혼선방지를 위해 2020.11.27. 15시 현재 예산 소진으로 기접수자는 취소자 발생시 접수된 순서에 따라 제출서류 검토 후 구매자격을 부여할 예정임을 알려드립니다.

※ 자세한 사항은 공고문을 참고하시기 바랍니다."
부산,부산광역시,승용,"*일반: 접수순(초과시 출고등록순)
*우선: 출고등록순","830
 (0)
 (830)",,,,"890
 (62)
 (828)",,,,,,"883
 (62)
 (821)",,"0
 (0)
 (0)","ㅇ 추가보급 대수
   ※ 보급대수는 보급여건 및 예산범위 내에서 변동될 수 있음
   ▷ 승용차(350대) : 민간 240대, 사회복지재단 110대
   ▷ 화물차(350대) : 공공 9대, 민간 341대
 ㅇ 신청기간 : 2020.10.15.(목) ~ 2020. 12. 4.(금)
    - 보조금 지원신청은 2020.12.04.(금)까지 출고등록하고 보조금 신청이 가능한 자
     (우리 시에 신청서 원본서류 도착 일 포함)  
    -  대기자 173대(2월 신청자) : 신청 필요 없음, `20. 10. 15.(목) 일괄 접수승인
 ※ 자세한 내용은 공고문을 참고 바랍니다."
부산,부산광역시,화물,"*일반: 접수순(초과시 출고등록순)
*우선: 출고등록순","731
 (0)
 (731)",,,,"778
 (43)
 (735)",,,,,,"759
 (43)
 (716)",,"0
 (0)
 (0)","ㅇ 추가보급 대수
   ※ 보급대수는 보급여건 및 예산범위 내에서 변동될 수 있음
   ▷ 승용차(350대) : 민간 240대, 사회복지재단 110대
   ▷ 화물차(350대) : 공공 9대, 민간 341대
 ㅇ 신청기간 : 2020.10.15.(목) ~ 2020. 12. 4.(금)
    - 보조금 지원신청은 2020.12.04.(금)까지 출고등록하고 보조금 신청이 가능한 자
     (우리 시에 신청서 원본서류 도착 일 포함)  
    -  대기자 173대(2월 신청자) : 신청 필요 없음, `20. 10. 15.(목) 일괄 접수승인
 ※ 자세한 내용은 공고문을 참고 바랍니다."
부산,부산광역시,승합,"*일반: 출고등록순
*우선: 출고등록순","60
 (0)
 (60)",,,,"60
 (0)
 (60)",,,,,,"60
 (0)
 (60)",,"0
 (0)
 (0)","ㅇ 추가보급 대수
   ※ 보급대수는 보급여건 및 예산범위 내에서 변동될 수 있음
   ▷ 승용차(350대) : 민간 240대, 사회복지재단 110대
   ▷ 화물차(350대) : 공공 9대, 민간 341대
 ㅇ 신청기간 : 2020.10.15.(목) ~ 2020. 12. 4.(금)
    - 보조금 지원신청은 2020.12.04.(금)까지 출고등록하고 보조금 신청이 가능한 자
     (우리 시에 신청서 원본서류 도착 일 포함)  
    -  대기자 173대(2월 신청자) : 신청 필요 없음, `20. 10. 15.(목) 일괄 접수승인
 ※ 자세한 내용은 공고문을 참고 바랍니다."
대구,대구광역시,승용,"*일반: 출고등록순
*우선: -","909
 (0)
 (909)",,,,"951
 (40)
 (911)",,,,,,"935
 (40)
 (895)",,"0
 (0)
 (0)","▣ 2020년 전기자동차 민간보급사업 변경공고▣ 
ㅇ보급수량: 1,918대(승용차 989, 화물차929)
   ※우선보급 383대(20%)
ㅇ보급기간: 4.13.(목) 09:00 ~12.21.(월) 18:00까지 신청을 받으며,
신청자에 한하여 출고·등록순으로 보조금 지원
※ 기타 자세한 사항은 붙임 공고문 참조"
대구,대구광역시,화물,,"729
 (0)
 (729)",,,,"822
 (25)
 (797)",,,,,,"729
 (25)
 (704)",,"0
 (0)
 (0)","▣ 2020년 전기자동차 민간보급사업 변경공고▣ 
ㅇ보급수량: 1,918대(승용차 989, 화물차929)
   ※우선보급 383대(20%)
ㅇ보급기간: 4.13.(목) 09:00 ~12.21.(월) 18:00까지 신청을 받으며,
신청자에 한하여 출고·등록순으로 보조금 지원
※ 기타 자세한 사항은 붙임 공고문 참조"
대구,대구광역시,승합,,"40
 (0)
 (40)",,,,"97
 (0)
 (97)",,,,,,"97
 (0)
 (97)",,"0
 (0)
 (0)","▣ 2020년 전기자동차 민간보급사업 변경공고▣ 
ㅇ보급수량: 1,918대(승용차 989, 화물차929)
   ※우선보급 383대(20%)
ㅇ보급기간: 4.13.(목) 09:00 ~12.21.(월) 18:00까지 신청을 받으며,
신청자에 한하여 출고·등록순으로 보조금 지원
※ 기타 자세한 사항은 붙임 공고문 참조"
인천,인천광역시,승용,"*일반: 출고등록순
*우선: -","1759
 (0)
 (1759)",,,,"1888
 (19)
 (1869)",,,,,,"1888
 (19)
 (1869)",,"0
 (0)
 (0)","○ 보급대수 : 승용차 1,995대, 화물차 140대 
     ※ 승용차 중 250대는 택시용 보급
  ○ 보급기간 : 2020. 2. 18. ~ 2020. 12. 30.(보급예산 소진 시 신청종료)
  ○ 지원금액 : 차종에 따라 상이                      
  ○ 신청자격
     - 구매 지원신청서 접수일 30일전부터 인천광역시에 주소를 둔 만 18세(자동차 운전면허시험 자격 최소연령) 이상 시민
     - 접수일 전일 현재 관내 사업장(본사, 지사, 공장, 자동차 대여사업소 등)이 위치한 기업(법인), 단체
       ※ 사업자등록증 또는 등기부등본을 통한 사업장 소재 확인
     - 접수일 전일 현재 관내 위치한 공공기관 등(중앙행정기관 제외, 국비만 지원)
  ○ 전기자동차 보급기준 : 최초 등록 사용본거지 인천광역시인 경우 지원
     - 시민 개인 1대(개인사업자인 경우 5대 이내)
     - 법인 및 공공기관(대여사업자 포함) : 최대 50대 이내(화물차는 최대 20대 이내)"
인천,인천광역시,화물,,"368
 (0)
 (368)",,,,"369
 (4)
 (365)",,,,,,"369
 (4)
 (365)",,"0
 (0)
 (0)","○ 보급대수 : 승용차 1,995대, 화물차 140대 
     ※ 승용차 중 250대는 택시용 보급
  ○ 보급기간 : 2020. 2. 18. ~ 2020. 12. 30.(보급예산 소진 시 신청종료)
  ○ 지원금액 : 차종에 따라 상이                      
  ○ 신청자격
     - 구매 지원신청서 접수일 30일전부터 인천광역시에 주소를 둔 만 18세(자동차 운전면허시험 자격 최소연령) 이상 시민
     - 접수일 전일 현재 관내 사업장(본사, 지사, 공장, 자동차 대여사업소 등)이 위치한 기업(법인), 단체
       ※ 사업자등록증 또는 등기부등본을 통한 사업장 소재 확인
     - 접수일 전일 현재 관내 위치한 공공기관 등(중앙행정기관 제외, 국비만 지원)
  ○ 전기자동차 보급기준 : 최초 등록 사용본거지 인천광역시인 경우 지원
     - 시민 개인 1대(개인사업자인 경우 5대 이내)
     - 법인 및 공공기관(대여사업자 포함) : 최대 50대 이내(화물차는 최대 20대 이내)"
광주,광주광역시,승용,"*일반: 출고등록순
*우선: -","503
 (0)
 (503)",,,,"507
 (31)
 (476)",,,,,,"507
 (31)
 (476)",,"0
 (0)
 (0)",
광주,광주광역시,화물,,"180
 (0)
 (180)",,,,"179
 (23)
 (156)",,,,,,"179
 (23)
 (156)",,"1
 (0)
 (1)",
광주,광주광역시,승합,,"57
 (0)
 (57)",,,,"4
 (0)
 (4)",,,,,,"4
 (0)
 (4)",,"53
 (0)
 (53)",
대전,대전광역시,승용,"*일반: 출고등록순
*우선: 출고등록순","1227
 (0)
 (1227)",,,,"1291
 (30)
 (1261)",,,,,,"1291
 (30)
 (1261)",,"0
 (0)
 (0)","※ 대전시 20년 전기차 보급사업 마감되었으며, 
     21년 사업은 2월 중 공고 예정입니다. ※"
대전,대전광역시,화물,"*일반: 출고등록순
*우선: 출고등록순","666
 (0)
 (666)",,,,"665
 (28)
 (637)",,,,,,"665
 (28)
 (637)",,"1
 (0)
 (1)","※ 대전시 20년 전기차 보급사업 마감되었으며, 
     21년 사업은 2월 중 공고 예정입니다. ※"
울산,울산광역시,승용,"*일반: 출고등록순
*우선: -","641
 (0)
 (641)",,,,"647
 (37)
 (610)",,,,,,"647
 (37)
 (610)",,"0
 (0)
 (0)",2020년 전기자동차 보급사업  마감
울산,울산광역시,화물,"*일반: 출고등록순
*우선: -","163
 (0)
 (163)",,,,"170
 (20)
 (150)",,,,,,"170
 (20)
 (150)",,"0
 (0)
 (0)",2020년 전기자동차 보급사업  마감
세종,세종특별자치시,승용,"*일반: 출고등록순
*우선: -","100
 (0)
 (100)",,,,"109
 (21)
 (88)",,,,,,"100
 (20)
 (80)",,"0
 (0)
 (0)","세종특별자치시 총괄현황(2020. 9. 10. 기준)
보 급 대 수 일반80명/우선배정20명
대상자확정(출고완료)/  일반 80명 우선배정20명

잔여대수 : 없음"
경기,수원시,승용,"*일반: 출고등록순
*우선: 출고등록순","460
 (0)
 (460)",,,,"459
 (106)
 (353)",,,,,,"459
 (106)
 (353)",,"1
 (0)
 (1)","전기승용차 마감
전기화물차 마감되었습니다.
(신청순서대로 자격부여 문자발송예정 7일이내)
*자세한 사항은 공고문 참고하시기 바랍니다.
* 보조금 지급은 지급신청후 1개월이상 소요될 수 있습니다."
경기,수원시,화물,,"30
 (0)
 (30)",,,,"152
 (28)
 (124)",,,,,,"98
 (27)
 (71)",,"0
 (0)
 (0)","전기승용차 마감
전기화물차 마감되었습니다.
(신청순서대로 자격부여 문자발송예정 7일이내)
*자세한 사항은 공고문 참고하시기 바랍니다.
* 보조금 지급은 지급신청후 1개월이상 소요될 수 있습니다."
경기,수원시,승합,"*일반: -
*우선: 접수순","32
 (3)
 (29)",,,,"104
 (6)
 (98)",,,,,,"104
 (6)
 (98)",,"0
 (0)
 (0)","전기승용차 마감
전기화물차 마감되었습니다.
(신청순서대로 자격부여 문자발송예정 7일이내)
*자세한 사항은 공고문 참고하시기 바랍니다.
* 보조금 지급은 지급신청후 1개월이상 소요될 수 있습니다."
경기,성남시,승용,"*일반: 출고등록순
*우선: 출고등록순","463
 (93)
 (370)",,,,"475
 (64)
 (411)",,,,,,"475
 (64)
 (411)",,"0
 (29)
 (0)","○전기승용차(초소형 포함) 신청 마감 (2020. 9. 29.)- 2020년 사업 종료
○전기화물 추가 신청 (39대) 2020. 11. 12.(목) 오전9시 8분 마감되었습니다."
경기,성남시,화물,"*일반: 출고등록순
*우선: 출고등록순","78
 (0)
 (78)",,,,"69
 (10)
 (59)",,,,,,"69
 (10)
 (59)",,"9
 (0)
 (9)","○전기승용차(초소형 포함) 신청 마감 (2020. 9. 29.)- 2020년 사업 종료
○전기화물 추가 신청 (39대) 2020. 11. 12.(목) 오전9시 8분 마감되었습니다."
경기,의정부시,승용,"*일반: 접수순
*우선: -","197
 (0)
 (197)",,,,"122
 (7)
 (115)",,,,,,"122
 (7)
 (115)",,"75
 (0)
 (75)",
경기,의정부시,화물,,"30
 (0)
 (30)",,,,"69
 (10)
 (59)",,,,,,"69
 (10)
 (59)",,"0
 (0)
 (0)",
경기,안양시,승용,"*일반: 출고등록순
*우선: -","196
 (0)
 (196)",,,,"204
 (12)
 (192)",,,,,,"203
 (12)
 (191)",,"0
 (0)
 (0)","○승용, 초소형 (총 196대) : 접수 중
○화물(24대) : 대상자 확정 마감
*전기화물차 추가(53대) 10월 5일 09시부터 신청접수"
경기,안양시,화물,,"77
 (0)
 (77)",,,,"87
 (9)
 (78)",,,,,,"77
 (8)
 (69)",,"0
 (0)
 (0)","○승용, 초소형 (총 196대) : 접수 중
○화물(24대) : 대상자 확정 마감
*전기화물차 추가(53대) 10월 5일 09시부터 신청접수"
경기,안양시,승합,,"19
 (0)
 (19)",,,,"19
 (19)
 (0)",,,,,,"19
 (19)
 (0)",,"0
 (0)
 (0)","○승용, 초소형 (총 196대) : 접수 중
○화물(24대) : 대상자 확정 마감
*전기화물차 추가(53대) 10월 5일 09시부터 신청접수"
경기,부천시,승용,"*일반: 출고등록순
*우선: -","217
 (0)
 (217)",,,,"194
 (6)
 (188)",,,,,,"194
 (6)
 (188)",,"23
 (0)
 (23)","ㅇ 출고등록순 지급(출고등록 및 보조금지급신청 10일전 지원가능여부확인 요청-&gt; 대상자 확정된 순으로 대상자 확정되며 대상확정일로 부터 10일 내 지급신청 없을 시 직권취소 가능)
ㅇ 전기화물차 마감"
경기,부천시,화물,,"20
 (0)
 (20)",,,,"20
 (0)
 (20)",,,,,,"20
 (0)
 (20)",,"0
 (0)
 (0)","ㅇ 출고등록순 지급(출고등록 및 보조금지급신청 10일전 지원가능여부확인 요청-&gt; 대상자 확정된 순으로 대상자 확정되며 대상확정일로 부터 10일 내 지급신청 없을 시 직권취소 가능)
ㅇ 전기화물차 마감"
경기,부천시,승합,,"18
 (0)
 (18)",,,,"19
 (0)
 (19)",,,,,,"19
 (0)
 (19)",,"0
 (0)
 (0)","ㅇ 출고등록순 지급(출고등록 및 보조금지급신청 10일전 지원가능여부확인 요청-&gt; 대상자 확정된 순으로 대상자 확정되며 대상확정일로 부터 10일 내 지급신청 없을 시 직권취소 가능)
ㅇ 전기화물차 마감"
경기,광명시,승용,"*일반: 출고등록순
*우선: -","98
 (0)
 (98)",,,,"67
 (5)
 (62)",,,,,,"67
 (5)
 (62)",,"31
 (0)
 (31)",
경기,광명시,화물,"*일반: 접수순
*우선: -","197
 (0)
 (197)",,,,"98
 (1)
 (97)",,,,,,"98
 (1)
 (97)",,"99
 (0)
 (99)",
경기,광명시,승합,"*일반: 접수순
*우선: 경유버스 폐차 후 전기버스 구매 시","38
 (0)
 (38)",,,,"38
 (30)
 (8)",,,,,,"5
 (0)
 (5)",,"33
 (0)
 (33)",
경기,평택시,승용,"*일반: 출고등록순
*우선: -","150
 (0)
 (150)",,,,"151
 (7)
 (144)",,,,,,"150
 (7)
 (143)",,"0
 (0)
 (0)",
경기,평택시,화물,"*일반: 출고등록순
*우선: -","144
 (10)
 (134)",,,,"246
 (35)
 (211)",,,,,,"144
 (30)
 (114)",,"0
 (0)
 (0)",
경기,동두천시,승용,"*일반: 출고등록순
*우선: -","28
 (0)
 (28)",,,,"25
 (3)
 (22)",,,,,,"25
 (3)
 (22)",,"3
 (0)
 (3)",
경기,동두천시,화물,"*일반: 출고등록순
*우선: -","40
 (0)
 (40)",,,,"40
 (1)
 (39)",,,,,,"40
 (1)
 (39)",,"0
 (0)
 (0)",
경기,안산시,승용,"*일반: 출고등록순
*우선: -","248
 (0)
 (248)",,,,"250
 (4)
 (246)",,,,,,"250
 (4)
 (246)",,"0
 (0)
 (0)","ㅇ 승용 : 대상자 확정 완료
ㅇ 화물 : 추가 보급 대상자 선정 완료"
경기,안산시,화물,,"52
 (0)
 (52)",,,,"52
 (5)
 (47)",,,,,,"52
 (5)
 (47)",,"0
 (0)
 (0)","ㅇ 승용 : 대상자 확정 완료
ㅇ 화물 : 추가 보급 대상자 선정 완료"
경기,안산시,승합,,"13
 (0)
 (13)",,,,"13
 (13)
 (0)",,,,,,"13
 (13)
 (0)",,"0
 (0)
 (0)","ㅇ 승용 : 대상자 확정 완료
ㅇ 화물 : 추가 보급 대상자 선정 완료"
경기,고양시,승용,"*일반: 승용(출고등록순), 화물(선착순)
*우선: -","345
 (66)
 (279)",,,,"349
 (45)
 (304)",,,,,,"349
 (45)
 (304)",,"0
 (21)
 (0)","○ 전기자동차(승용,초소형) : 일반대상 접수마감, 우선순위대상 접수마감
○ 전기자동차(화물)
  - 접수기간 : 92대(10.12.~ 예산소진시까지) / 접수마감
  - 초소형 화물 1대 접수 중"
경기,고양시,화물,,"249
 (0)
 (249)",,,,"142
 (14)
 (128)",,,,,,"142
 (14)
 (128)",,"107
 (0)
 (107)","○ 전기자동차(승용,초소형) : 일반대상 접수마감, 우선순위대상 접수마감
○ 전기자동차(화물)
  - 접수기간 : 92대(10.12.~ 예산소진시까지) / 접수마감
  - 초소형 화물 1대 접수 중"
경기,고양시,승합,,"70
 (0)
 (70)",,,,"58
 (0)
 (58)",,,,,,"58
 (0)
 (58)",,"12
 (0)
 (12)","○ 전기자동차(승용,초소형) : 일반대상 접수마감, 우선순위대상 접수마감
○ 전기자동차(화물)
  - 접수기간 : 92대(10.12.~ 예산소진시까지) / 접수마감
  - 초소형 화물 1대 접수 중"
경기,과천시,승용,"*일반: 출고등록순
*우선: -","49
 (0)
 (49)",,,,"37
 (2)
 (35)",,,,,,"37
 (2)
 (35)",,"12
 (0)
 (12)",20년 전기자동차 보조금 사업 마감
경기,과천시,화물,"*일반: 출고등록순
*우선: -","23
 (0)
 (23)",,,,"18
 (0)
 (18)",,,,,,"18
 (0)
 (18)",,"5
 (0)
 (5)",20년 전기자동차 보조금 사업 마감
경기,구리시,승용,"*일반: 접수순
*우선: -","60
 (0)
 (60)",,,,"51
 (4)
 (47)",,,,,,"51
 (4)
 (47)",,"9
 (0)
 (9)",
경기,구리시,화물,,"18
 (0)
 (18)",,,,"26
 (2)
 (24)",,,,,,"18
 (2)
 (16)",,"0
 (0)
 (0)",
경기,남양주시,승용,"*일반: 출고등록순
*우선: -","287
 (0)
 (287)",,,,"290
 (20)
 (270)",,,,,,"290
 (20)
 (270)",,"0
 (0)
 (0)","전기승용(초소형포함) 287대
전기화물 58대"
경기,남양주시,화물,"*일반: 접수순
*우선: -","58
 (0)
 (58)",,,,"58
 (10)
 (48)",,,,,,"58
 (10)
 (48)",,"0
 (0)
 (0)","전기승용(초소형포함) 287대
전기화물 58대"
경기,오산시,승용,"*일반: 출고등록순
*우선: -","73
 (15)
 (58)",,,,"75
 (6)
 (69)",,,,,,"73
 (6)
 (67)",,"0
 (9)
 (0)",* 승용차 접수중
경기,오산시,화물,,"18
 (0)
 (18)",,,,"43
 (2)
 (41)",,,,,,"23
 (1)
 (22)",,"0
 (0)
 (0)",* 승용차 접수중
경기,오산시,승합,,"6
 (0)
 (6)",,,,"6
 (6)
 (0)",,,,,,"6
 (6)
 (0)",,"0
 (0)
 (0)",* 승용차 접수중
경기,시흥시,승용,"*일반: 접수순(초과시 출고등록순)
*우선: -","31
 (0)
 (31)",,,,"156
 (6)
 (150)",,,,,,"156
 (6)
 (150)",,"0
 (0)
 (0)",
경기,시흥시,화물,,"29
 (0)
 (29)",,,,"36
 (0)
 (36)",,,,,,"36
 (0)
 (36)",,"0
 (0)
 (0)",
경기,군포시,승용,"*일반: 접수순
*우선: -","81
 (0)
 (81)",,,,"77
 (3)
 (74)",,,,,,"77
 (3)
 (74)",,"4
 (0)
 (4)",
경기,군포시,화물,"*일반: 접수순
*우선: -","38
 (1)
 (37)",,,,"38
 (1)
 (37)",,,,,,"38
 (1)
 (37)",,"0
 (0)
 (0)",
경기,의왕시,승용,"*일반: 출고등록순
*우선: 출고등록순","92
 (0)
 (92)",,,,"88
 (7)
 (81)",,,,,,"88
 (7)
 (81)",,"4
 (0)
 (4)","2020. 2. 17.(월) 공고문수정
 - 제출서류: 주민등록등본 추가, 우선순위대상 제출서류 명시
※ 예산 범위내 지원대수 조정 가능

2020. 5. 25.(월) 전기화물차 접수 마감

2020. 8. 25.(화) 전기자동차, 전기화물차 2차 공고 게시
2020. 9. 1.(화) 09:00 전기자동차, 전기화물차 추가접수
2020. 9. 25.(금) 전기화물차 접수 마감"
경기,의왕시,화물,"*일반: 출고등록순
*우선: 출고등록순","43
 (3)
 (40)",,,,"43
 (3)
 (40)",,,,,,"43
 (3)
 (40)",,"0
 (0)
 (0)","2020. 2. 17.(월) 공고문수정
 - 제출서류: 주민등록등본 추가, 우선순위대상 제출서류 명시
※ 예산 범위내 지원대수 조정 가능

2020. 5. 25.(월) 전기화물차 접수 마감

2020. 8. 25.(화) 전기자동차, 전기화물차 2차 공고 게시
2020. 9. 1.(화) 09:00 전기자동차, 전기화물차 추가접수
2020. 9. 25.(금) 전기화물차 접수 마감"
경기,하남시,승용,"*일반: 출고등록순
*우선: -","104
 (20)
 (84)",,,,"109
 (17)
 (92)",,,,,,"105
 (17)
 (88)",,"0
 (3)
 (0)","○ 전기자동차 접수 마감
○ 전기화물차 접수마감"
경기,하남시,화물,"*일반: 출고등록순
*우선: -","34
 (0)
 (34)",,,,"64
 (4)
 (60)",,,,,,"34
 (3)
 (31)",,"0
 (0)
 (0)","○ 전기자동차 접수 마감
○ 전기화물차 접수마감"
경기,하남시,승합,,"3
 (0)
 (3)",,,,"5
 (0)
 (5)",,,,,,"4
 (0)
 (4)",,"0
 (0)
 (0)","○ 전기자동차 접수 마감
○ 전기화물차 접수마감"
경기,용인시,승용,"*일반: 출고등록순
*우선: -","401
 (0)
 (401)",,,,"502
 (89)
 (413)",,,,,,"502
 (89)
 (413)",,"0
 (0)
 (0)","전기승용차 마감
전기 초소형 접수중
전기화물차 마감"
경기,용인시,화물,"*일반: 출고등록순
*우선: -","20
 (0)
 (20)",,,,"73
 (1)
 (72)",,,,,,"73
 (1)
 (72)",,"0
 (0)
 (0)","전기승용차 마감
전기 초소형 접수중
전기화물차 마감"
경기,파주시,승용,"*일반: 접수순
*우선: -","158
 (0)
 (158)",,,,"167
 (1)
 (166)",,,,,,"167
 (1)
 (166)",,"0
 (0)
 (0)",전기화물차 추가 73대 신청 마감(2020.09.14. 10:30)
경기,파주시,화물,"*일반: 접수순
*우선: -","93
 (0)
 (93)",,,,"92
 (3)
 (89)",,,,,,"92
 (3)
 (89)",,"1
 (0)
 (1)",전기화물차 추가 73대 신청 마감(2020.09.14. 10:30)
경기,파주시,승합,"*일반: 수요조사
*우선: -","7
 (0)
 (7)",,,,"10
 (0)
 (10)",,,,,,"10
 (0)
 (10)",,"0
 (0)
 (0)",전기화물차 추가 73대 신청 마감(2020.09.14. 10:30)
경기,이천시,승용,"*일반: 접수순
*우선: -","71
 (16)
 (55)",,,,"72
 (5)
 (67)",,,,,,"72
 (5)
 (67)",,"0
 (11)
 (0)",
경기,이천시,화물,"*일반: 출고등록순
*우선: -","43
 (0)
 (43)",,,,"42
 (2)
 (40)",,,,,,"42
 (2)
 (40)",,"1
 (0)
 (1)",
경기,안성시,승용,"*일반: 출고등록순
*우선: -","53
 (0)
 (53)",,,,"54
 (2)
 (52)",,,,,,"54
 (2)
 (52)",,"0
 (0)
 (0)",○2020년도 전기자동차 지원사업 마감(20.10.06)
경기,안성시,화물,"*일반: 출고등록순
*우선: -","52
 (0)
 (52)",,,,"52
 (0)
 (52)",,,,,,"52
 (0)
 (52)",,"0
 (0)
 (0)",○2020년도 전기자동차 지원사업 마감(20.10.06)
경기,김포시,승용,"*일반: 승용(출고등록순), 화물(선착순접수)
*우선: -","298
 (0)
 (298)",,,,"302
 (4)
 (298)",,,,,,"301
 (4)
 (297)",,"0
 (0)
 (0)","&lt;2020년 상반기&gt;
○ 보급대수 : 298대(승용), 화물 30대(보급완료) 
○ 사업기간 : 2020. 3. 2.(월) 09:00 ~ 예산 소진 시까지
    ※ 잔여물량이 있을 경우 사업 종료 공고 시까지 한함
 ○ 대상자 선정
   - 승용:출고등록순
    ※ 세부사항 공고문 확인
&lt;2020년 하반기 추가물량&gt;
○ 보급대수 :  화물 33대
○ 사업기간 : 2020. 10. 6.(화) 09:00 ~ 예산 소진 시까지
    ※ 잔여물량이 있을 경우 사업 종료 공고 시까지 한함
 ○ 대상자 선정
   - 화물:접수순(선착순)
    ※ 세부사항 공고문 확인"
경기,김포시,화물,"*일반: 접수순
*우선: -","63
 (0)
 (63)",,,,"130
 (1)
 (129)",,,,,,"63
 (0)
 (63)",,"0
 (0)
 (0)","&lt;2020년 상반기&gt;
○ 보급대수 : 298대(승용), 화물 30대(보급완료) 
○ 사업기간 : 2020. 3. 2.(월) 09:00 ~ 예산 소진 시까지
    ※ 잔여물량이 있을 경우 사업 종료 공고 시까지 한함
 ○ 대상자 선정
   - 승용:출고등록순
    ※ 세부사항 공고문 확인
&lt;2020년 하반기 추가물량&gt;
○ 보급대수 :  화물 33대
○ 사업기간 : 2020. 10. 6.(화) 09:00 ~ 예산 소진 시까지
    ※ 잔여물량이 있을 경우 사업 종료 공고 시까지 한함
 ○ 대상자 선정
   - 화물:접수순(선착순)
    ※ 세부사항 공고문 확인"
경기,김포시,승합,,"29
 (0)
 (29)",,,,"54
 (0)
 (54)",,,,,,"33
 (0)
 (33)",,"0
 (0)
 (0)","&lt;2020년 상반기&gt;
○ 보급대수 : 298대(승용), 화물 30대(보급완료) 
○ 사업기간 : 2020. 3. 2.(월) 09:00 ~ 예산 소진 시까지
    ※ 잔여물량이 있을 경우 사업 종료 공고 시까지 한함
 ○ 대상자 선정
   - 승용:출고등록순
    ※ 세부사항 공고문 확인
&lt;2020년 하반기 추가물량&gt;
○ 보급대수 :  화물 33대
○ 사업기간 : 2020. 10. 6.(화) 09:00 ~ 예산 소진 시까지
    ※ 잔여물량이 있을 경우 사업 종료 공고 시까지 한함
 ○ 대상자 선정
   - 화물:접수순(선착순)
    ※ 세부사항 공고문 확인"
경기,화성시,승용,"*일반: 출고등록순
*우선: -","385
 (0)
 (385)",,,,"392
 (46)
 (346)",,,,,,"392
 (46)
 (346)",,"0
 (0)
 (0)","ㅇ승용차 → 접수 마감
ㅇ화물차 → 접수 마감"
경기,화성시,화물,,"110
 (7)
 (103)",,,,"110
 (7)
 (103)",,,,,,"110
 (7)
 (103)",,"0
 (0)
 (0)","ㅇ승용차 → 접수 마감
ㅇ화물차 → 접수 마감"
경기,화성시,승합,,"1
 (1)
 (0)",,,,"1
 (1)
 (0)",,,,,,"1
 (1)
 (0)",,"0
 (0)
 (0)","ㅇ승용차 → 접수 마감
ㅇ화물차 → 접수 마감"
경기,광주시,승용,"*일반: 출고등록순
*우선: 출고등록순","160
 (0)
 (160)",,,,"159
 (7)
 (152)",,,,,,"159
 (7)
 (152)",,"1
 (0)
 (1)","2020년 전기자동차 구매지원사업 알림
전기화물차 마감(추가분도 마감)
승용만 접수 가능"
경기,광주시,화물,"*일반: 출고등록순
*우선: 출고등록순","38
 (7)
 (31)",,,,"38
 (4)
 (34)",,,,,,"38
 (4)
 (34)",,"0
 (3)
 (0)","2020년 전기자동차 구매지원사업 알림
전기화물차 마감(추가분도 마감)
승용만 접수 가능"
경기,양주시,승용,"*일반: 출고등록순
*우선: -","100
 (0)
 (100)",,,,"94
 (2)
 (92)",,,,,,"94
 (2)
 (92)",,"6
 (0)
 (6)","○전기승용.초소형 마감
○전기화물 마감"
경기,양주시,화물,"*일반: 출고등록순
*우선: -","83
 (0)
 (83)",,,,"83
 (8)
 (75)",,,,,,"83
 (8)
 (75)",,"0
 (0)
 (0)","○전기승용.초소형 마감
○전기화물 마감"
경기,양주시,승합,,"10
 (0)
 (10)",,,,"10
 (0)
 (10)",,,,,,"10
 (0)
 (10)",,"0
 (0)
 (0)","○전기승용.초소형 마감
○전기화물 마감"
경기,포천시,승용,"*일반: 출고등록순
*우선: -","48
 (0)
 (48)",,,,"50
 (6)
 (44)",,,,,,"49
 (6)
 (43)",,"0
 (0)
 (0)","전기승용차 : 48대
전기화물차 : 4대
우선순위대상 물량 : 11대
-----------------------------------
하반기 (추가)보급사업
전기화물차 : 9대"
경기,포천시,화물,"*일반: 접수순
*우선: -","13
 (0)
 (13)",,,,"28
 (2)
 (26)",,,,,,"13
 (2)
 (11)",,"0
 (0)
 (0)","전기승용차 : 48대
전기화물차 : 4대
우선순위대상 물량 : 11대
-----------------------------------
하반기 (추가)보급사업
전기화물차 : 9대"
경기,여주시,승용,"*일반: 접수순
*우선: -","41
 (0)
 (41)",,,,"44
 (0)
 (44)",,,,,,"44
 (0)
 (44)",,"0
 (0)
 (0)","신청순  : 승용, 화물"
경기,여주시,화물,,"62
 (2)
 (60)",,,,"63
 (2)
 (61)",,,,,,"63
 (2)
 (61)",,"0
 (0)
 (0)","신청순  : 승용, 화물"
경기,연천군,승용,"*일반: 접수순
*우선: -","20
 (0)
 (20)",,,,"22
 (2)
 (20)",,,,,,"22
 (2)
 (20)",,"0
 (0)
 (0)",
경기,연천군,화물,"*일반: 접수순
*우선: -","23
 (0)
 (23)",,,,"24
 (0)
 (24)",,,,,,"24
 (0)
 (24)",,"0
 (0)
 (0)",
경기,가평군,전체,"*일반: 접수순
*우선: 접수순","70
 (4)
 (66)",,,,"44
 (5)
 (39)",,,,,,"44
 (5)
 (39)",,"26
 (0)
 (26)",
경기,양평군,승용,"*일반: 출고등록순
*우선: 출고등록순","99
 (0)
 (99)",,,,"95
 (6)
 (89)",,,,,,"95
 (6)
 (89)",,"4
 (0)
 (4)","전기승용 100대(우선 20대) - 신청가능
전기화물     4대 - 지급완료
-----------------------------------------------
2020년 10월 6일 09:00 부
전기화물 소형기준 13대 추가공고
-----------------------------------------------
2020년 10월 6일 기준 전기화물 접수 완료
-----------------------------------------------
2020년 12월 11일 기준 전기승용 담당자 통화 후(031-770-2257) 지원가능"
경기,양평군,화물,"*일반: 출고등록순
*우선: 출고등록순","17
 (0)
 (17)",,,,"31
 (1)
 (30)",,,,,,"17
 (1)
 (16)",,"0
 (0)
 (0)","전기승용 100대(우선 20대) - 신청가능
전기화물     4대 - 지급완료
-----------------------------------------------
2020년 10월 6일 09:00 부
전기화물 소형기준 13대 추가공고
-----------------------------------------------
2020년 10월 6일 기준 전기화물 접수 완료
-----------------------------------------------
2020년 12월 11일 기준 전기승용 담당자 통화 후(031-770-2257) 지원가능"
강원,춘천시,승용,"*일반: 출고등록순
*우선: -","554
 (0)
 (554)",,,,"290
 (10)
 (280)",,,,,,"290
 (10)
 (280)",,"264
 (0)
 (264)","&lt;1&gt; 전기승용차: 총 554대 ---&gt; 360대
- 차량출고예정일 20일 이내 확정 가능할 것

&lt;2&gt;전기화물차: 총 10대  ---&gt; 233대
- 차량출고예정일 20일 이내 확정 가능할 것

&lt;3&gt;전기버스: 총 4대 
- 차량출고예정일 3개월 이내 확정 가능할 것"
강원,춘천시,화물,,"10
 (0)
 (10)",,,,"313
 (3)
 (310)",,,,,,"313
 (3)
 (310)",,"0
 (0)
 (0)","&lt;1&gt; 전기승용차: 총 554대 ---&gt; 360대
- 차량출고예정일 20일 이내 확정 가능할 것

&lt;2&gt;전기화물차: 총 10대  ---&gt; 233대
- 차량출고예정일 20일 이내 확정 가능할 것

&lt;3&gt;전기버스: 총 4대 
- 차량출고예정일 3개월 이내 확정 가능할 것"
강원,춘천시,승합,,"2
 (0)
 (2)",,,,"4
 (0)
 (4)",,,,,,"4
 (0)
 (4)",,"0
 (0)
 (0)","&lt;1&gt; 전기승용차: 총 554대 ---&gt; 360대
- 차량출고예정일 20일 이내 확정 가능할 것

&lt;2&gt;전기화물차: 총 10대  ---&gt; 233대
- 차량출고예정일 20일 이내 확정 가능할 것

&lt;3&gt;전기버스: 총 4대 
- 차량출고예정일 3개월 이내 확정 가능할 것"
강원,원주시,승용,"*일반: 접수순
*우선: -","163
 (0)
 (163)",,,,"164
 (2)
 (162)",,,,,,"164
 (2)
 (162)",,"0
 (0)
 (0)","보급대수 : 212대
   - 승용 : 171대(당초) → 159대(조정)  
   - 화물 : 41대(당초) → 46대(조정) (※ 5대 증가) 

* 안내 *
전기 화물차 배정물량이 초과되어 접수마감합니다.
(1순위 접수자 신청번호는 231번입니다. 접수순위산정에 참고하시기 바랍니다.)"
강원,원주시,화물,"*일반: 접수순
*우선: -","46
 (0)
 (46)",,,,"47
 (0)
 (47)",,,,,,"47
 (0)
 (47)",,"0
 (0)
 (0)","보급대수 : 212대
   - 승용 : 171대(당초) → 159대(조정)  
   - 화물 : 41대(당초) → 46대(조정) (※ 5대 증가) 

* 안내 *
전기 화물차 배정물량이 초과되어 접수마감합니다.
(1순위 접수자 신청번호는 231번입니다. 접수순위산정에 참고하시기 바랍니다.)"
강원,강릉시,승용,"*일반: 접수순
*우선: 접수순(초과시 출고등록순)","150
 (0)
 (150)",,,,"138
 (7)
 (131)",,,,,,"138
 (7)
 (131)",,"12
 (0)
 (12)",
강원,강릉시,화물,"*일반: 접수순
*우선: 접수순(초과시 출고등록순)","104
 (0)
 (104)",,,,"104
 (3)
 (101)",,,,,,"104
 (3)
 (101)",,"0
 (0)
 (0)",
강원,강릉시,승합,"*일반: 접수순
*우선: 접수순(초과시 출고등록순)","4
 (0)
 (4)",,,,"4
 (0)
 (4)",,,,,,"4
 (0)
 (4)",,"0
 (0)
 (0)",
강원,동해시,승용,"*일반: 접수순
*우선: -","20
 (4)
 (16)",,,,"19
 (1)
 (18)",,,,,,"19
 (1)
 (18)",,"1
 (3)
 (0)","전기승용차 총 20대
- 보조금 우선순위적용 보급: 4대
- 보조금 일반 보급: 16대
*전기택시의 경우 최대 8,200천원 범위 안에서 국비 2,000천원 추가 지원
*차상위 이하 계층이 구매 시에는 최대 9,000천원 범위 안에서 국비 지원액의 10% 추가 지원"
강원,동해시,화물,,"5
 (0)
 (5)",,,,"5
 (0)
 (5)",,,,,,"5
 (0)
 (5)",,"0
 (0)
 (0)","전기승용차 총 20대
- 보조금 우선순위적용 보급: 4대
- 보조금 일반 보급: 16대
*전기택시의 경우 최대 8,200천원 범위 안에서 국비 2,000천원 추가 지원
*차상위 이하 계층이 구매 시에는 최대 9,000천원 범위 안에서 국비 지원액의 10% 추가 지원"
강원,태백시,승용,"*일반: 출고등록순
*우선: -","14
 (0)
 (14)",,,,"12
 (1)
 (11)",,,,,,"12
 (1)
 (11)",,"2
 (0)
 (2)",
강원,태백시,화물,,"8
 (0)
 (8)",,,,"15
 (0)
 (15)",,,,,,"14
 (0)
 (14)",,"0
 (0)
 (0)",
강원,속초시,승용,"*일반: 출고등록순
*우선: -","30
 (0)
 (30)",,,,"22
 (3)
 (19)",,,,,,"22
 (3)
 (19)",,"8
 (0)
 (8)",
강원,속초시,화물,"*일반: 출고등록순
*우선: -","45
 (0)
 (45)",,,,"30
 (0)
 (30)",,,,,,"30
 (0)
 (30)",,"15
 (0)
 (15)",
강원,속초시,승합,"*일반: 출고등록순
*우선: -","3
 (0)
 (3)",,,,"3
 (0)
 (3)",,,,,,"3
 (0)
 (3)",,"0
 (0)
 (0)",
강원,삼척시,승용,"*일반: 접수순
*우선: 접수순","39
 (8)
 (31)",,,,"38
 (1)
 (37)",,,,,,"38
 (1)
 (37)",,"1
 (7)
 (0)","※ 2020년 보급계획 : 77대(승용 39대, 화물(소형) 36대, 승합(대형) 2대)


&lt;본공고&gt;

○ 보급대수 : 58대(승용 37대, 화물(소형) 21대) → 보급완료
○ 신청기간 : 2020. 2. 27.(목) ~ 2020. 11. 30.(월)
-------------------------------------------------------------------
&lt;추가공고&gt; 2020. 12. 08.

○ 추가 보급대수 : 17대(승용2대, 화물(소형) 15대 )
○ 신청기간 : 2020. 12. 10.(목) ~ 2020. 12. 18.(금)
→ 신청접수 완료로 조기마감"
강원,삼척시,화물,"*일반: 접수순
*우선: 접수순","36
 (5)
 (31)",,,,"36
 (1)
 (35)",,,,,,"36
 (1)
 (35)",,"0
 (4)
 (0)","※ 2020년 보급계획 : 77대(승용 39대, 화물(소형) 36대, 승합(대형) 2대)


&lt;본공고&gt;

○ 보급대수 : 58대(승용 37대, 화물(소형) 21대) → 보급완료
○ 신청기간 : 2020. 2. 27.(목) ~ 2020. 11. 30.(월)
-------------------------------------------------------------------
&lt;추가공고&gt; 2020. 12. 08.

○ 추가 보급대수 : 17대(승용2대, 화물(소형) 15대 )
○ 신청기간 : 2020. 12. 10.(목) ~ 2020. 12. 18.(금)
→ 신청접수 완료로 조기마감"
강원,삼척시,승합,,"2
 (0)
 (2)",,,,"2
 (0)
 (2)",,,,,,"2
 (0)
 (2)",,"0
 (0)
 (0)","※ 2020년 보급계획 : 77대(승용 39대, 화물(소형) 36대, 승합(대형) 2대)


&lt;본공고&gt;

○ 보급대수 : 58대(승용 37대, 화물(소형) 21대) → 보급완료
○ 신청기간 : 2020. 2. 27.(목) ~ 2020. 11. 30.(월)
-------------------------------------------------------------------
&lt;추가공고&gt; 2020. 12. 08.

○ 추가 보급대수 : 17대(승용2대, 화물(소형) 15대 )
○ 신청기간 : 2020. 12. 10.(목) ~ 2020. 12. 18.(금)
→ 신청접수 완료로 조기마감"
강원,홍천군,승용,"*일반: 출고등록순
*우선: -","20
 (0)
 (20)",,,,"19
 (1)
 (18)",,,,,,"19
 (1)
 (18)",,"1
 (0)
 (1)","○ 보급대수 : 총 28대
    - 일반대상 : 승용20대(승용19대, 초소형1), 화물8대(소형6,초소형2)
    ※ 9.1일부터 우선순위 보급대수 물량을 일반 보급대수 물량과 통합 집행
○ 접수기간 : 2020. 3. 2.(월) ~ 예산소진 시까지

--------------------------------------------------
(추경1차)
○보급대수 : 20대(화물소형)
○접수기간 : 2020.9.21. ~ 12.31.(※예산소진 시 신청종료)"
강원,홍천군,화물,"*일반: 접수순
*우선: -","28
 (1)
 (27)",,,,"31
 (1)
 (30)",,,,,,"26
 (1)
 (25)",,"2
 (0)
 (2)","○ 보급대수 : 총 28대
    - 일반대상 : 승용20대(승용19대, 초소형1), 화물8대(소형6,초소형2)
    ※ 9.1일부터 우선순위 보급대수 물량을 일반 보급대수 물량과 통합 집행
○ 접수기간 : 2020. 3. 2.(월) ~ 예산소진 시까지

--------------------------------------------------
(추경1차)
○보급대수 : 20대(화물소형)
○접수기간 : 2020.9.21. ~ 12.31.(※예산소진 시 신청종료)"
강원,횡성군,승용,"*일반: 출고등록순
*우선: -","30
 (0)
 (30)",,,,"20
 (1)
 (19)",,,,,,"20
 (1)
 (19)",,"10
 (0)
 (10)",
강원,횡성군,화물,"*일반: 접수순
*우선: -","29
 (0)
 (29)",,,,"25
 (0)
 (25)",,,,,,"25
 (0)
 (25)",,"4
 (0)
 (4)",
강원,횡성군,승합,"*일반: 출고등록순
*우선: -","1
 (0)
 (1)",,,,"1
 (0)
 (1)",,,,,,"1
 (0)
 (1)",,"0
 (0)
 (0)",
강원,영월군,승용,"*일반: 출고등록순
*우선: -","20
 (0)
 (20)",,,,"9
 (0)
 (9)",,,,,,"9
 (0)
 (9)",,"11
 (0)
 (11)",
강원,영월군,화물,"*일반: 출고등록순
*우선: -","4
 (0)
 (4)",,,,"4
 (0)
 (4)",,,,,,"4
 (0)
 (4)",,"0
 (0)
 (0)",
강원,평창군,승용,"*일반: 접수순
*우선: -","79
 (0)
 (79)",,,,"34
 (2)
 (32)",,,,,,"34
 (2)
 (32)",,"45
 (0)
 (45)",
강원,평창군,화물,"*일반: 접수순
*우선: -","18
 (0)
 (18)",,,,"31
 (0)
 (31)",,,,,,"31
 (0)
 (31)",,"0
 (0)
 (0)",
강원,평창군,승합,"*일반: 접수순
*우선: -","2
 (0)
 (2)",,,,"2
 (0)
 (2)",,,,,,"2
 (0)
 (2)",,"0
 (0)
 (0)",
강원,정선군,승용,"*일반: 출고등록순
*우선: -","12
 (0)
 (12)",,,,"10
 (1)
 (9)",,,,,,"10
 (1)
 (9)",,"2
 (0)
 (2)",
강원,정선군,화물,,"14
 (0)
 (14)",,,,"17
 (0)
 (17)",,,,,,"17
 (0)
 (17)",,"0
 (0)
 (0)",
강원,철원군,승용,"*일반: 접수순
*우선: -","24
 (0)
 (24)",,,,"19
 (0)
 (19)",,,,,,"18
 (0)
 (18)",,"6
 (0)
 (6)","-전기승용차
보급대수 : 약 24대 (우선지원:5대, 일반:19대)
접수기간 : 2020. 3. 9. ~ 12. 24., 예산소진시까지
신청대상 : 공고일 기준 90일 전부터 연속으로 철원군에 주소를 둔 만 18세(자동차 운전면허시험 자격 최소연령) 이상 개인, 사업자 및 법인

-전기화물차 (마감)"
강원,철원군,화물,,"1
 (0)
 (1)",,,,"6
 (0)
 (6)",,,,,,"6
 (0)
 (6)",,"0
 (0)
 (0)","-전기승용차
보급대수 : 약 24대 (우선지원:5대, 일반:19대)
접수기간 : 2020. 3. 9. ~ 12. 24., 예산소진시까지
신청대상 : 공고일 기준 90일 전부터 연속으로 철원군에 주소를 둔 만 18세(자동차 운전면허시험 자격 최소연령) 이상 개인, 사업자 및 법인

-전기화물차 (마감)"
강원,화천군,승용,"*일반: 출고등록순
*우선: -","19
 (0)
 (19)",,,,"19
 (0)
 (19)",,,,,,"19
 (0)
 (19)",,"0
 (0)
 (0)",
강원,화천군,화물,,"28
 (2)
 (26)",,,,"27
 (3)
 (24)",,,,,,"27
 (3)
 (24)",,"1
 (0)
 (1)",
강원,양구군,승용,"*일반: 접수순
*우선: -","17
 (0)
 (17)",,,,"9
 (0)
 (9)",,,,,,"9
 (0)
 (9)",,"8
 (0)
 (8)","&lt;승용&gt;
- 신청기간 : 2020. 11. 9. ~ 12. 18. (예산 소진 시 조기종료)
- 지원금액 : 최대1,420만원(국비+지방비)
- 신청대상 : 신청서 접수일 기준 90일 전부터 접수일 현재까지 양구군에 주소를 둔 개인, 법인, 공공기관, 지방공기업 등
- 신청방법 : 전기자동차 보조사업 전산시스템 활용
&lt;화물&gt;
- 신청기간 : 2020. 11. 17. ~ 12.18(예산 소진 시 조기종료)
- 지원금액 : 2,700만원(국비+지방비)
- 신청대상 : 신청서 접수일 기준 90일 전부터 접수일 현재까지 양구군에 주소를 둔 개인, 법인, 공공기관, 지방공기업 등
- 신청방법 : 전기자동차 보조사업 전산시스템 활용"
강원,양구군,화물,"*일반: 접수순
*우선: -","12
 (0)
 (12)",,,,"13
 (0)
 (13)",,,,,,"11
 (0)
 (11)",,"1
 (0)
 (1)","&lt;승용&gt;
- 신청기간 : 2020. 11. 9. ~ 12. 18. (예산 소진 시 조기종료)
- 지원금액 : 최대1,420만원(국비+지방비)
- 신청대상 : 신청서 접수일 기준 90일 전부터 접수일 현재까지 양구군에 주소를 둔 개인, 법인, 공공기관, 지방공기업 등
- 신청방법 : 전기자동차 보조사업 전산시스템 활용
&lt;화물&gt;
- 신청기간 : 2020. 11. 17. ~ 12.18(예산 소진 시 조기종료)
- 지원금액 : 2,700만원(국비+지방비)
- 신청대상 : 신청서 접수일 기준 90일 전부터 접수일 현재까지 양구군에 주소를 둔 개인, 법인, 공공기관, 지방공기업 등
- 신청방법 : 전기자동차 보조사업 전산시스템 활용"
강원,인제군,승용,"*일반: 승용(출고등록순),  화물(신청접수 선착순)
*우선: -","25
 (0)
 (25)",,,,"25
 (2)
 (23)",,,,,,"25
 (2)
 (23)",,"0
 (0)
 (0)",
강원,인제군,화물,,"3
 (0)
 (3)",,,,"3
 (0)
 (3)",,,,,,"3
 (0)
 (3)",,"0
 (0)
 (0)",
강원,고성군,승용,"*일반: 출고등록순
*우선: -","23
 (0)
 (23)",,,,"10
 (1)
 (9)",,,,,,"10
 (1)
 (9)",,"13
 (0)
 (13)",신청마감
강원,고성군,화물,"*일반: 출고등록순
*우선: -","21
 (0)
 (21)",,,,"21
 (4)
 (17)",,,,,,"21
 (4)
 (17)",,"0
 (0)
 (0)",신청마감
강원,양양군,승용,"*일반: 출고등록순
*우선: -","13
 (0)
 (13)",,,,"13
 (0)
 (13)",,,,,,"13
 (0)
 (13)",,"0
 (0)
 (0)",
충북,청주시,승용,"*일반: 접수순
*우선: -","334
 (67)
 (267)",,,,"354
 (69)
 (285)",,,,,,"336
 (68)
 (268)",,"0
 (0)
 (0)","- 전기승용차 20대 분 접수순 초과 - 접수마감
1. 사업개요
  ？ 보급대수 : 120대[승용 20, 소형화물 100]
    - 우선순위 보급대수 : 20대(우선순위 20%, 전기화물(소형)에 한함)
    - 선정방법 : 승용(접수순), 전기화물소형(추첨식)
    - 선정일시 : 2020.10.14(수) 14시(시청 전산실 4층)
    - 우선순위 대상 : 취약계층(장애인, 기초생활수급자, 상이유공자, 독립유공자 등), 
     다자녀 가구(만18세미만 3자녀이상), 생애최초 차량구매자,
     노후 경유차(배출가스 5등급)를 전기차로 대체 구매
  ？ 신청기간 : 2020. 9. 28.(월) 09:00 ~ 2020. 10. 9.(금) 18:00까지
  ？ 보조금 지원기준 및 단가 
    -  전기승용차 : 1,416~1,620만원, 차종별 차등지원
    - 전기화물차(소형, 1톤)  : 2,700만원 정액지원
  ※  기타 자세한 사항은 공고내용 참고"
충북,청주시,화물,"*일반: 추첨
*우선: 추첨","164
 (33)
 (131)",,,,"529
 (82)
 (447)",,,,,,"164
 (33)
 (131)",,"0
 (0)
 (0)","- 전기승용차 20대 분 접수순 초과 - 접수마감
1. 사업개요
  ？ 보급대수 : 120대[승용 20, 소형화물 100]
    - 우선순위 보급대수 : 20대(우선순위 20%, 전기화물(소형)에 한함)
    - 선정방법 : 승용(접수순), 전기화물소형(추첨식)
    - 선정일시 : 2020.10.14(수) 14시(시청 전산실 4층)
    - 우선순위 대상 : 취약계층(장애인, 기초생활수급자, 상이유공자, 독립유공자 등), 
     다자녀 가구(만18세미만 3자녀이상), 생애최초 차량구매자,
     노후 경유차(배출가스 5등급)를 전기차로 대체 구매
  ？ 신청기간 : 2020. 9. 28.(월) 09:00 ~ 2020. 10. 9.(금) 18:00까지
  ？ 보조금 지원기준 및 단가 
    -  전기승용차 : 1,416~1,620만원, 차종별 차등지원
    - 전기화물차(소형, 1톤)  : 2,700만원 정액지원
  ※  기타 자세한 사항은 공고내용 참고"
충북,청주시,승합,"*일반: 접수순
*우선: -","8
 (0)
 (8)",,,,"0
 (0)
 (0)",,,,,,"0
 (0)
 (0)",,"0
 (0)
 (0)","- 전기승용차 20대 분 접수순 초과 - 접수마감
1. 사업개요
  ？ 보급대수 : 120대[승용 20, 소형화물 100]
    - 우선순위 보급대수 : 20대(우선순위 20%, 전기화물(소형)에 한함)
    - 선정방법 : 승용(접수순), 전기화물소형(추첨식)
    - 선정일시 : 2020.10.14(수) 14시(시청 전산실 4층)
    - 우선순위 대상 : 취약계층(장애인, 기초생활수급자, 상이유공자, 독립유공자 등), 
     다자녀 가구(만18세미만 3자녀이상), 생애최초 차량구매자,
     노후 경유차(배출가스 5등급)를 전기차로 대체 구매
  ？ 신청기간 : 2020. 9. 28.(월) 09:00 ~ 2020. 10. 9.(금) 18:00까지
  ？ 보조금 지원기준 및 단가 
    -  전기승용차 : 1,416~1,620만원, 차종별 차등지원
    - 전기화물차(소형, 1톤)  : 2,700만원 정액지원
  ※  기타 자세한 사항은 공고내용 참고"
충북,충주시,승용,"*일반: 출고등록순
*우선: -","14
 (0)
 (14)",,,,"186
 (5)
 (181)",,,,,,"186
 (5)
 (181)",,"0
 (0)
 (0)","○ 신청방법
   - 신청인은 원하는 차량 제작·판매 대리점을 방문하여 상담 후 지원신청서 작성 및 접수
   - 전기자동차 제조·판매사에서는 2개월 이내에 출고가 가능한 경우에만 전기자동차 구매보조금지원시스템(http://www.ev.or.kr/ps)에 구매지원신청(구비서류 포함) 등록접수
     ※ 신청(구비)서류 원본은 전기자동차 보조금 신청 시 제출"
충북,충주시,화물,,"24
 (0)
 (24)",,,,"142
 (14)
 (128)",,,,,,"124
 (14)
 (110)",,"0
 (0)
 (0)","○ 신청방법
   - 신청인은 원하는 차량 제작·판매 대리점을 방문하여 상담 후 지원신청서 작성 및 접수
   - 전기자동차 제조·판매사에서는 2개월 이내에 출고가 가능한 경우에만 전기자동차 구매보조금지원시스템(http://www.ev.or.kr/ps)에 구매지원신청(구비서류 포함) 등록접수
     ※ 신청(구비)서류 원본은 전기자동차 보조금 신청 시 제출"
충북,제천시,승용,"*일반: 출고등록순
*우선: -","58
 (0)
 (58)",,,,"67
 (1)
 (66)",,,,,,"67
 (1)
 (66)",,"0
 (0)
 (0)",
충북,제천시,화물,"*일반: 출고등록순
*우선: -","95
 (0)
 (95)",,,,"133
 (12)
 (121)",,,,,,"94
 (11)
 (83)",,"1
 (0)
 (1)",
충북,보은군,전체,"*일반: 추첨
*우선: -","44
 (1)
 (43)",,,,"40
 (1)
 (39)",,,,,,"40
 (1)
 (39)",,"4
 (0)
 (4)",
충북,옥천군,승용,"*일반: 출고등록순
*우선: 출고등록순","16
 (3)
 (13)",,,,"32
 (1)
 (31)",,,,,,"32
 (1)
 (31)",,"0
 (2)
 (0)",
충북,옥천군,화물,"*일반: 접수순
*우선: 접수순","6
 (1)
 (5)",,,,"30
 (2)
 (28)",,,,,,"30
 (2)
 (28)",,"0
 (0)
 (0)",
충북,영동군,승용,"*일반: 접수순(초과시 추첨)
*우선: -","30
 (0)
 (30)",,,,"30
 (1)
 (29)",,,,,,"30
 (1)
 (29)",,"0
 (0)
 (0)",
충북,영동군,화물,"*일반: 접수순(초과시 추첨)
*우선: 접수순(초과시 추첨)","38
 (7)
 (31)",,,,"38
 (8)
 (30)",,,,,,"38
 (8)
 (30)",,"0
 (0)
 (0)",
충북,증평군,승용,"*일반: 접수순(초과시 추첨)
*우선: -","19
 (0)
 (19)",,,,"13
 (2)
 (11)",,,,,,"13
 (2)
 (11)",,"6
 (0)
 (6)",
충북,증평군,화물,,"2
 (0)
 (2)",,,,"4
 (0)
 (4)",,,,,,"2
 (0)
 (2)",,"0
 (0)
 (0)",
충북,진천군,승용,"*일반: 추첨
*우선: -","40
 (0)
 (40)",,,,"40
 (5)
 (35)",,,,,,"40
 (5)
 (35)",,"0
 (0)
 (0)",
충북,진천군,화물,"*일반: 추첨
*우선: 추첨","30
 (6)
 (24)",,,,"30
 (6)
 (24)",,,,,,"30
 (6)
 (24)",,"0
 (0)
 (0)",
충북,괴산군,승용,"*일반: 접수순
*우선: -","48
 (0)
 (48)",,,,"45
 (1)
 (44)",,,,,,"45
 (1)
 (44)",,"3
 (0)
 (3)","- 2020년 전기자동차 민간보급사업 공고(4차) -

1. 신청기간: 2020.09.28. 09:00부터 접수순
2. 보급수량: 전기화물차(소형) 15대
3. 신청서류
  - (개인) 구매지원신청서 1부, 주민등록등본 1부(세대원 및 주소이력포함), 차량구매계약서 1부, 보조금지급 유의사항 동의서 1부.
  - (사업자) 구매지원신청서 1부, 사업자등록증 또는 등기부등본 1부, 차량구매계약서 1부,  보조금지급 유의사항 동의서 1부.
* 서류 검토 후, 선정되면 별도 통보
4. 지급청구서류
  - 청구서  
  - 입금계좌 발급증(보조금 받을 계좌)
  - 보조금 지급 위임장
  - 인감증명서
  - 사업완료보고서
  - 전자세금계산서
  - 자동차등록증
  - 사진대지
  - 사업자등록증
  - 보조금 교부신청서
  - 사업계획서
  - 청렴이행 서약서"
충북,괴산군,화물,"*일반: 접수순
*우선: -","15
 (0)
 (15)",,,,"15
 (0)
 (15)",,,,,,"15
 (0)
 (15)",,"0
 (0)
 (0)","- 2020년 전기자동차 민간보급사업 공고(4차) -

1. 신청기간: 2020.09.28. 09:00부터 접수순
2. 보급수량: 전기화물차(소형) 15대
3. 신청서류
  - (개인) 구매지원신청서 1부, 주민등록등본 1부(세대원 및 주소이력포함), 차량구매계약서 1부, 보조금지급 유의사항 동의서 1부.
  - (사업자) 구매지원신청서 1부, 사업자등록증 또는 등기부등본 1부, 차량구매계약서 1부,  보조금지급 유의사항 동의서 1부.
* 서류 검토 후, 선정되면 별도 통보
4. 지급청구서류
  - 청구서  
  - 입금계좌 발급증(보조금 받을 계좌)
  - 보조금 지급 위임장
  - 인감증명서
  - 사업완료보고서
  - 전자세금계산서
  - 자동차등록증
  - 사진대지
  - 사업자등록증
  - 보조금 교부신청서
  - 사업계획서
  - 청렴이행 서약서"
충북,음성군,승용,"*일반: 접수순
*우선: -","36
 (0)
 (36)",,,,"36
 (3)
 (33)",,,,,,"36
 (3)
 (33)",,"0
 (0)
 (0)",마감
충북,음성군,화물,"*일반: 접수순
*우선: -","1
 (0)
 (1)",,,,"1
 (0)
 (1)",,,,,,"1
 (0)
 (1)",,"0
 (0)
 (0)",마감
충북,단양군,승용,"*일반: 출고등록순
*우선: -","23
 (0)
 (23)",,,,"17
 (2)
 (15)",,,,,,"17
 (2)
 (15)",,"6
 (0)
 (6)",
충북,단양군,화물,"*일반: 출고등록순
*우선: -","5
 (0)
 (5)",,,,"5
 (1)
 (4)",,,,,,"5
 (1)
 (4)",,"0
 (0)
 (0)",
충남,천안시,승용,"*일반: 출고등록순
*우선: -","400
 (0)
 (400)",,,,"422
 (29)
 (393)",,,,,,"422
 (29)
 (393)",,"0
 (0)
 (0)",
충남,천안시,화물,"*일반: 출고등록순
*우선: -","50
 (10)
 (40)",,,,"50
 (10)
 (40)",,,,,,"50
 (10)
 (40)",,"0
 (0)
 (0)",
충남,공주시,승용,"*일반: 접수순
*우선: -","99
 (0)
 (99)",,,,"105
 (1)
 (104)",,,,,,"105
 (1)
 (104)",,"0
 (0)
 (0)",
충남,공주시,화물,,"36
 (0)
 (36)",,,,"36
 (10)
 (26)",,,,,,"36
 (10)
 (26)",,"0
 (0)
 (0)",
충남,보령시,승용,"*일반: 출고등록순
*우선: 출고등록순","124
 (0)
 (124)",,,,"44
 (3)
 (41)",,,,,,"44
 (3)
 (41)",,"80
 (0)
 (80)","&lt;1차&gt;
○ 2.25 ~ 5.29
-------------------------------------------------------------------------------------
&lt;2차&gt;
○ 6.1 ~ 9.18
-------------------------------------------------------------------------------------
&lt;3차&gt;
○ 9.21 ~ 12. 18
-------------------------------------------------------------------------------------
&lt;4차&gt;
○ 승용: (접수 마감)
○ 화물: 10대
- 신청기간: 12.21 ~ 12.31
※ 세부사항: 공고문 참고"
충남,보령시,화물,"*일반: 출고등록순
*우선: 출고등록순","77
 (0)
 (77)",,,,"77
 (13)
 (64)",,,,,,"77
 (13)
 (64)",,"0
 (0)
 (0)","&lt;1차&gt;
○ 2.25 ~ 5.29
-------------------------------------------------------------------------------------
&lt;2차&gt;
○ 6.1 ~ 9.18
-------------------------------------------------------------------------------------
&lt;3차&gt;
○ 9.21 ~ 12. 18
-------------------------------------------------------------------------------------
&lt;4차&gt;
○ 승용: (접수 마감)
○ 화물: 10대
- 신청기간: 12.21 ~ 12.31
※ 세부사항: 공고문 참고"
충남,아산시,승용,"*일반: 승용(출고등록순), 화물(추첨)
*우선: -","290
 (0)
 (290)",,,,"283
 (5)
 (278)",,,,,,"282
 (5)
 (277)",,"8
 (0)
 (8)",
충남,아산시,화물,,"100
 (0)
 (100)",,,,"177
 (20)
 (157)",,,,,,"100
 (18)
 (82)",,"0
 (0)
 (0)",
충남,서산시,전체,"*일반: 출고등록순
*우선: -","337
 (0)
 (337)",,,,"337
 (24)
 (313)",,,,,,"336
 (24)
 (312)",,"1
 (0)
 (1)",
충남,논산시,승용,"*일반: 출고등록순
*우선: -","200
 (0)
 (200)",,,,"76
 (0)
 (76)",,,,,,"76
 (0)
 (76)",,"124
 (0)
 (124)",
충남,논산시,화물,,"7
 (0)
 (7)",,,,"205
 (2)
 (203)",,,,,,"67
 (2)
 (65)",,"0
 (0)
 (0)",
충남,계룡시,승용,"*일반: 접수순
*우선: -","70
 (0)
 (70)",,,,"50
 (2)
 (48)",,,,,,"50
 (2)
 (48)",,"20
 (0)
 (20)","2020년도 전기화물차 민간보급사업 변경공고를 아래와 같이 게시하고자 합니다. 

1. 접수기간 : 2020. 12. 14.(월) ~ 2020. 12. 16.(수), 09:00~18:00
2. 보급대수 : 전기화물차 20대(당초 12대에서 8대 증가) 
※ 소형기준. 차종별 예산 범위 내에서 보급대수 조정될 수 있음. 
3. 예 산 액 : 540,000천원(1대당 최대 2,700만원) 
4. 지원대상 : 계룡시민, 사업장이 계룡에 소재한 개인·법인사업자 중 요건을 충족하는 자 
 ※출고 후 최초 등록 사용본거지는 계룡시로 한정. 단, 개인사업자로서 사업장은 계룡시에 소재하나 사업주의 주민등록상 주소지가 타 지자체인 경우는 당 규정을 적용하지 않음
5. 신청방법 : 자동차 대리점에서 저공해차통합누리집 사이트에 전자 등록하여 신청
6. 선정방법 : 지원신청접수순(지원신청서 미비 또는 신청인에 결격사유가 존재하는 경우 제외)

※ 지원접수시스템(자동차통합누리집)관련 문의는 시스템 콜센터(※1661-0970)"
충남,계룡시,화물,"*일반: 접수순
*우선: -","3
 (0)
 (3)",,,,"25
 (0)
 (25)",,,,,,"23
 (0)
 (23)",,"0
 (0)
 (0)","2020년도 전기화물차 민간보급사업 변경공고를 아래와 같이 게시하고자 합니다. 

1. 접수기간 : 2020. 12. 14.(월) ~ 2020. 12. 16.(수), 09:00~18:00
2. 보급대수 : 전기화물차 20대(당초 12대에서 8대 증가) 
※ 소형기준. 차종별 예산 범위 내에서 보급대수 조정될 수 있음. 
3. 예 산 액 : 540,000천원(1대당 최대 2,700만원) 
4. 지원대상 : 계룡시민, 사업장이 계룡에 소재한 개인·법인사업자 중 요건을 충족하는 자 
 ※출고 후 최초 등록 사용본거지는 계룡시로 한정. 단, 개인사업자로서 사업장은 계룡시에 소재하나 사업주의 주민등록상 주소지가 타 지자체인 경우는 당 규정을 적용하지 않음
5. 신청방법 : 자동차 대리점에서 저공해차통합누리집 사이트에 전자 등록하여 신청
6. 선정방법 : 지원신청접수순(지원신청서 미비 또는 신청인에 결격사유가 존재하는 경우 제외)

※ 지원접수시스템(자동차통합누리집)관련 문의는 시스템 콜센터(※1661-0970)"
충남,당진시,승용,"*일반: 출고등록순
*우선: -","288
 (0)
 (288)",,,,"289
 (9)
 (280)",,,,,,"289
 (9)
 (280)",,"0
 (0)
 (0)",
충남,당진시,화물,,"60
 (0)
 (60)",,,,"60
 (3)
 (57)",,,,,,"60
 (3)
 (57)",,"0
 (0)
 (0)",
충남,당진시,승합,,"3
 (0)
 (3)",,,,"3
 (0)
 (3)",,,,,,"3
 (0)
 (3)",,"0
 (0)
 (0)",
충남,금산군,전체,"*일반: 접수순(초과시 추첨)
*우선: -","50
 (0)
 (50)",,,,"0
 (0)
 (0)",,,,,,"0
 (0)
 (0)",,"0
 (0)
 (0)","1. 사업내용 : 하반기 전기자동차 민간보급 지원사업
2. 보급대상 : 공고일전 6개월 이상 금산군에 주소를 둔 18세이상 개인,법인,기업
                    현재 금산에 주소를 두고 있으며, 금산에 거주한 기간이 총 2년 이상인 자 
3. 공고기간 : 2020.10.19.(월) ~ 10.28.(수)
4. 신청기간 : 2020.10.26.(월) ~ 10.28.(수)
5. 보급대수 : 고속승용 약 7대, 초소형 약 4대 (신청 내역에 따라 대수변동 가능)
6. 지원금액 : 승용 최대1,520만원 초소형 750만원
7. 신청절차 : 신청인은 가까운 자동차 대리점,영업소에 구매계약 및 신청후 
                    신청서와 붙임서식 작성하여 금산군환경자원과로 신청

※ 기타 자세한 사항은 붙임 공고문 참조(세부신청절차가 안내되어 있으니 반드시 확인요망)

※ 기타 자세한 사항은 붙임 공고문 참조(세부신청절차가 안내되어 있으니 반드시 확인요망)"
충남,부여군,승용,"*일반: 접수순(초과시 추첨)
*우선: -","65
 (0)
 (65)",,,,"79
 (2)
 (77)",,,,,,"79
 (2)
 (77)",,"0
 (0)
 (0)",
충남,부여군,화물,,"23
 (0)
 (23)",,,,"50
 (5)
 (45)",,,,,,"20
 (5)
 (15)",,"3
 (0)
 (3)",
충남,서천군,승용,"*일반: 출고등록순
*우선: -","31
 (0)
 (31)",,,,"25
 (1)
 (24)",,,,,,"22
 (1)
 (21)",,"9
 (0)
 (9)","○접수기간: &apos;20.12.22.(화)
○보급대수: 12대(승용8대, 화물4대)
※차종별 지원 대수는 예산 소진에 따라 변동가능
○신청자격: 공고일로부터 6개월 이전 서천군에 주소를 둔 면허증을 소지한 만18세 이상 군민
                   공고일로부터 6개월 이전 사업장 소재지가 서천군에 위치하고 있는 관할 세무서에 사업자 등록이 되어 있는 기업, 단체, 법인 등
※24일까지 출고가 가능할 경우에만 지원신청서 제출"
충남,서천군,화물,"*일반: 접수순
*우선: -","39
 (0)
 (39)",,,,"109
 (5)
 (104)",,,,,,"39
 (3)
 (36)",,"0
 (0)
 (0)","○접수기간: &apos;20.12.22.(화)
○보급대수: 12대(승용8대, 화물4대)
※차종별 지원 대수는 예산 소진에 따라 변동가능
○신청자격: 공고일로부터 6개월 이전 서천군에 주소를 둔 면허증을 소지한 만18세 이상 군민
                   공고일로부터 6개월 이전 사업장 소재지가 서천군에 위치하고 있는 관할 세무서에 사업자 등록이 되어 있는 기업, 단체, 법인 등
※24일까지 출고가 가능할 경우에만 지원신청서 제출"
충남,청양군,승용,"*일반: 접수순(초과시 추첨)
*우선: -","41
 (0)
 (41)",,,,"15
 (0)
 (15)",,,,,,"15
 (0)
 (15)",,"26
 (0)
 (26)",
충남,청양군,화물,,"7
 (0)
 (7)",,,,"7
 (0)
 (7)",,,,,,"7
 (0)
 (7)",,"0
 (0)
 (0)",
충남,홍성군,승용,"*일반: 접수순(초과시 추첨)
*우선: -","89
 (0)
 (89)",,,,"67
 (6)
 (61)",,,,,,"67
 (6)
 (61)",,"22
 (0)
 (22)",첨부파일의 공고문 참조
충남,홍성군,화물,,"45
 (0)
 (45)",,,,"98
 (19)
 (79)",,,,,,"45
 (12)
 (33)",,"0
 (0)
 (0)",첨부파일의 공고문 참조
충남,예산군,,,,,,,,,,,,,,,,
충남,태안군,승용,"*일반: 접수순(초과시 추첨)
*우선: -","47
 (4)
 (43)",,,,"35
 (1)
 (34)",,,,,,"35
 (1)
 (34)",,"12
 (3)
 (9)",
충남,태안군,화물,,"40
 (0)
 (40)",,,,"38
 (6)
 (32)",,,,,,"38
 (6)
 (32)",,"2
 (0)
 (2)",
전북,전주시,승용,"*일반: 접수순
*우선: 접수순","285
 (3)
 (282)",,,,"314
 (15)
 (299)",,,,,,"288
 (13)
 (275)",,"0
 (0)
 (0)",
전북,전주시,화물,"*일반: 접수순
*우선: 접수순","113
 (11)
 (102)",,,,"218
 (20)
 (198)",,,,,,"113
 (20)
 (93)",,"0
 (0)
 (0)",
전북,군산시,승용,"*일반: 출고등록순
*우선: -","131
 (0)
 (131)",,,,"131
 (2)
 (129)",,,,,,"131
 (2)
 (129)",,"0
 (0)
 (0)",--
전북,군산시,화물,"*일반: 출고등록순
*우선: -","62
 (0)
 (62)",,,,"148
 (8)
 (140)",,,,,,"79
 (6)
 (73)",,"0
 (0)
 (0)",--
전북,익산시,승용,"*일반: 출고등록순
*우선: -","150
 (0)
 (150)",,,,"151
 (4)
 (147)",,,,,,"150
 (4)
 (146)",,"0
 (0)
 (0)","□ 전기승용차 보급사업 개요
   - 신청기간 : 2020. 3. 17. ~ 예산 소진시까지
   - 보급대수 : 전기승용차 약 120대 (승용, 초소형)
   - 보급대상 : 시민, 기업, 법인, 단체(1세대당 1대)
   - 선정방법 : 차량 출고,등록순(사업물량 대비 접수자가 많을 시 추첨하여 대상자 선발)

□ 전기화물차 보급사업 개요
   - 신청기간 : 2020. 8. 10. ~ 8. 21.
   - 보급대수 : 전기승용차 약 22대 (초소형, 경형, 소형)
   - 보급대상 : 개인, 법인, 사업자, 단체 등(1세대당 1대)
   - 선정방법 : 우선순위를 제외한 잔여물량 추첨"
전북,익산시,화물,"*일반: 추첨
*우선: -","38
 (0)
 (38)",,,,"38
 (3)
 (35)",,,,,,"38
 (3)
 (35)",,"0
 (0)
 (0)","□ 전기승용차 보급사업 개요
   - 신청기간 : 2020. 3. 17. ~ 예산 소진시까지
   - 보급대수 : 전기승용차 약 120대 (승용, 초소형)
   - 보급대상 : 시민, 기업, 법인, 단체(1세대당 1대)
   - 선정방법 : 차량 출고,등록순(사업물량 대비 접수자가 많을 시 추첨하여 대상자 선발)

□ 전기화물차 보급사업 개요
   - 신청기간 : 2020. 8. 10. ~ 8. 21.
   - 보급대수 : 전기승용차 약 22대 (초소형, 경형, 소형)
   - 보급대상 : 개인, 법인, 사업자, 단체 등(1세대당 1대)
   - 선정방법 : 우선순위를 제외한 잔여물량 추첨"
전북,정읍시,승용,"*일반: 추첨
*우선: 추첨","70
 (0)
 (70)",,,,"67
 (5)
 (62)",,,,,,"67
 (5)
 (62)",,"3
 (0)
 (3)",
전북,정읍시,화물,"*일반: 추첨
*우선: 추첨","81
 (0)
 (81)",,,,"229
 (22)
 (207)",,,,,,"48
 (14)
 (34)",,"33
 (0)
 (33)",
전북,남원시,승용,"*일반: 접수순
*우선: 접수순","19
 (3)
 (16)",,,,"19
 (2)
 (17)",,,,,,"19
 (2)
 (17)",,"0
 (1)
 (0)","○ 접수기간 : 2020. 10. 28.(수) ~ 2020. 11. 6.(금)
○ 사 업 비 : 270백만원
○ 사업내용 : 전기화물차 구매비용 지원(10대)"
전북,남원시,화물,"*일반: 접수순(초과시 추첨)
*우선: 접수순(초과시 추첨)","15
 (2)
 (13)",,,,"15
 (3)
 (12)",,,,,,"15
 (3)
 (12)",,"0
 (0)
 (0)","○ 접수기간 : 2020. 10. 28.(수) ~ 2020. 11. 6.(금)
○ 사 업 비 : 270백만원
○ 사업내용 : 전기화물차 구매비용 지원(10대)"
전북,김제시,승용,"*일반: 추첨
*우선: -","20
 (0)
 (20)",,,,"20
 (2)
 (18)",,,,,,"20
 (2)
 (18)",,"0
 (0)
 (0)","--------------------------------------  마감 ----------------------------------------
○ 전기화물차 신청기간(2차) : 2020.9.14.(월)~9.18.(금) 18:00
※ 1세대 당 1대(법인, 단체 당 1대)
 - 1차 신청자는 직권으로 취소할 예정이니, 2차에 다시 신청 바람
 - 선정 후 지급요청시 지방세완납증명서 제출
 - 공고일 이후 발급받은 등본, 등기부등본만 인정
   (1년 거주기한을 알 수 없을 시, 초본 추가 제출)"
전북,김제시,화물,"*일반: 출고등록순(초과 시 추첨)
*우선: 출고등록순(초과 시 추첨)","69
 (0)
 (69)",,,,"69
 (18)
 (51)",,,,,,"69
 (18)
 (51)",,"0
 (0)
 (0)","--------------------------------------  마감 ----------------------------------------
○ 전기화물차 신청기간(2차) : 2020.9.14.(월)~9.18.(금) 18:00
※ 1세대 당 1대(법인, 단체 당 1대)
 - 1차 신청자는 직권으로 취소할 예정이니, 2차에 다시 신청 바람
 - 선정 후 지급요청시 지방세완납증명서 제출
 - 공고일 이후 발급받은 등본, 등기부등본만 인정
   (1년 거주기한을 알 수 없을 시, 초본 추가 제출)"
전북,완주군,승용,"*일반: 출고등록순
*우선: -","100
 (0)
 (100)",,,,"101
 (5)
 (96)",,,,,,"100
 (5)
 (95)",,"0
 (0)
 (0)",
전북,완주군,화물,,"16
 (0)
 (16)",,,,"71
 (10)
 (61)",,,,,,"16
 (3)
 (13)",,"0
 (0)
 (0)",
전북,진안군,승용,"*일반: 출고등록순
*우선: -","10
 (0)
 (10)",,,,"9
 (0)
 (9)",,,,,,"9
 (0)
 (9)",,"1
 (0)
 (1)",
전북,진안군,화물,,"3
 (0)
 (3)",,,,"5
 (0)
 (5)",,,,,,"4
 (0)
 (4)",,"0
 (0)
 (0)",
전북,무주군,승용,"*일반: 출고등록순
*우선: -","9
 (0)
 (9)",,,,"10
 (1)
 (9)",,,,,,"10
 (1)
 (9)",,"0
 (0)
 (0)",
전북,무주군,화물,,"5
 (0)
 (5)",,,,"8
 (3)
 (5)",,,,,,"5
 (2)
 (3)",,"0
 (0)
 (0)",
전북,장수군,승용,"*일반: 접수순(초과시 추첨)
*우선: -","10
 (0)
 (10)",,,,"10
 (0)
 (10)",,,,,,"10
 (0)
 (10)",,"0
 (0)
 (0)",
전북,장수군,화물,,"2
 (0)
 (2)",,,,"7
 (1)
 (6)",,,,,,"7
 (1)
 (6)",,"0
 (0)
 (0)",
전북,임실군,승용,"*일반: 출고등록순
*우선: -","19
 (0)
 (19)",,,,"16
 (1)
 (15)",,,,,,"16
 (1)
 (15)",,"3
 (0)
 (3)","*신청조건 공고문 확인 필수
*사업물량 초과 접수 시 추첨으로 선정
*공고일 이후 발급된 주민등록초본(최근 5년간의 주소변동사항 포함)
*공고일 이후 발급된 사업자등록증 또는 등기부등본"
전북,임실군,화물,"*일반: 접수순(초과시 추첨)
*우선: 접수순(초과시 추첨)","5
 (0)
 (5)",,,,"20
 (4)
 (16)",,,,,,"20
 (4)
 (16)",,"0
 (0)
 (0)","*신청조건 공고문 확인 필수
*사업물량 초과 접수 시 추첨으로 선정
*공고일 이후 발급된 주민등록초본(최근 5년간의 주소변동사항 포함)
*공고일 이후 발급된 사업자등록증 또는 등기부등본"
전북,순창군,승용,"*일반: 접수순(초과시 추첨)
*우선: -","9
 (0)
 (9)",,,,"9
 (2)
 (7)",,,,,,"9
 (2)
 (7)",,"0
 (0)
 (0)",
전북,순창군,화물,"*일반: 접수순(초과시 추첨)
*우선: 접수순(초과시 추첨)","8
 (1)
 (7)",,,,"28
 (4)
 (24)",,,,,,"8
 (2)
 (6)",,"0
 (0)
 (0)",
전북,고창군,승용,"*일반: 접수순(초과시 추첨)
*우선: -","49
 (0)
 (49)",,,,"83
 (11)
 (72)",,,,,,"49
 (10)
 (39)",,"0
 (0)
 (0)",
전북,고창군,화물,,"3
 (0)
 (3)",,,,"49
 (3)
 (46)",,,,,,"3
 (1)
 (2)",,"0
 (0)
 (0)",
전북,부안군,승용,"*일반: 접수순
*우선: -","1
 (0)
 (1)",,,,"35
 (1)
 (34)",,,,,,"28
 (1)
 (27)",,"0
 (0)
 (0)",
전북,부안군,화물,,"2
 (0)
 (2)",,,,"83
 (6)
 (77)",,,,,,"8
 (1)
 (7)",,"0
 (0)
 (0)",
전남,목포시,승용,"*일반: 출고등록순
*우선: -","60
 (0)
 (60)",,,,"64
 (6)
 (58)",,,,,,"64
 (6)
 (58)",,"0
 (0)
 (0)","○승용 및 초소형(60대)
- 우선보급대상 : 12대 / 일반보급대상 : 48대
○소형 화물 사업 종료 

※ 우선보급대상에 대한 자세한 사항은 공고문 참고, 지원대수는 예산범위내 변동될 수 있음"
전남,목포시,화물,,"4
 (0)
 (4)",,,,"4
 (1)
 (3)",,,,,,"4
 (1)
 (3)",,"0
 (0)
 (0)","○승용 및 초소형(60대)
- 우선보급대상 : 12대 / 일반보급대상 : 48대
○소형 화물 사업 종료 

※ 우선보급대상에 대한 자세한 사항은 공고문 참고, 지원대수는 예산범위내 변동될 수 있음"
전남,여수시,승용,"*일반: 출고등록순
*우선: -","174
 (8)
 (166)",,,,"173
 (9)
 (164)",,,,,,"173
 (9)
 (164)",,"1
 (0)
 (1)",전기화물차 일반지원 신청마감(지원가능확인요청 2020.10.14.)
전남,여수시,화물,,"70
 (14)
 (56)",,,,"70
 (9)
 (61)",,,,,,"70
 (9)
 (61)",,"0
 (5)
 (0)",전기화물차 일반지원 신청마감(지원가능확인요청 2020.10.14.)
전남,순천시,승용,"*일반: 출고등록순
*우선: 출고등록순","365
 (0)
 (365)",,,,"365
 (24)
 (341)",,,,,,"365
 (24)
 (341)",,"0
 (0)
 (0)",전기화물차 추가 지원사업 신청기간(2020. 11.3.~)
전남,순천시,화물,"*일반: 출고등록순
*우선: 출고등록순","67
 (12)
 (55)",,,,"67
 (14)
 (53)",,,,,,"67
 (14)
 (53)",,"0
 (0)
 (0)",전기화물차 추가 지원사업 신청기간(2020. 11.3.~)
전남,나주시,승용,"*일반: 출고등록순
*우선: -","200
 (0)
 (200)",,,,"202
 (6)
 (196)",,,,,,"202
 (6)
 (196)",,"0
 (0)
 (0)",
전남,나주시,화물,,"38
 (0)
 (38)",,,,"39
 (7)
 (32)",,,,,,"38
 (7)
 (31)",,"0
 (0)
 (0)",
전남,광양시,승용,"*일반: 출고등록순
*우선: 출고등록순","187
 (22)
 (165)",,,,"143
 (18)
 (125)",,,,,,"143
 (18)
 (125)",,"44
 (4)
 (40)","&lt;2020년 하반기 전기자동차 지원 공고&gt;
사업기간: 2020.12.7.~ 예산소진시까지
목표대수: 승용(초소형포함) 109대, 화물(소형) 94대 우선순위 20% 별도 진행 - 초소형 전기차는 지원 안함
지원자격: (개인) 공고일 이전 광양에 계속해서 주소를 둔 만 18세 이상 개인, (법인, 기업) 광양시 관내 사업장 위치 - 개인사업자는 사용본거지와 대표자 주소가 광양시 여야 함.

보급기준 : 개인 1대, 법인 기업 3대
보급제한 : 동일개인 2년내 2대이상 전기차 구입시
지원금액 : 승용 최대 1,660만원/대 , 초소형 820만원/대             
                화물 (소형) 2,640만원/대
 신청서류 : (필수) 구매지원신청서, 유의사항동의서, 주민등로초본, 차량구매계약서, 
                  (공동명의) 주민등록등본 추가
                   (우선순위) 해당 대상자별 추가 서류 확인 할것 (공고문)
유의사항: 신청서 접수 후 60일 이내 보조금 지원가능 확인요청이 없을시 접수 취소되며 90일 이내 재접수 불가"
전남,광양시,화물,"*일반: 출고등록순
*우선: 출고등록순","79
 (19)
 (60)",,,,"79
 (4)
 (75)",,,,,,"79
 (4)
 (75)",,"0
 (15)
 (0)","&lt;2020년 하반기 전기자동차 지원 공고&gt;
사업기간: 2020.12.7.~ 예산소진시까지
목표대수: 승용(초소형포함) 109대, 화물(소형) 94대 우선순위 20% 별도 진행 - 초소형 전기차는 지원 안함
지원자격: (개인) 공고일 이전 광양에 계속해서 주소를 둔 만 18세 이상 개인, (법인, 기업) 광양시 관내 사업장 위치 - 개인사업자는 사용본거지와 대표자 주소가 광양시 여야 함.

보급기준 : 개인 1대, 법인 기업 3대
보급제한 : 동일개인 2년내 2대이상 전기차 구입시
지원금액 : 승용 최대 1,660만원/대 , 초소형 820만원/대             
                화물 (소형) 2,640만원/대
 신청서류 : (필수) 구매지원신청서, 유의사항동의서, 주민등로초본, 차량구매계약서, 
                  (공동명의) 주민등록등본 추가
                   (우선순위) 해당 대상자별 추가 서류 확인 할것 (공고문)
유의사항: 신청서 접수 후 60일 이내 보조금 지원가능 확인요청이 없을시 접수 취소되며 90일 이내 재접수 불가"
전남,광양시,승합,,"5
 (0)
 (5)",,,,"2
 (0)
 (2)",,,,,,"2
 (0)
 (2)",,"3
 (0)
 (3)","&lt;2020년 하반기 전기자동차 지원 공고&gt;
사업기간: 2020.12.7.~ 예산소진시까지
목표대수: 승용(초소형포함) 109대, 화물(소형) 94대 우선순위 20% 별도 진행 - 초소형 전기차는 지원 안함
지원자격: (개인) 공고일 이전 광양에 계속해서 주소를 둔 만 18세 이상 개인, (법인, 기업) 광양시 관내 사업장 위치 - 개인사업자는 사용본거지와 대표자 주소가 광양시 여야 함.

보급기준 : 개인 1대, 법인 기업 3대
보급제한 : 동일개인 2년내 2대이상 전기차 구입시
지원금액 : 승용 최대 1,660만원/대 , 초소형 820만원/대             
                화물 (소형) 2,640만원/대
 신청서류 : (필수) 구매지원신청서, 유의사항동의서, 주민등로초본, 차량구매계약서, 
                  (공동명의) 주민등록등본 추가
                   (우선순위) 해당 대상자별 추가 서류 확인 할것 (공고문)
유의사항: 신청서 접수 후 60일 이내 보조금 지원가능 확인요청이 없을시 접수 취소되며 90일 이내 재접수 불가"
전남,담양군,승용,"*일반: 출고등록순
*우선: -","8
 (0)
 (8)",,,,"8
 (1)
 (7)",,,,,,"8
 (1)
 (7)",,"0
 (0)
 (0)","ㅇ 상반기 일반 승용 전기자동차 : 8대 &lt;접수마감&gt;
ㅇ 상반기 전기화물 소형 : 4대&lt;접수마감&gt;

&lt;2020년 하반기 전기화물소형 보급사업 &gt;
ㅇ 사업기간 : 2020. 10. 15.(목) 09:00 ∼ 예산 소진시까지
ㅇ 보급대수 : 전기화물 소형 5대
ㅇ 출고등록순"
전남,담양군,화물,,"9
 (0)
 (9)",,,,"9
 (1)
 (8)",,,,,,"9
 (1)
 (8)",,"0
 (0)
 (0)","ㅇ 상반기 일반 승용 전기자동차 : 8대 &lt;접수마감&gt;
ㅇ 상반기 전기화물 소형 : 4대&lt;접수마감&gt;

&lt;2020년 하반기 전기화물소형 보급사업 &gt;
ㅇ 사업기간 : 2020. 10. 15.(목) 09:00 ∼ 예산 소진시까지
ㅇ 보급대수 : 전기화물 소형 5대
ㅇ 출고등록순"
전남,곡성군,승용,"*일반: 추첨
*우선: -","10
 (0)
 (10)",,,,"9
 (1)
 (8)",,,,,,"5
 (1)
 (4)",,"5
 (0)
 (5)",
전남,곡성군,화물,"*일반: 추첨
*우선: -","5
 (0)
 (5)",,,,"8
 (0)
 (8)",,,,,,"6
 (0)
 (6)",,"0
 (0)
 (0)",
전남,구례군,승용,"*일반: 접수순
*우선: 접수순","6
 (0)
 (6)",,,,"17
 (2)
 (15)",,,,,,"17
 (2)
 (15)",,"0
 (0)
 (0)",
전남,고흥군,승용,"*일반: 출고등록순
*우선: 출고등록순","29
 (3)
 (26)",,,,"29
 (3)
 (26)",,,,,,"29
 (3)
 (26)",,"0
 (0)
 (0)","1. 신청기간
    - 승용 : 2020.3.2.(월)09:00~예산 소진시까지
    - 화물(소형):2020.3.2.월)09:00~3.6.(금)18:00
2. 보급대수: 31대 ※ 보급 여건 등에 따라 변동될 수 있음
    - 승용 29대(일반 26대/ 우선순위 3대)
    - 화물(소형) 2대 
3. 지원금액 
    - 승용 : 대당 최대 1,660만원 
    - 화물(소형) : 대당 최대 2,640만원 
4. 선정기준 
    - 승용 : 차량 출고.등록순
    - 화물(소형) : 접수.추첨

자세한 사항 및 신청서식은 반드시 공고문 확인하시기 바랍니다."
전남,고흥군,화물,"*일반: 추첨
*우선: -","7
 (0)
 (7)",,,,"7
 (0)
 (7)",,,,,,"7
 (0)
 (7)",,"0
 (0)
 (0)","1. 신청기간
    - 승용 : 2020.3.2.(월)09:00~예산 소진시까지
    - 화물(소형):2020.3.2.월)09:00~3.6.(금)18:00
2. 보급대수: 31대 ※ 보급 여건 등에 따라 변동될 수 있음
    - 승용 29대(일반 26대/ 우선순위 3대)
    - 화물(소형) 2대 
3. 지원금액 
    - 승용 : 대당 최대 1,660만원 
    - 화물(소형) : 대당 최대 2,640만원 
4. 선정기준 
    - 승용 : 차량 출고.등록순
    - 화물(소형) : 접수.추첨

자세한 사항 및 신청서식은 반드시 공고문 확인하시기 바랍니다."
전남,보성군,승용,"*일반: 출고등록순
*우선: -","10
 (0)
 (10)",,,,"10
 (1)
 (9)",,,,,,"10
 (1)
 (9)",,"0
 (0)
 (0)",
전남,화순군,,,,,,,,,,,,,,,,
전남,장흥군,승용,"*일반: 출고등록순
*우선: -","25
 (0)
 (25)",,,,"24
 (2)
 (22)",,,,,,"24
 (2)
 (22)",,"1
 (0)
 (1)",
전남,장흥군,화물,"*일반: 접수순(초과시 추첨)
*우선: 접수순(초과시 추첨)","13
 (0)
 (13)",,,,"13
 (3)
 (10)",,,,,,"13
 (3)
 (10)",,"0
 (0)
 (0)",
전남,강진군,승용,"*일반: 승용자동차 신청 마감
*우선: -","9
 (0)
 (9)",,,,"9
 (1)
 (8)",,,,,,"9
 (1)
 (8)",,"0
 (0)
 (0)","○ 접수기간 : 2020. 8. 14. 09:00 ~ 8. 27. 18:00
 ○ 보급대수 : 5대(소형화물)
 ○ 지원금액 : 대당 2,400만원
 ○ 대상자 선정 : 보조금 지원 확정통보 이후 출고 · 등록 순 선정
   ※ 출고 날짜가 같을 경우 접수순으로 대상자 선정
    【우선지원대상자】⇒ 1대 한정
    - 국가유공자, 장애인(1~3급), 기초생활수급자, 다자녀가정, 생애최초차량 구매자
 ○ 보급차종 : 전기자동차 통합포털(https://ev.or.kr)에 게재된 전기차 보조금 지원대상 차량"
전남,강진군,화물,"*일반: 출고등록순
*우선: 출고등록순","5
 (1)
 (4)",,,,"11
 (0)
 (11)",,,,,,"5
 (0)
 (5)",,"0
 (1)
 (0)","○ 접수기간 : 2020. 8. 14. 09:00 ~ 8. 27. 18:00
 ○ 보급대수 : 5대(소형화물)
 ○ 지원금액 : 대당 2,400만원
 ○ 대상자 선정 : 보조금 지원 확정통보 이후 출고 · 등록 순 선정
   ※ 출고 날짜가 같을 경우 접수순으로 대상자 선정
    【우선지원대상자】⇒ 1대 한정
    - 국가유공자, 장애인(1~3급), 기초생활수급자, 다자녀가정, 생애최초차량 구매자
 ○ 보급차종 : 전기자동차 통합포털(https://ev.or.kr)에 게재된 전기차 보조금 지원대상 차량"
전남,해남군,승용,"*일반: 접수순
*우선: -","30
 (0)
 (30)",,,,"28
 (0)
 (28)",,,,,,"28
 (0)
 (28)",,"2
 (0)
 (2)","○ 접수기간 : 2020. 9. 8. 10:00 ~ 예산소진시
○ 보급대수 : 24대(일반승용 14대, 화물 10대)
  ※예산 범위 내 지원대수 변동 가능
  ※화물차는 접수 마감되었습니다.
○ 보급차종 : 전기자동차 통합포털에 등록된 전기차 보조금 지원대상 차량

자세한 사항은 공고문을 확인하여 주시기 바랍니다."
전남,해남군,화물,"*일반: 출고등록순
*우선: -","20
 (0)
 (20)",,,,"20
 (2)
 (18)",,,,,,"20
 (2)
 (18)",,"0
 (0)
 (0)","○ 접수기간 : 2020. 9. 8. 10:00 ~ 예산소진시
○ 보급대수 : 24대(일반승용 14대, 화물 10대)
  ※예산 범위 내 지원대수 변동 가능
  ※화물차는 접수 마감되었습니다.
○ 보급차종 : 전기자동차 통합포털에 등록된 전기차 보조금 지원대상 차량

자세한 사항은 공고문을 확인하여 주시기 바랍니다."
전남,영암군,승용,"*일반: 출고등록순
*우선: -","34
 (0)
 (34)",,,,"35
 (5)
 (30)",,,,,,"34
 (5)
 (29)",,"0
 (0)
 (0)",
전남,영암군,화물,"*일반: 추첨
*우선: 추첨","10
 (3)
 (7)",,,,"10
 (0)
 (10)",,,,,,"10
 (0)
 (10)",,"0
 (3)
 (0)",
전남,무안군,승용,"*일반: 출고등록순
*우선: -","63
 (0)
 (63)",,,,"49
 (1)
 (48)",,,,,,"49
 (1)
 (48)",,"14
 (0)
 (14)","○ 2020년도 사업량
 - 총 82대(전기자동차 63대, 소형 전기화물차 19대)
○ 지원한도
 - 전기승용차 : 최대 1,540만원(국비820, 지방비720)
  ※ 차종에 따라 국비 차등지급
 - 전기화물차(소형) : 2,520만원 정액(국비1,800, 지방비720) 
○ 유의사항 
 - 지원 신청 자격 부여 후 60일 이내 출고 등록
 - 사업비가 소진되면 차량 출고 이후라도 보조금 지급되지 않을 수 있음. 
  ※ 차량출고 전 보조금 지급가능 여부 반드시 확인 바람"
전남,무안군,화물,"*일반: 출고등록순
*우선: -","19
 (0)
 (19)",,,,"19
 (1)
 (18)",,,,,,"19
 (1)
 (18)",,"0
 (0)
 (0)","○ 2020년도 사업량
 - 총 82대(전기자동차 63대, 소형 전기화물차 19대)
○ 지원한도
 - 전기승용차 : 최대 1,540만원(국비820, 지방비720)
  ※ 차종에 따라 국비 차등지급
 - 전기화물차(소형) : 2,520만원 정액(국비1,800, 지방비720) 
○ 유의사항 
 - 지원 신청 자격 부여 후 60일 이내 출고 등록
 - 사업비가 소진되면 차량 출고 이후라도 보조금 지급되지 않을 수 있음. 
  ※ 차량출고 전 보조금 지급가능 여부 반드시 확인 바람"
전남,함평군,승용,"*일반: 출고등록순
*우선: -","8
 (0)
 (8)",,,,"9
 (2)
 (7)",,,,,,"8
 (2)
 (6)",,"0
 (0)
 (0)","※ 예산 범위내 보조금액 조정 가능
※ 잔여물량 : 승용 1대(사회적 취약계층 및 다자녀가구)"
전남,함평군,화물,,"2
 (0)
 (2)",,,,"5
 (0)
 (5)",,,,,,"2
 (0)
 (2)",,"0
 (0)
 (0)","※ 예산 범위내 보조금액 조정 가능
※ 잔여물량 : 승용 1대(사회적 취약계층 및 다자녀가구)"
전남,영광군,승용,"*일반: 출고등록순
*우선: -","130
 (0)
 (130)",,,,"128
 (14)
 (114)",,,,,,"128
 (14)
 (114)",,"2
 (0)
 (2)","1. 지원대수 (9.1.일부터 우선순위 물량 우선순위 외 물량과 통합 진행)
   - 고속전기차: 50대, 최대 1540만원(국820 도120 군 600)
   - 초소형전기차: 80대, 최대 1100만원(국400 도100 군500)
2. 접수기간 : 2020.9.1.(월) 09:00 ~ 예산소진시
3. 잔여대수 : 고속9대, 초소형3대
3. 선정방법 : 출고등록순
4. 보급대수 : (개인, 법인, 사업자,단체 등 )1대 
   ※ 1세대당 1대
5. 지원자격 
 -. 공고일 1년전부터 영광군에 거주한 자.
 -  접수일로 부터 2달 (60일) 이내 차량 출고 및 보조금 지급 신청이 가능한 자

기타 자세한 사항은 공고문 확인부탁드립니다."
전남,장성군,승용,"*일반: 접수순(초과시 추첨)
*우선: -","50
 (10)
 (40)",,,,"40
 (2)
 (38)",,,,,,"40
 (2)
 (38)",,"10
 (8)
 (2)",
전남,장성군,화물,,"62
 (12)
 (50)",,,,"45
 (7)
 (38)",,,,,,"42
 (7)
 (35)",,"20
 (5)
 (15)",
전남,완도군,승용,"*일반: 출고등록순
*우선: -","10
 (0)
 (10)",,,,"9
 (0)
 (9)",,,,,,"9
 (0)
 (9)",,"1
 (0)
 (1)","소형 전기화물차(6대) 신청 마감
대당 보조금: 2,520만원"
전남,완도군,화물,,"27
 (0)
 (27)",,,,"21
 (0)
 (21)",,,,,,"21
 (0)
 (21)",,"6
 (0)
 (6)","소형 전기화물차(6대) 신청 마감
대당 보조금: 2,520만원"
전남,진도군,승용,"*일반: 출고등록순
*우선: 보조금 지원가능 확인요청서 등록순","14
 (0)
 (14)",,,,"12
 (3)
 (9)",,,,,,"12
 (3)
 (9)",,"2
 (0)
 (2)",
전남,진도군,화물,"*일반: 출고등록순
*우선: 보조금 지원가능 확인요청서 등록순","10
 (0)
 (10)",,,,"15
 (0)
 (15)",,,,,,"10
 (0)
 (10)",,"0
 (0)
 (0)",
전남,신안군,,,,,,,,,,,,,,,,
경북,포항시,승용,"*일반: 출고등록순
*우선: -","491
 (0)
 (491)",,,,"347
 (5)
 (342)",,,,,,"347
 (5)
 (342)",,"144
 (0)
 (144)","12월 24일까지 보조금 지급신청서 들어오는 차량에 한해서 
보조금 지급 가능함을 알려드립니다."
경북,포항시,화물,"*일반: 접수순
*우선: -","426
 (0)
 (426)",,,,"387
 (5)
 (382)",,,,,,"387
 (5)
 (382)",,"39
 (0)
 (39)","12월 24일까지 보조금 지급신청서 들어오는 차량에 한해서 
보조금 지급 가능함을 알려드립니다."
경북,포항시,승합,,"63
 (0)
 (63)",,,,"59
 (0)
 (59)",,,,,,"59
 (0)
 (59)",,"4
 (0)
 (4)","12월 24일까지 보조금 지급신청서 들어오는 차량에 한해서 
보조금 지급 가능함을 알려드립니다."
경북,경주시,승용,"*일반: 승용(출고등록순), 화물(추첨)
*우선: -","128
 (0)
 (128)",,,,"128
 (0)
 (128)",,,,,,"128
 (0)
 (128)",,"0
 (0)
 (0)","전기승용차 추가공고 2020.05.08. 

경주시 거주요건 완화

세부내용은 최근 공고를 확인하여 주세요"
경북,경주시,화물,,"158
 (0)
 (158)",,,,"158
 (12)
 (146)",,,,,,"158
 (12)
 (146)",,"0
 (0)
 (0)","전기승용차 추가공고 2020.05.08. 

경주시 거주요건 완화

세부내용은 최근 공고를 확인하여 주세요"
경북,김천시,승용,"*일반: 출고등록순
*우선: 출고등록순","82
 (20)
 (62)",,,,"63
 (1)
 (62)",,,,,,"63
 (1)
 (62)",,"19
 (19)
 (0)","20.07.31.부터 화물신청
지원대수: 60대"
경북,김천시,화물,"*일반: 출고등록순
*우선: 출고등록순","48
 (12)
 (36)",,,,"76
 (12)
 (64)",,,,,,"76
 (12)
 (64)",,"0
 (0)
 (0)","20.07.31.부터 화물신청
지원대수: 60대"
경북,안동시,화물,"*일반: 접수순
*우선: -","5
 (0)
 (5)",,,,"7
 (0)
 (7)",,,,,,"5
 (0)
 (5)",,"0
 (0)
 (0)","전기화물차 포기물량 시스템 접수(신청순 지원)

전기승용차 오프라인 접수 중(신청순 지원)
안동시청 홈페이지 참고
*안동시청&gt;시정소식&gt;고시공고&gt;전기자동차 검색"
경북,구미시,승용,"*일반: 접수순
*우선: 접수순","226
 (0)
 (226)",,,,"157
 (2)
 (155)",,,,,,"157
 (2)
 (155)",,"69
 (0)
 (69)","○ 신청기간 : &apos;20. 3. 9(월)  ~  &apos;20.12.11(금)  * 예산 소진시 마감
○ 보급대수 : 540대(승용 228대, 화물 312대)  
    ※ 저공해차 구매보조금 지원시스템 접수 대기자 우선 선정
        - 국고보조금 교부시 순차적 선정 
○ 지원기준 
  - 지원대수 : 개인 1대(차종별), 기업 ·법인 최대 10대
  - 지원금액 : 승용 최대 1,420만원/대, 화물 최대 2,400만원/대
○ 대상자 선정방법 : 신청서 접수순
※상세내용은 공고문 참조"
경북,구미시,화물,"*일반: 접수순
*우선: 접수순","312
 (0)
 (312)",,,,"312
 (23)
 (289)",,,,,,"312
 (23)
 (289)",,"0
 (0)
 (0)","○ 신청기간 : &apos;20. 3. 9(월)  ~  &apos;20.12.11(금)  * 예산 소진시 마감
○ 보급대수 : 540대(승용 228대, 화물 312대)  
    ※ 저공해차 구매보조금 지원시스템 접수 대기자 우선 선정
        - 국고보조금 교부시 순차적 선정 
○ 지원기준 
  - 지원대수 : 개인 1대(차종별), 기업 ·법인 최대 10대
  - 지원금액 : 승용 최대 1,420만원/대, 화물 최대 2,400만원/대
○ 대상자 선정방법 : 신청서 접수순
※상세내용은 공고문 참조"
경북,영주시,승용,"*일반: 접수순(초과시 추첨)
*우선: -","16
 (3)
 (13)",,,,"12
 (2)
 (10)",,,,,,"10
 (2)
 (8)",,"6
 (1)
 (5)",
경북,영주시,화물,"*일반: 접수순(초과시 추첨)
*우선: -","18
 (0)
 (18)",,,,"46
 (5)
 (41)",,,,,,"18
 (4)
 (14)",,"0
 (0)
 (0)",
경북,영천시,승용,"*일반: 출고등록순
*우선: -","50
 (0)
 (50)",,,,"50
 (0)
 (50)",,,,,,"50
 (0)
 (50)",,"0
 (0)
 (0)","○ 보급대수: 45대(승용40, 화물5)정도
    ※ 차종에 따라 보급대수 변동
  ○ 신청기간: 2020. 3. 2. (월) 09:00 ~ 예산소진 시
  ○ 보급방법: 우선대상자 선정 후 출고등록순
  ○ 지원대상: 공고일(2.17) 기준 영천시에 주소를 둔 만 18세이상 개인/사업자
  ○ 지원금액: 승용 최대 1420만원/대, 화물 최대 2400만원/대
    ※ 자세한 사항은 공고파일 참조!
    ※ 화물 소형은 마감되었습니다!"
경북,영천시,화물,"*일반: 출고등록순
*우선: -","59
 (12)
 (47)",,,,"59
 (8)
 (51)",,,,,,"59
 (8)
 (51)",,"0
 (4)
 (0)","○ 보급대수: 45대(승용40, 화물5)정도
    ※ 차종에 따라 보급대수 변동
  ○ 신청기간: 2020. 3. 2. (월) 09:00 ~ 예산소진 시
  ○ 보급방법: 우선대상자 선정 후 출고등록순
  ○ 지원대상: 공고일(2.17) 기준 영천시에 주소를 둔 만 18세이상 개인/사업자
  ○ 지원금액: 승용 최대 1420만원/대, 화물 최대 2400만원/대
    ※ 자세한 사항은 공고파일 참조!
    ※ 화물 소형은 마감되었습니다!"
경북,상주시,승용,"*일반: 출고등록순
*우선: 출고등록순","55
 (0)
 (55)",,,,"26
 (4)
 (22)",,,,,,"26
 (4)
 (22)",,"29
 (0)
 (29)",
경북,상주시,화물,"*일반: 출고등록순
*우선: 출고등록순","34
 (0)
 (34)",,,,"24
 (0)
 (24)",,,,,,"24
 (0)
 (24)",,"10
 (0)
 (10)",
경북,문경시,승용,"*일반: 접수순(초과시 추첨)
*우선: -","30
 (0)
 (30)",,,,"21
 (0)
 (21)",,,,,,"21
 (0)
 (21)",,"9
 (0)
 (9)",
경북,문경시,화물,"*일반: 추첨
*우선: 접수순(초과시 추첨)","12
 (2)
 (10)",,,,"12
 (0)
 (12)",,,,,,"11
 (0)
 (11)",,"1
 (2)
 (0)",
경북,경산시,승용,"*일반: 출고등록순
*우선: -","199
 (0)
 (199)",,,,"125
 (7)
 (118)",,,,,,"125
 (7)
 (118)",,"74
 (0)
 (74)",※ 2020년 전기자동차 사업종료
경북,경산시,화물,,"40
 (0)
 (40)",,,,"72
 (1)
 (71)",,,,,,"72
 (1)
 (71)",,"0
 (0)
 (0)",※ 2020년 전기자동차 사업종료
경북,군위군,승용,"*일반: 승용(출고등록순), 화물(추첨)
*우선: -","20
 (0)
 (20)",,,,"16
 (1)
 (15)",,,,,,"16
 (1)
 (15)",,"4
 (0)
 (4)","* 신청서에는 &quot;싸인&quot;이 아닌 &quot;도장&quot;을 반드시 찍어주시기 바랍니다.
* 20.09.16.(수)~09.18.(금) 화물추가 2대 신청서류는 군위군청 환경위생과로 직접 방문 접수바랍니다. (사이트접수 불가)

ㅇ 보급대수
   - 승용(초소형 지원 제외) : 20대정도(우선순위대상 4대, 일반대상 16대정도)
   - 화물(소형만 지원) : 1차추경 2대[마감], 2차추경 2대[현재 추진중]
ㅇ 신청대상
   - 2020. 1. 1 이전부터 연속하여 군위군에 주소지를 둔 만 18세 이상
ㅇ 신청기간 
   - 승용 : 2020. 3.  2. ∼ 예산 소진 시까지 
   - 화물 : 2020. 3.  2. ∼ 3. 20.
               2020. 9.16. ~  9. 18.(추가)
ㅇ 선정대상 
   - 승용 : 차량 출고·등록순
   - 화물 : 추첨"
경북,군위군,화물,,"6
 (0)
 (6)",,,,"4
 (0)
 (4)",,,,,,"4
 (0)
 (4)",,"2
 (0)
 (2)","* 신청서에는 &quot;싸인&quot;이 아닌 &quot;도장&quot;을 반드시 찍어주시기 바랍니다.
* 20.09.16.(수)~09.18.(금) 화물추가 2대 신청서류는 군위군청 환경위생과로 직접 방문 접수바랍니다. (사이트접수 불가)

ㅇ 보급대수
   - 승용(초소형 지원 제외) : 20대정도(우선순위대상 4대, 일반대상 16대정도)
   - 화물(소형만 지원) : 1차추경 2대[마감], 2차추경 2대[현재 추진중]
ㅇ 신청대상
   - 2020. 1. 1 이전부터 연속하여 군위군에 주소지를 둔 만 18세 이상
ㅇ 신청기간 
   - 승용 : 2020. 3.  2. ∼ 예산 소진 시까지 
   - 화물 : 2020. 3.  2. ∼ 3. 20.
               2020. 9.16. ~  9. 18.(추가)
ㅇ 선정대상 
   - 승용 : 차량 출고·등록순
   - 화물 : 추첨"
경북,의성군,승용,"*일반: 출고등록순
*우선: -","28
 (6)
 (22)",,,,"20
 (0)
 (20)",,,,,,"20
 (0)
 (20)",,"8
 (6)
 (2)","1. 신청기간 : 2020. 3. 9. 10:00 ~ 예산 소진 시 까지
2. 보급대수 : 65대(승용 28대, 화물 37대)
3. 선정기준 : 승용(차량 출고등록 순), 화물(접수순)
4. 기타 자세한 내용은 공고문 참고 및 확인
5. 보조금 시스템 관련 문의는 ☎1661-0970(한국환경공단 통합안내데스크)"
경북,의성군,화물,"*일반: 접수순
*우선: 접수순","37
 (8)
 (29)",,,,"37
 (1)
 (36)",,,,,,"37
 (1)
 (36)",,"0
 (7)
 (0)","1. 신청기간 : 2020. 3. 9. 10:00 ~ 예산 소진 시 까지
2. 보급대수 : 65대(승용 28대, 화물 37대)
3. 선정기준 : 승용(차량 출고등록 순), 화물(접수순)
4. 기타 자세한 내용은 공고문 참고 및 확인
5. 보조금 시스템 관련 문의는 ☎1661-0970(한국환경공단 통합안내데스크)"
경북,청송군,승용,"*일반: 접수순
*우선: 접수순","15
 (3)
 (12)",,,,"11
 (0)
 (11)",,,,,,"11
 (0)
 (11)",,"4
 (3)
 (1)",
경북,청송군,화물,"*일반: 접수순(초과시 추첨)
*우선: 접수순(초과시 추첨)","13
 (1)
 (12)",,,,"13
 (2)
 (11)",,,,,,"13
 (2)
 (11)",,"0
 (0)
 (0)",
경북,영양군,승용,"*일반: 접수순(초과시 출고등록순)
*우선: -","10
 (0)
 (10)",,,,"7
 (0)
 (7)",,,,,,"7
 (0)
 (7)",,"3
 (0)
 (3)",
경북,영양군,화물,"*일반: 순위결정에 따름
*우선: 순위결정에 따름","6
 (0)
 (6)",,,,"6
 (1)
 (5)",,,,,,"6
 (1)
 (5)",,"0
 (0)
 (0)",
경북,영덕군,승용,"*일반: 접수순
*우선: -","10
 (0)
 (10)",,,,"11
 (0)
 (11)",,,,,,"11
 (0)
 (11)",,"0
 (0)
 (0)",
경북,영덕군,화물,"*일반: 접수순
*우선: -","26
 (0)
 (26)",,,,"26
 (1)
 (25)",,,,,,"26
 (1)
 (25)",,"0
 (0)
 (0)",
경북,청도군,전체,"*일반: 출고등록순
*우선: -","50
 (0)
 (50)",,,,"38
 (0)
 (38)",,,,,,"38
 (0)
 (38)",,"12
 (0)
 (12)",
경북,고령군,승용,"*일반: 출고등록순
*우선: -","60
 (0)
 (60)",,,,"0
 (0)
 (0)",,,,,,"0
 (0)
 (0)",,"0
 (0)
 (0)","* 공고 및 지원서식은 고령군청 홈페이지 고시/공고란 참조(http://www.goryeong.go.kr)

* 전기화물차 10대 소진"
경북,고령군,화물,,"10
 (0)
 (10)",,,,"0
 (0)
 (0)",,,,,,"0
 (0)
 (0)",,"0
 (0)
 (0)","* 공고 및 지원서식은 고령군청 홈페이지 고시/공고란 참조(http://www.goryeong.go.kr)

* 전기화물차 10대 소진"
경북,성주군,승용,"*일반: 출고등록순
*우선: -","44
 (0)
 (44)",,,,"22
 (1)
 (21)",,,,,,"22
 (1)
 (21)",,"22
 (0)
 (22)","승용차 60대, 화물차 10대 -&gt; 승용차 22대, 화물차 59대"
경북,성주군,화물,"*일반: 출고등록순
*우선: -","118
 (0)
 (118)",,,,"59
 (2)
 (57)",,,,,,"59
 (2)
 (57)",,"59
 (0)
 (59)","승용차 60대, 화물차 10대 -&gt; 승용차 22대, 화물차 59대"
경북,칠곡군,승용,"*일반: 출고등록순
*우선: -","40
 (0)
 (40)",,,,"41
 (0)
 (41)",,,,,,"41
 (0)
 (41)",,"0
 (0)
 (0)","&apos;20.9.28. 화물 마감
&apos;20.10.8. 승용 마감"
경북,칠곡군,화물,,"29
 (4)
 (25)",,,,"29
 (4)
 (25)",,,,,,"29
 (4)
 (25)",,"0
 (0)
 (0)","&apos;20.9.28. 화물 마감
&apos;20.10.8. 승용 마감"
경북,예천군,승용,"*일반: 접수순(초과시 추첨)
*우선: -","19
 (0)
 (19)",,,,"21
 (1)
 (20)",,,,,,"21
 (1)
 (20)",,"0
 (0)
 (0)","1.보급대수: 전기화물 11대
  * 전기승용차는 선착순 추가접수 진행중
2.신청기간: 2020. 9. 24.(목) ~ 2020. 10. 6.(화 ), 09:00 ~ 18:00
  ※ 기간 내 신청 물량이 지원대수에 미달하는 경우 예산 소진 시까지 접수  
3.신청자격
- 예천군에 6개월 이상 거주하는 만 18세(자동차 운전면허시험 자격 최소연령) 이상 개인 
- 사업장 소재지가 예천군인 기업, 법인, 공공기관, 지방공기업 등(중앙행정기관 제외)
4.보조금 지원대상자 선정: 신청서 접수 순, 초과 시 공개추첨
5.보조금 신청 방법 : 저공해차 구매 보조금 지원시스템 (www.ev.or.kr/ps)에서 온라인 접수
6. 자세한 사항 및 신청서식은 반드시 공고문 확인하시기 바랍니다."
경북,예천군,화물,"*일반: 접수순(초과시 추첨)
*우선: -","13
 (13)
 (0)",,,,"13
 (1)
 (12)",,,,,,"13
 (1)
 (12)",,"0
 (12)
 (0)","1.보급대수: 전기화물 11대
  * 전기승용차는 선착순 추가접수 진행중
2.신청기간: 2020. 9. 24.(목) ~ 2020. 10. 6.(화 ), 09:00 ~ 18:00
  ※ 기간 내 신청 물량이 지원대수에 미달하는 경우 예산 소진 시까지 접수  
3.신청자격
- 예천군에 6개월 이상 거주하는 만 18세(자동차 운전면허시험 자격 최소연령) 이상 개인 
- 사업장 소재지가 예천군인 기업, 법인, 공공기관, 지방공기업 등(중앙행정기관 제외)
4.보조금 지원대상자 선정: 신청서 접수 순, 초과 시 공개추첨
5.보조금 신청 방법 : 저공해차 구매 보조금 지원시스템 (www.ev.or.kr/ps)에서 온라인 접수
6. 자세한 사항 및 신청서식은 반드시 공고문 확인하시기 바랍니다."
경북,봉화군,승용,"*일반: 추첨
*우선: -","18
 (0)
 (18)",,,,"0
 (0)
 (0)",,,,,,"0
 (0)
 (0)",,"0
 (0)
 (0)",
경북,봉화군,화물,,"2
 (0)
 (2)",,,,"0
 (0)
 (0)",,,,,,"0
 (0)
 (0)",,"0
 (0)
 (0)",
경북,울진군,승용,"*일반: 접수순
*우선: 접수순","25
 (0)
 (25)",,,,"18
 (1)
 (17)",,,,,,"18
 (1)
 (17)",,"7
 (0)
 (7)",
경북,울진군,화물,"*일반: 접수순
*우선: 접수순","8
 (0)
 (8)",,,,"8
 (1)
 (7)",,,,,,"8
 (1)
 (7)",,"0
 (0)
 (0)",
경북,울릉군,승용,"*일반: 출고등록순
*우선: -","47
 (0)
 (47)",,,,"47
 (0)
 (47)",,,,,,"47
 (0)
 (47)",,"0
 (0)
 (0)","1. 사업개요
 ○ 사업기간 : 2020. 2. 28. ~ 2020. 12. 31.
 ○ 보급대수 : 85대(승용55대, 초소형10대, 화물20대)
 ○ 보 조 금
   ☞ 승   용 : 1대당 1,705 ~ 1,920만원(차량별 상이)
   ☞ 초소형 : 1대당 900만원
   ☞ 화   물 : 1대당 1,012 ~ 2,900만원(차종별 상이)
2. 신청자격
 ○ 2020년 7월 1일 이전 울릉군에 주소지를 둔 만18세 이상 울릉군민
3. 접수방법
 ○ 인터넷 접수(ev.or.kr)
   ※ 예산 또는 물량소진 시까지 신청 접수"
경북,울릉군,화물,"*일반: 출고등록순
*우선: -","28
 (0)
 (28)",,,,"28
 (0)
 (28)",,,,,,"28
 (0)
 (28)",,"0
 (0)
 (0)","1. 사업개요
 ○ 사업기간 : 2020. 2. 28. ~ 2020. 12. 31.
 ○ 보급대수 : 85대(승용55대, 초소형10대, 화물20대)
 ○ 보 조 금
   ☞ 승   용 : 1대당 1,705 ~ 1,920만원(차량별 상이)
   ☞ 초소형 : 1대당 900만원
   ☞ 화   물 : 1대당 1,012 ~ 2,900만원(차종별 상이)
2. 신청자격
 ○ 2020년 7월 1일 이전 울릉군에 주소지를 둔 만18세 이상 울릉군민
3. 접수방법
 ○ 인터넷 접수(ev.or.kr)
   ※ 예산 또는 물량소진 시까지 신청 접수"
경남,창원시,승용,"*일반: 출고등록순
*우선: -","598
 (0)
 (598)",,,,"607
 (13)
 (594)",,,,,,"606
 (13)
 (593)",,"0
 (0)
 (0)","2020년 창원시 전기자동차(승용,화물) 보급사업 변경 공고
1.보급대수: 총518대(승용 480대, 화물 38대) 
                   (당초) 500대(승용 480대, 화물 20대)
                   (변경) 518대(승용 480대, 화물 38대 / 화물 18대 추가)
2.신청기간: 2020. 6. 3.(수) ~ 2020. 12. 15.(화) ※ 예산소진 시 사업종료
3.신청자격:구매지원 신청 일 전 3개월 이상 창원시 관내 거주한 개인(개인사업자) 및 법인
4.보조금 지원대상자 선정: 출고등록순   
5.자세한 사항 및 신청서식은 반드시 공고문 확인하시기 바랍니다.
=======================================================
2020년 창원시 초소형(승용) 전기자동차 보급사업 공고
1. 보급대수 : 100대 (일반물량 : 70대, 우선물량 : 30대)
2. 신청기간 : 2020.4.10.(금) ~ 2020.12.15.(화) ※ 예산소진 시 마감
3. 신청자격 : 구매지원 신청 일 전 3개월 이상 창원시 관내 거주한 개인, 개인사업자 및 법인
     (개인) : 연간 1대
     (개인사업자, 법인) : 연간 3대   단, 개인사업자로 신청할 경우 배달업종일 경우
4. 보조금액 : 대당 640만원 정액지원
5. 자세한 사항 및 신청서식은 반드시 공고문 확인하시기 바랍니다."
경남,창원시,화물,"*일반: 접수순
*우선: -","344
 (0)
 (344)",,,,"325
 (6)
 (319)",,,,,,"325
 (6)
 (319)",,"19
 (0)
 (19)","2020년 창원시 전기자동차(승용,화물) 보급사업 변경 공고
1.보급대수: 총518대(승용 480대, 화물 38대) 
                   (당초) 500대(승용 480대, 화물 20대)
                   (변경) 518대(승용 480대, 화물 38대 / 화물 18대 추가)
2.신청기간: 2020. 6. 3.(수) ~ 2020. 12. 15.(화) ※ 예산소진 시 사업종료
3.신청자격:구매지원 신청 일 전 3개월 이상 창원시 관내 거주한 개인(개인사업자) 및 법인
4.보조금 지원대상자 선정: 출고등록순   
5.자세한 사항 및 신청서식은 반드시 공고문 확인하시기 바랍니다.
=======================================================
2020년 창원시 초소형(승용) 전기자동차 보급사업 공고
1. 보급대수 : 100대 (일반물량 : 70대, 우선물량 : 30대)
2. 신청기간 : 2020.4.10.(금) ~ 2020.12.15.(화) ※ 예산소진 시 마감
3. 신청자격 : 구매지원 신청 일 전 3개월 이상 창원시 관내 거주한 개인, 개인사업자 및 법인
     (개인) : 연간 1대
     (개인사업자, 법인) : 연간 3대   단, 개인사업자로 신청할 경우 배달업종일 경우
4. 보조금액 : 대당 640만원 정액지원
5. 자세한 사항 및 신청서식은 반드시 공고문 확인하시기 바랍니다."
경남,창원시,승합,,"200
 (0)
 (200)",,,,"70
 (0)
 (70)",,,,,,"70
 (0)
 (70)",,"130
 (0)
 (130)","2020년 창원시 전기자동차(승용,화물) 보급사업 변경 공고
1.보급대수: 총518대(승용 480대, 화물 38대) 
                   (당초) 500대(승용 480대, 화물 20대)
                   (변경) 518대(승용 480대, 화물 38대 / 화물 18대 추가)
2.신청기간: 2020. 6. 3.(수) ~ 2020. 12. 15.(화) ※ 예산소진 시 사업종료
3.신청자격:구매지원 신청 일 전 3개월 이상 창원시 관내 거주한 개인(개인사업자) 및 법인
4.보조금 지원대상자 선정: 출고등록순   
5.자세한 사항 및 신청서식은 반드시 공고문 확인하시기 바랍니다.
=======================================================
2020년 창원시 초소형(승용) 전기자동차 보급사업 공고
1. 보급대수 : 100대 (일반물량 : 70대, 우선물량 : 30대)
2. 신청기간 : 2020.4.10.(금) ~ 2020.12.15.(화) ※ 예산소진 시 마감
3. 신청자격 : 구매지원 신청 일 전 3개월 이상 창원시 관내 거주한 개인, 개인사업자 및 법인
     (개인) : 연간 1대
     (개인사업자, 법인) : 연간 3대   단, 개인사업자로 신청할 경우 배달업종일 경우
4. 보조금액 : 대당 640만원 정액지원
5. 자세한 사항 및 신청서식은 반드시 공고문 확인하시기 바랍니다."
경남,진주시,승용,"*일반: 출고등록순
*우선: -","150
 (0)
 (150)",,,,"157
 (11)
 (146)",,,,,,"157
 (11)
 (146)",,"0
 (0)
 (0)","신청서 접수 후  
자격부여 후 출고예정서 등록 가능"
경남,진주시,화물,"*일반: 출고등록순
*우선: -","30
 (0)
 (30)",,,,"34
 (1)
 (33)",,,,,,"30
 (1)
 (29)",,"0
 (0)
 (0)","신청서 접수 후  
자격부여 후 출고예정서 등록 가능"
경남,통영시,승용,"*일반: 출고등록순
*우선: -","22
 (0)
 (22)",,,,"23
 (3)
 (20)",,,,,,"23
 (3)
 (20)",,"0
 (0)
 (0)",- 잔여대수 : 1대(초소형 승용 1대)
경남,통영시,화물,"*일반: 출고등록순
*우선: -","21
 (0)
 (21)",,,,"21
 (2)
 (19)",,,,,,"21
 (2)
 (19)",,"0
 (0)
 (0)",- 잔여대수 : 1대(초소형 승용 1대)
경남,사천시,승용,"*일반: 출고등록순
*우선: -","50
 (0)
 (50)",,,,"48
 (2)
 (46)",,,,,,"48
 (2)
 (46)",,"2
 (0)
 (2)",
경남,사천시,화물,,"20
 (0)
 (20)",,,,"21
 (1)
 (20)",,,,,,"21
 (1)
 (20)",,"0
 (0)
 (0)",
경남,김해시,승용,"*일반: 출고등록순
*우선: -","216
 (0)
 (216)",,,,"219
 (27)
 (192)",,,,,,"219
 (27)
 (192)",,"0
 (0)
 (0)","ㅇ 보 급 대 수
   - 전기승용차 : 216대 정도
       [일반 172대, 보조금 우선순위 33대, 생애 첫차 구매 청년층(만 39세 이하) 11대]
    ※ 보조금 우선순위 : 취약계층(장애인, 기초생활수급자, 상이유공자, 독립유공자), 다자녀(만18세미만 자녀 3명이상), 생애최초 차량 구매자(만18세이상 연령무관), 미세먼지 개선효과가 높은 차량 구매자[경유차 말소？폐차 후 첫 차량으로 전기차 구매(보조금 신청전까지 경유차 말소？폐차 이행), 택시]
 ㅇ 신 청 기 간
   - 전기승용차 : `20. 2. 17. 9:00 ∼ ‘20. 10. 20. 18:00
                     (업무시간만 접수, 보급물량초과 시 조기마감)
 ㅇ 신 청 방 법 : 저공해차 구매보조금 지원시스템[http://www.ev.or.kr/ps]
 ㅇ 대상자 선정 : 출고·등록순
※ 기타 자세한 사항은 붙임 공고문 참조"
경남,김해시,화물,,"20
 (0)
 (20)",,,,"20
 (3)
 (17)",,,,,,"20
 (3)
 (17)",,"0
 (0)
 (0)","ㅇ 보 급 대 수
   - 전기승용차 : 216대 정도
       [일반 172대, 보조금 우선순위 33대, 생애 첫차 구매 청년층(만 39세 이하) 11대]
    ※ 보조금 우선순위 : 취약계층(장애인, 기초생활수급자, 상이유공자, 독립유공자), 다자녀(만18세미만 자녀 3명이상), 생애최초 차량 구매자(만18세이상 연령무관), 미세먼지 개선효과가 높은 차량 구매자[경유차 말소？폐차 후 첫 차량으로 전기차 구매(보조금 신청전까지 경유차 말소？폐차 이행), 택시]
 ㅇ 신 청 기 간
   - 전기승용차 : `20. 2. 17. 9:00 ∼ ‘20. 10. 20. 18:00
                     (업무시간만 접수, 보급물량초과 시 조기마감)
 ㅇ 신 청 방 법 : 저공해차 구매보조금 지원시스템[http://www.ev.or.kr/ps]
 ㅇ 대상자 선정 : 출고·등록순
※ 기타 자세한 사항은 붙임 공고문 참조"
경남,김해시,승합,"*일반: 테스트중
*우선: 테스트중","30
 (0)
 (30)",,,,"30
 (0)
 (30)",,,,,,"30
 (0)
 (30)",,"0
 (0)
 (0)","ㅇ 보 급 대 수
   - 전기승용차 : 216대 정도
       [일반 172대, 보조금 우선순위 33대, 생애 첫차 구매 청년층(만 39세 이하) 11대]
    ※ 보조금 우선순위 : 취약계층(장애인, 기초생활수급자, 상이유공자, 독립유공자), 다자녀(만18세미만 자녀 3명이상), 생애최초 차량 구매자(만18세이상 연령무관), 미세먼지 개선효과가 높은 차량 구매자[경유차 말소？폐차 후 첫 차량으로 전기차 구매(보조금 신청전까지 경유차 말소？폐차 이행), 택시]
 ㅇ 신 청 기 간
   - 전기승용차 : `20. 2. 17. 9:00 ∼ ‘20. 10. 20. 18:00
                     (업무시간만 접수, 보급물량초과 시 조기마감)
 ㅇ 신 청 방 법 : 저공해차 구매보조금 지원시스템[http://www.ev.or.kr/ps]
 ㅇ 대상자 선정 : 출고·등록순
※ 기타 자세한 사항은 붙임 공고문 참조"
경남,밀양시,승용,"*일반: 출고등록순
*우선: -","47
 (0)
 (47)",,,,"47
 (4)
 (43)",,,,,,"47
 (4)
 (43)",,"0
 (0)
 (0)","1. 보급대수 : 총 20대 정도(승용 5대, 화물 15대)
2. 보급기간 : 2020.9.28.(월) ~ 예산 소진 시까지
3. 신청대상 : 2020.6.21. 이전부터 계속해서 밀양시에 주소를 둔 만 18세이상 개인 / 사업자
4. 지원금액 : 승용 최대 1,420만원, 　　　　　　　　　화물 최대 2,400만원(차종에 따라 차등지급) 
5. 신청절차 : 구매자는 자동차 제조,수입자와 구매계약을 체결하고 구매 지원신청서를 작성하여 제출
※ 기타 자세한 사항은 붙임 공고문을 참조"
경남,밀양시,화물,"*일반: 출고등록순
*우선: -","28
 (0)
 (28)",,,,"49
 (3)
 (46)",,,,,,"28
 (3)
 (25)",,"0
 (0)
 (0)","1. 보급대수 : 총 20대 정도(승용 5대, 화물 15대)
2. 보급기간 : 2020.9.28.(월) ~ 예산 소진 시까지
3. 신청대상 : 2020.6.21. 이전부터 계속해서 밀양시에 주소를 둔 만 18세이상 개인 / 사업자
4. 지원금액 : 승용 최대 1,420만원, 　　　　　　　　　화물 최대 2,400만원(차종에 따라 차등지급) 
5. 신청절차 : 구매자는 자동차 제조,수입자와 구매계약을 체결하고 구매 지원신청서를 작성하여 제출
※ 기타 자세한 사항은 붙임 공고문을 참조"
경남,밀양시,승합,,"4
 (0)
 (4)",,,,"0
 (0)
 (0)",,,,,,"0
 (0)
 (0)",,"0
 (0)
 (0)","1. 보급대수 : 총 20대 정도(승용 5대, 화물 15대)
2. 보급기간 : 2020.9.28.(월) ~ 예산 소진 시까지
3. 신청대상 : 2020.6.21. 이전부터 계속해서 밀양시에 주소를 둔 만 18세이상 개인 / 사업자
4. 지원금액 : 승용 최대 1,420만원, 　　　　　　　　　화물 최대 2,400만원(차종에 따라 차등지급) 
5. 신청절차 : 구매자는 자동차 제조,수입자와 구매계약을 체결하고 구매 지원신청서를 작성하여 제출
※ 기타 자세한 사항은 붙임 공고문을 참조"
경남,거제시,승용,"*일반: 출고등록순
*우선: -","53
 (0)
 (53)",,,,"55
 (4)
 (51)",,,,,,"55
 (4)
 (51)",,"0
 (0)
 (0)",
경남,거제시,화물,"*일반: 출고등록순
*우선: -","17
 (0)
 (17)",,,,"18
 (4)
 (14)",,,,,,"17
 (4)
 (13)",,"0
 (0)
 (0)",
경남,양산시,승용,"*일반: 출고등록순
*우선: -","154
 (0)
 (154)",,,,"154
 (8)
 (146)",,,,,,"152
 (8)
 (144)",,"2
 (0)
 (2)",
경남,양산시,화물,,"249
 (0)
 (249)",,,,"269
 (6)
 (263)",,,,,,"263
 (6)
 (257)",,"0
 (0)
 (0)",
경남,양산시,승합,"*일반: 접수순
*우선: 접수순","10
 (0)
 (10)",,,,"10
 (0)
 (10)",,,,,,"10
 (0)
 (10)",,"0
 (0)
 (0)",
경남,의령군,승용,"*일반: 출고등록순
*우선: -","6
 (0)
 (6)",,,,"6
 (0)
 (6)",,,,,,"6
 (0)
 (6)",,"0
 (0)
 (0)",
경남,의령군,화물,"*일반: 출고등록순
*우선: -","18
 (0)
 (18)",,,,"18
 (0)
 (18)",,,,,,"18
 (0)
 (18)",,"0
 (0)
 (0)",
경남,함안군,승용,"*일반: 접수순
*우선: -","50
 (0)
 (50)",,,,"40
 (0)
 (40)",,,,,,"40
 (0)
 (40)",,"10
 (0)
 (10)",
경남,함안군,화물,"*일반: 출고등록순
*우선: -","15
 (0)
 (15)",,,,"15
 (0)
 (15)",,,,,,"15
 (0)
 (15)",,"0
 (0)
 (0)",
경남,창녕군,승용,"*일반: 출고등록순
*우선: -","30
 (0)
 (30)",,,,"21
 (1)
 (20)",,,,,,"21
 (1)
 (20)",,"9
 (0)
 (9)",
경남,창녕군,화물,"*일반: 출고등록순
*우선: -","25
 (0)
 (25)",,,,"29
 (5)
 (24)",,,,,,"29
 (5)
 (24)",,"0
 (0)
 (0)",
경남,고성군,승용,"*일반: 출고등록순
*우선: -","15
 (0)
 (15)",,,,"14
 (0)
 (14)",,,,,,"14
 (0)
 (14)",,"1
 (0)
 (1)","① 보급대수
  - 승용차 15대, 전기화물차 11대, 전기이륜차 6대
  (차종별 집행액에 따라 보급대수 변경 가능)
② 지원대상
  - 2020. 1. 1. 이전부터 계속 고성군에 주소 또는 사용본거지를 둔 만 18세이상 군민, 공공기관, 지방공기업, 법입 및 기업
  - 우선지원
    · 취약계층(장애인, 기초생활수급자), 상이유공자, 독립유공자 등
    · 미세먼지 개선효과가 높은 차량 구매자(택시, 노후경유차를 전기차로 대체 구매)
    · 생애 최초 차량 구매자
③ 접수기간: 2020. 3. 25.(수) ~ 예산 소진 시 까지
④ 접수방법: 구매보조금 지원시스템으로 신청(http://www.ev.or.kr/ps/main)
⑤ 대상자 선정: 출고·등록 순"
경남,고성군,화물,"*일반: 접수순
*우선: -","11
 (0)
 (11)",,,,"11
 (1)
 (10)",,,,,,"11
 (1)
 (10)",,"0
 (0)
 (0)","① 보급대수
  - 승용차 15대, 전기화물차 11대, 전기이륜차 6대
  (차종별 집행액에 따라 보급대수 변경 가능)
② 지원대상
  - 2020. 1. 1. 이전부터 계속 고성군에 주소 또는 사용본거지를 둔 만 18세이상 군민, 공공기관, 지방공기업, 법입 및 기업
  - 우선지원
    · 취약계층(장애인, 기초생활수급자), 상이유공자, 독립유공자 등
    · 미세먼지 개선효과가 높은 차량 구매자(택시, 노후경유차를 전기차로 대체 구매)
    · 생애 최초 차량 구매자
③ 접수기간: 2020. 3. 25.(수) ~ 예산 소진 시 까지
④ 접수방법: 구매보조금 지원시스템으로 신청(http://www.ev.or.kr/ps/main)
⑤ 대상자 선정: 출고·등록 순"
경남,남해군,승용,"*일반: 출고등록순
*우선: 출고등록순","31
 (0)
 (31)",,,,"31
 (1)
 (30)",,,,,,"31
 (1)
 (30)",,"0
 (0)
 (0)",
경남,남해군,화물,"*일반: 출고등록순
*우선: 출고등록순","4
 (1)
 (3)",,,,"10
 (2)
 (8)",,,,,,"4
 (1)
 (3)",,"0
 (0)
 (0)",
경남,하동군,승용,"*일반: 출고등록순
*우선: -","40
 (0)
 (40)",,,,"27
 (3)
 (24)",,,,,,"27
 (3)
 (24)",,"13
 (0)
 (13)",
경남,하동군,화물,,"3
 (0)
 (3)",,,,"31
 (0)
 (31)",,,,,,"31
 (0)
 (31)",,"0
 (0)
 (0)",
경남,산청군,승용,"*일반: 출고등록순
*우선: 출고등록순","31
 (5)
 (26)",,,,"31
 (6)
 (25)",,,,,,"31
 (6)
 (25)",,"0
 (0)
 (0)",
경남,산청군,화물,"*일반: 출고등록순
*우선: 출고등록순","15
 (3)
 (12)",,,,"15
 (4)
 (11)",,,,,,"15
 (4)
 (11)",,"0
 (0)
 (0)",
경남,함양군,승용,"*일반: 출고등록순
*우선: -","37
 (0)
 (37)",,,,"13
 (1)
 (12)",,,,,,"13
 (1)
 (12)",,"24
 (0)
 (24)","1. 사업내용 : 전기자동차 보급 사업
2, 신청기간 :  ~ 예산소진 시까지
3. 신청대상 : 2020년 1월 1일 이전 함양군에 주소를 둔 만18세 이상군민/법인 및 기업/ 공공기관(중앙행정기관 제외)
4. 선정기준 : 차량 출고(등록) 순"
경남,함양군,화물,,"14
 (0)
 (14)",,,,"26
 (2)
 (24)",,,,,,"26
 (2)
 (24)",,"0
 (0)
 (0)","1. 사업내용 : 전기자동차 보급 사업
2, 신청기간 :  ~ 예산소진 시까지
3. 신청대상 : 2020년 1월 1일 이전 함양군에 주소를 둔 만18세 이상군민/법인 및 기업/ 공공기관(중앙행정기관 제외)
4. 선정기준 : 차량 출고(등록) 순"
경남,거창군,승용,"*일반: 출고등록순
*우선: -","12
 (0)
 (12)",,,,"12
 (1)
 (11)",,,,,,"12
 (1)
 (11)",,"0
 (0)
 (0)","*추가공고
- 신청기간 : 2020. 10. 6. 09:00 ~ 예산 소진시 까지
- 보급물량 : 전기자동차 화물 15대 
- 선정기준 : 차량 출고(등록)순"
경남,거창군,화물,"*일반: 출고등록순
*우선: -","30
 (0)
 (30)",,,,"32
 (2)
 (30)",,,,,,"30
 (2)
 (28)",,"0
 (0)
 (0)","*추가공고
- 신청기간 : 2020. 10. 6. 09:00 ~ 예산 소진시 까지
- 보급물량 : 전기자동차 화물 15대 
- 선정기준 : 차량 출고(등록)순"
경남,합천군,승용,"*일반: 접수순
*우선: -","30
 (4)
 (26)",,,,"30
 (4)
 (26)",,,,,,"30
 (4)
 (26)",,"0
 (0)
 (0)",&lt;2020년도 전기자동차 민간보급사업 예산소진으로 사업마감&gt;
경남,합천군,화물,"*일반: 접수순
*우선: -","10
 (1)
 (9)",,,,"10
 (1)
 (9)",,,,,,"10
 (1)
 (9)",,"0
 (0)
 (0)",&lt;2020년도 전기자동차 민간보급사업 예산소진으로 사업마감&gt;
제주,제주특별자치도,승용,"*일반: 접수순
*우선: -","1600
 (0)
 (1600)",,,,"1653
 (70)
 (1583)",,,,,,"1639
 (70)
 (1569)",,"0
 (0)
 (0)","제주특별자치도에서는 도내 미세먼지 문제를 개선하고, 이산화탄소 등 온실가스 배출량을 감축하기 위한, CFI2030 계획에 따라 ‘전기자동차 선도도시’로서, 아래와 같이 공모를 추진하오니, 도민 여러분의 많은 참여바랍니다.
○ 접수기간 : 2020. 1. 31. ~ 2020. 12. 5. * 예산 또는 물량 소진 시까지
○ 접수장소 : 도내 전기차 판매 및 영업점 등
○ 보급대수 : 4,067대(승용 2,287, 화물 1,780) 범위 내
* 보급여건 및 예산증감에 따라 변동될 수 있음
○ 보급차종 : 전기차 보조금 지원 대상 차종
○ 선정기준 : 구매 지원신청서 접수순
○ 신청자격 : 제주도민(도내 기업 및 법인 등) * 신청일 전 3개월 이상 거주 및 설립 등
○ 보급기준 : 개인 및 개인사업자 1인 1대(동일 차종) 등
○ 보조금 지원 등 : 공고문 참고(승용 최대 1,320만원)
 * 반드시 공고문을 숙지하시고, 절차에 따라 신청하시기 바랍니다.
 * 미숙지에 따른 착오와 절차 미이행 등은 보조금 교부 대상이 아닙니다."
제주,제주특별자치도,화물,,"2000
 (0)
 (2000)",,,,"2263
 (441)
 (1822)",,,,,,"2008
 (423)
 (1585)",,"0
 (0)
 (0)","제주특별자치도에서는 도내 미세먼지 문제를 개선하고, 이산화탄소 등 온실가스 배출량을 감축하기 위한, CFI2030 계획에 따라 ‘전기자동차 선도도시’로서, 아래와 같이 공모를 추진하오니, 도민 여러분의 많은 참여바랍니다.
○ 접수기간 : 2020. 1. 31. ~ 2020. 12. 5. * 예산 또는 물량 소진 시까지
○ 접수장소 : 도내 전기차 판매 및 영업점 등
○ 보급대수 : 4,067대(승용 2,287, 화물 1,780) 범위 내
* 보급여건 및 예산증감에 따라 변동될 수 있음
○ 보급차종 : 전기차 보조금 지원 대상 차종
○ 선정기준 : 구매 지원신청서 접수순
○ 신청자격 : 제주도민(도내 기업 및 법인 등) * 신청일 전 3개월 이상 거주 및 설립 등
○ 보급기준 : 개인 및 개인사업자 1인 1대(동일 차종) 등
○ 보조금 지원 등 : 공고문 참고(승용 최대 1,320만원)
 * 반드시 공고문을 숙지하시고, 절차에 따라 신청하시기 바랍니다.
 * 미숙지에 따른 착오와 절차 미이행 등은 보조금 교부 대상이 아닙니다."
제주,제주특별자치도,승합,,"25
 (0)
 (25)",,,,"0
 (0)
 (0)",,,,,,"0
 (0)
 (0)",,"25
 (0)
 (25)","제주특별자치도에서는 도내 미세먼지 문제를 개선하고, 이산화탄소 등 온실가스 배출량을 감축하기 위한, CFI2030 계획에 따라 ‘전기자동차 선도도시’로서, 아래와 같이 공모를 추진하오니, 도민 여러분의 많은 참여바랍니다.
○ 접수기간 : 2020. 1. 31. ~ 2020. 12. 5. * 예산 또는 물량 소진 시까지
○ 접수장소 : 도내 전기차 판매 및 영업점 등
○ 보급대수 : 4,067대(승용 2,287, 화물 1,780) 범위 내
* 보급여건 및 예산증감에 따라 변동될 수 있음
○ 보급차종 : 전기차 보조금 지원 대상 차종
○ 선정기준 : 구매 지원신청서 접수순
○ 신청자격 : 제주도민(도내 기업 및 법인 등) * 신청일 전 3개월 이상 거주 및 설립 등
○ 보급기준 : 개인 및 개인사업자 1인 1대(동일 차종) 등
○ 보조금 지원 등 : 공고문 참고(승용 최대 1,320만원)
 * 반드시 공고문을 숙지하시고, 절차에 따라 신청하시기 바랍니다.
 * 미숙지에 따른 착오와 절차 미이행 등은 보조금 교부 대상이 아닙니다."
,,,,,,,,,,,,,,,,,
,,,,,,,,,,,,,,,,,
,,,,,,,,,,,,,,,,,
,,,,,,,,,,,,,,,,,
,,,,,,,,,,,,,,,,,
,,,,,,,,,,,,,,,,,
,,,,,,,,,,,,,,,,,
,,,,,,,,,,,,,,,,,
,,,,`,,,,,,,,,,,,,
