총괄현황(전기차),,,,,,,,,,,,,,,,,,,,,
,,,,,,,,,,,,,,,,,,,,,
시도,지역구분,차종,접수방법,민간공고대수,,,,,,접수대수,,,,,,접수 잔여대수,,출고대수,,출고잔여대수,비고
,,,,"전체
(우선순위)
(법인·기관)
(택시)
(일반)",전체,우선순위,법인·기관,택시,일반,"전체
(우선순위)
(법인·기관)
(택시)
(일반)",전체,우선순위,법인·기관,택시,일반,전체,일반,"전체
(우선순위)
(법인·기관)
(택시)
(일반)",전체,"전체
(우선순위)
(법인·기관)
(택시)
(일반)",
서울,서울특별시,전기승용,"*일반: 출고등록순
*우선: 출고등록순","11800
 (1500)
 (0)
 (1800)
 (8500)",11800,1500,0,1800,8500,"9354
 (1002)
 (352)
 (1179)
 (6821)",9354,1002,352,1179,6821,2446,1679,"9354
 (1002)
 (352)
 (1179)
 (6821)",9354,"2446
 (498)
 (0)
 (621)
 (1679)","신청일시 : 2024.2.28.(수) 10:00 ~ 2024.12.13.(금) 18:00 까지 (예산 소진시 조기 종료 가능)

보급대수 : 일반 8,500대, 우선순위 1,500대, 택시 1,800대

지원신청한 건 중 제작수입사에서 제출한 자격부여 요청 메일 검토하여 자격부여, 자격부여 후 2개월내 출고해야함 (미출고시 보조금 신청 취소)

★자격부여 이후, 10일내 출고가능시 지원가능요청 : 출고예정증빙 첨부하면 대상자 선정★

★★대상자선정 후 10일내 출고, 출고후 10일내 지급신청 하여야 보조금 지급 가능★★

자격부여만 받고 대상자선정 없이 출고시 보조금 지급 불가함

★★★ 전기승용차 다자녀 추가보조금 변경사항은 환경부 지침 변경에 따라 11월 4일 지원신청분부터 적용되며 
만 18세 이하 자녀 2명인경우 국비 100만원, 3명인 경우 국비 200만원, 4명 이상인경우 국비 300만원 추가지원됩니다. 
신청시에 다자녀 가구로 시스템에 선택해주시고, 가족관계증명서를 같이 첨부바랍니다. 

전기택시는 택시정책과 별도 공고(본공고 첨부파일3 참고)
https://www.seoul.go.kr/news/news_notice.do#view/406890"
부산,부산광역시,전기승용,"*일반: 출고등록순
*우선: 출고등록순","4940
 (390)
 (0)
 (1000)
 (3550)",4940,390,0,1000,3550,"4398
 (460)
 (124)
 (791)
 (3023)",4398,460,124,791,3023,542,527,"4398
 (460)
 (124)
 (791)
 (3023)",4398,"542
 (0)
 (0)
 (209)
 (527)","ㅇ 연간 보급대수 : 7,247대(승용차 4,940, 화물차 2,100, 버스 207)
   ※ 보급대수는 보급여건 및 예산범위 내에서 변동될 수 있음
  - 전기승용차 (4,940대) : 일반 3,550대, 택시 1,000대, 우선순위 390대
  - 전기화물차 (2,100대) : 일반 480대, 우선순위 990대, 택배 200대, 중소기업생산물량 430대
  - 전기버스(207대) : 187대(시내버스 우선) 우선순위 20대(어린이차량)
ㅇ 보급기간 : `24. 2. 27.(화)  ∼ ‘24. 12. 13.(금)
  (※ 보급기간 내 지급신청까지 완료하여야 하며, 예산소진 시 신청마감)
  (※ 중소기업, 택시, 택배, 우선지원등 별도 배정물량 중 집행되지 않은 잔여분은 10월 1일부터 통합하여 집행)
ㅇ 지역할인 대상차량 추가보조금은 07.08.(월) 접수건부터 적용
ㅇ 하반기 전기자동차 보급사업##'24.12.13.18:00. 지급신청##건 까지 마감합니다.(이월하여 지급하지 않음)"
대구,대구광역시,전기승용,"*일반: 출고등록순
*우선: 출고등록순","3684
 (368)
 (0)
 (736)
 (2580)",3684,368,0,736,2580,"3734
 (368)
 (95)
 (393)
 (2878)",3734,368,95,393,2878,0,0,"3724
 (368)
 (94)
 (390)
 (2872)",3724,"0
 (0)
 (0)
 (346)
 (0)","<2024년 전기자동차(승용) 민간보급사업 안내>
☆ (당초) 2024.2.23. (1차 변경) 2024.8.1. (2차 변경) 2024.10.2.
☆ 접수기간: 2024.2.23.~2024.12.6. 18:00
 ( 보급기간 내 지급신청까지 완료하여야 하며, 예산 소진 시 신청마감 )
☆ 보급대수: 승용 3,684대
☆ 대상자선정기준: 차량 출고·등록 순
☆ 신청자격: (개인/개인사업자)구매 지원신청서 접수일을 기준으로 최소 30일 이전부터 연속하여 대구시에 거주한 자
                 (법인)구매 지원신청서 접수일을 기준으로 최소 30일 이전부터 연속하여 대구시에 사업장을 둔 법인

★게시된 공고문에 첨부된 서식을 사용하시기 바랍니다★

*기타 자세한 내용 공고문 참조
*원본 서류 제출 불필요

☆민원 전화 폭주로 업무 처리가 지연되고 있습니다. 빠른 처리를 위해 단순 접수 알림, 처리 독촉 전화는 가능한 자제 부탁드립니다.☆"
인천,인천광역시,전기승용,"*일반: 출고등록순
*우선: 출고등록순","4695
 (511)
 (96)
 (222)
 (3866)",4695,511,96,222,3866,"4791
 (539)
 (98)
 (225)
 (3929)",4791,539,98,225,3929,0,0,"4780
 (535)
 (98)
 (225)
 (3922)",4780,"0
 (0)
 (0)
 (0)
 (0)","★ 2024년 전기자동차 민간보급사업 제4차 변경공고 안내★
○ 신청기간 : 변경공고일로부터 ~ '24.11.30. 18:00(예산 소진 시 종료)
○ 보급대수 : 5,523대
     ※ 2024년도 총 보급대수 이며, 차량별 보조금 차등지원에 따라 예산범위 내에서 변동될 수 있음
     ※ 7월 1일부터 별도의 우선순위 물량 등과 구분없이 통합집행"
광주,광주광역시,전기승용,"*일반: 출고등록순
*우선: 출고등록순","2075
 (0)
 (0)
 (0)
 (2075)",2075,0,0,0,2075,"2090
 (220)
 (52)
 (192)
 (1626)",2090,220,52,192,1626,0,449,"2086
 (220)
 (52)
 (192)
 (1622)",2086,"0
 (0)
 (0)
 (0)
 (453)","2024년도 전기자동차 보급사업 공모

O 지원신청서 접수 기간 : ′24.2.29. 09:00~12.6. 18:00 (또는 예산 소진시까지)
  ※ 보조금 지급신청 마감 : 2024.12.12.(목) 18:00
O 전기자동차 판매점
○ 보급대수 : 2,370대 (승용차 2,075, 화물차 280, 버스15(대형10,중형5))
  ※ 보급여건·예산범위 내에서 변동 될 수 있으며, 우선순위·택시·택배· 중소기업 배정물량은 2024년 6월까지 미 소진 시 일반 물량과 통합하여 추진
O 보조금 지원대상 차량 및 지원금액 : 무공해차 통합누리집(www.ev.or.kr) 에서 열람 가능
  ※ 열람방법 : 구매 및 지원 > 무공해차 구매보조금 지원 > 구매보조금 지급현황 > 차종, 세부 차종, 기준년도 선택 > 지자체 차종별 보조금 클릭 > 해당 
                   지자체 조회"
대전,대전광역시,전기승용,"*일반: 출고등록순
*우선: 출고등록순","2605
 (0)
 (0)
 (0)
 (2605)",2605,0,0,0,2605,"2660
 (317)
 (57)
 (232)
 (2054)",2660,317,57,232,2054,0,551,"2655
 (315)
 (57)
 (230)
 (2053)",2655,"0
 (0)
 (0)
 (0)
 (552)","* 2024. 7. 1.일부터 ""우선순위물량""을 제외한, ""택시물량"", ""법인물량""은 추가 공고 없이 일반물량과 통합하여 지원

○ 접수기간 : 2024. 3. 4. 10:30 ~ 2024. 12. 6. 18:00
 * 예산 또는 물량 소진 시까지
○ 보급대수 : 승용 2,605대 * 보급여건 및 예산증감에 따라 변동가능
  - 우선순위 10%, 택시 10%, 일반 80%
○ 신청 대수 제한
  - 개인,법인 : 1대
* 지원신청 접수 처리는 약 1~2일소요되며, 빠른 승인을 위해 신청서 승인요청 전화문의는 자제 부탁드립니다.

<전기자동차 지역할인제> 대상차종 현황은 본공고3 첨부파일 확인해주시기 바랍니다."
울산,울산광역시,전기승용,"*일반: 출고등록순
*우선: 출고등록순","1435
 (0)
 (0)
 (0)
 (1435)",1435,0,0,0,1435,"1477
 (140)
 (37)
 (164)
 (1136)",1477,140,37,164,1136,0,299,"1477
 (140)
 (37)
 (164)
 (1136)",1477,"0
 (0)
 (0)
 (0)
 (299)","<2024년 전기자동차(승용) 민간보급사업 안내> 
○ 접수기간 : 2024. 2. 29. 09:00 ~ 2024. 12. 6. 18:00 
 * 예산 또는 물량 소진 시 조기마감, 24.12.13.까지 지급신청 완료되어야 보조금 지급 가능

○ 하반기 보급대수 : 1,200대 * 보급여건 및 예산증감에 따라 변동가능
○ 선정기준 : 자동차 출고·등록 순
○ 신청방법 : 10일 이내 출고 확정된 건에 대해서만 신청 가능(*자격부여 단계 생략하고 바로 대상자 선정)
 * 모든 증빙자료는 신청일 기준 30일 이내 발급된 서류여야 함
○ 신청자격 : 울산시민, 울산시 주소의 사업자 등
 * 신청일 전 3개월 이상 거주 및 설립 등 
○ 보급기준 : 개인.개인사업자, 법인·기관 1대 , 법인택시 10대

 * 기타 자세한 내용 공고문 참조
 * 지원신청서 및 보조금 지급신청시 첨부파일은 1개의 PDF파일로 저장하여 업로드 바랍니다.(원본 제출 불필요)
 * 구매지원신청서 접수~지원대상자 확정통보까지 순차적으로 처리예정(최소 1~2일소요) 
 * 빠른 처리를 위해 가능한 전화문의 자제 부탁드립니다."
세종,세종특별자치시,전기승용,"*일반: 출고등록순
*우선: 출고등록순","100
 (40)
 (0)
 (20)
 (40)",100,40,0,20,40,"188
 (62)
 (1)
 (9)
 (116)",188,62,1,9,116,0,0,"187
 (62)
 (1)
 (9)
 (115)",187,"0
 (0)
 (0)
 (11)
 (0)","* '24년 11월 21일 기준
 - 승용 일부 취소분 발생에 따른 잔여물량 추가 접수(평균 지원금 기준 3~4대)

<상반기>
1. 보급대수 : 전기승용 70대
  - 우선순위 28대, 일반 28대, 택시 14대 (우선순위, 일반 보급물량 마감)
2. 신청기간 : 2024. 3. 7.(목) 09:00 ~ 6. 28.(금) 17:00


<하반기>
1. 보급대수 : 전기승용 30대
  - 우선순위 12대, 일반 12대, 택시 6대 (택시는 상반기 잔여수량 있을 경우 하반기 보급물량에 합산)
2. 신청기간 : 2024. 7. 1.(월) 09:00 ~ 12. 13.(금) 17:00

(기타) 
1. 신청자격 등 세부사항 : 공고문 참조(하반기 : 본공고2. 재공고문 참고)
2. 첨부파일은 1개의 PDF파일로 등록"
경기,수원시,전기승용,"*일반: 출고등록순
*우선: 출고등록순","1992
 (207)
 (33)
 (109)
 (1643)",1992,207,33,109,1643,"2050
 (219)
 (33)
 (109)
 (1689)",2050,219,33,109,1689,0,0,"2050
 (219)
 (33)
 (109)
 (1689)",2050,"0
 (0)
 (0)
 (0)
 (0)","□ 사업개요
  ○ 사 업 명 : 전기자동차(승용·화물) 보급사업 공고(2024년 하반기)
  ○ 보급대수 : 총1,387대(승용 1,087대, 화물 300대)
    ※ 보급대수는 최대보조금 기준으로 산정/ 7월(3/4분기)부터 별도 배정 물량 중 미집행 물량은 일반물량과 통합
  ○ 접수기간 
   - 승용 :  2024. 7. 1.(월) 09:00 ~ 2024. 11. 8.(금) 예산 소진 마감
    ※ 한국환경공단으로 신청 가능(국비만 지원) 032-590-9907
   - 화물 :  2024. 7. 3.(수) 09:00 ~ 2024. 12. 6.(금) 18:00
    ※ 접수기간 내 예산소진 시 조기 마감될 수 있음
  ○ 신청대상 : 신청일로부터 60일 이상 시에 연속하여 거주한 개인 또는 법인
  ○ 신청방법 : 제조·수입사에서 무공해차 통합누리집(ev.or.kr)의 전산지원시스템으로 신청
  ○ 선정기준 : 자동차 출고·등록순
  ○ 보급차량 : 관계 법령에 의해 각종 인증을 모두 완료한 전기자동차
  ○ 자세한 사항은 공고문 참조
    ※ 사업추이에 따라 추가공고 없이 예산 및 보급대수가 변동될 수 있음
---------------------------------------------
    ※ 전산 상 표시되어있는 잔여대수와 실제 보급가능대수(=대상자선정 가능 대수)가 상이함. (차종마다 보조금 산정금액이 상이하기 때문)
    ※ (전기화물차 신청)경유화물차 보유자 중 폐차 이행자는 내연기관폐차 또는 수출말소 지원여부에 체크하시기 바람.
    ※ (전기화물차 신청)경유화물차 보유자 중 폐차 미이행자는 폐차미행자여부에 체크하시기 바람.
    ※ 전기자동차 보급사업 보조금 업무처리지침 변경에 따른 하반기 변경공고문 첨부.
---------<2024. 11. 20. 전기승용 대상자 선정 건 모두 출고 완료되어 마감 >-------------"
경기,성남시,전기승용,"*일반: 출고등록순
*우선: 출고등록순","2500
 (250)
 (0)
 (375)
 (1875)",2500,250,0,375,1875,"1852
 (113)
 (44)
 (116)
 (1579)",1852,113,44,116,1579,648,296,"1852
 (113)
 (44)
 (116)
 (1579)",1852,"648
 (137)
 (0)
 (259)
 (296)","전기자동차 보조금 지원사업 마감되었습니다.

====================
다자녀 추가부분에 대한 변경공고
(2자녀 100만원, 3자녀 200만원)

============================

2024년 전기승용차 지원사업 

- 접수기간: 2024. 2. 26.(월) 10:00-
- 지원조건: 출고10일 이전 차량
               (성남시 3개월 이상 거주)

 (전기화물 추후 별도 공고)"
경기,의정부시,전기승용,"*일반: 출고등록순
*우선: 출고등록순","513
 (52)
 (0)
 (52)
 (409)",513,52,0,52,409,"482
 (46)
 (9)
 (22)
 (405)",482,46,9,22,405,31,4,"482
 (46)
 (9)
 (22)
 (405)",482,"31
 (6)
 (0)
 (30)
 (4)","※ 조직개편으로 문의사항은 031-828-4443으로 연락 바랍니다
※ 2024.08.05.(월) 부터 하반기 접수 / 신청서 양식 변경되었으니 신규양식으로 제출 바랍니다!!!
※ 의정부시 승용 물량 마감되었습니다.

2024년 의정부시 전기자동차 보급사업 안내
ㅇ모집기간: 2024. 2. 29.(목) 09:00 ~ 2024. 12. 6.(금) 18:00 (예산 소진 시까지) 
ㅇ모집대수: 승용 513대 화물 332대 
ㅇ 선정방법 : 출고등록순
   ▶ 지원신청서 접수순으로 서류검토후 자격부여해드리며, 지원가능확인요청순으로 대상자 선정!!!!◀
  - 전화문의가 많아 오히려 업무처리가 지연될 수 있습니다. 서류심사 및 자격부여까지 2~3일 소요되므로 
    단순 접수 알림, 처리 독촉 문의는 자제 부탁드립니다.
  - 시스템 접수 순으로 서류검토, 대상자 선정 됩니다. (전화로 먼저 처리해 달라고 요청하셔도 불가합니다)     
   (서류심사중 보완사항 있을 시 전화 및 문자발송, 자격부여시 문자발송)
 ※ 기타 자세한 내용은 공고문 참조하여 주시기바랍니다."
경기,안양시,전기승용,"*일반: 출고등록순
*우선: 출고등록순","1317
 (132)
 (0)
 (264)
 (921)",1317,132,0,264,921,"850
 (98)
 (25)
 (102)
 (625)",850,98,25,102,625,467,296,"850
 (98)
 (25)
 (102)
 (625)",850,"467
 (34)
 (0)
 (162)
 (296)","※※※ 2024년 안양시 전기자동차 보급사업 접수 재개 안내 ※※※
국고보조금 소진으로 일시중단했던 ""전기자동차 보급사업"" 접수 재개 안내드립니다.
 -접수기간 : 2024. 12. 12.(목) 09:00 ~ 12. 13.(금) 18:00 
 -접수물량 : 승용 60대, 화물 18대

                                 ■ 유의사항 ■
* 13일(금) 18:00까지 대상자 확정된 자에 한하여 보조금 지급합니다
** 예산 소진 시 >>>>지원가능 확인 요청 순<<<으로 선착순 선정합니다 (자격부여 순X)
*** 지급신청은 20일(금) 18:00까지 완료 바랍니다.

==============================================================
○ 하반기 사업기간 : 2024. 7. 8.(월) 09:00 ~ 2024. 12. 13.(금) 18:00
    - 마감일('24.12.13.)까지 대상자 확정된 건에 한하여 보조금 지급
○ 보급대수 : 총 1,184대(승용 1,008대, 화물 176대)
○ 지원대상 : 접수일 기준 연속하여 안양시에 30일 이상 주소를 둔 자

 ※※ 추가보조금 대상자 추가 : 다자녀가구*에 해당하는 개인이 전기 승용차 구매 시 국비 추가지원
 - (2자녀) 100만원, (3자녀) 200만원, (4자녀 이상) 300만원
 - 다자녀가구* : 18세 이하 자녀 2명 이상 

 ※※※ 보조금 지급신청 서류 우편발송 불필요함을 알려드립니다 ※ ※ ※"
경기,부천시,전기승용,"*일반: 출고등록순
*우선: 출고등록순","560
 (0)
 (0)
 (0)
 (560)",560,0,0,0,560,"674
 (53)
 (20)
 (69)
 (532)",674,53,20,69,532,0,28,"673
 (53)
 (20)
 (69)
 (531)",673,"0
 (0)
 (0)
 (0)
 (29)","* 24. 11. 8. 예산 소진 마감
* 취소물량 발생 시 기존 신청건에 한하여 ""지원가능확인요청 시간"" 순으로 연락 예정

□ 사업개요
○ 보급대수: 245대(승용 175대, 화물 70대) 
   ※ 전체 잔여량 공고(상반기 잔여물량 + 하반기 물량)
   ※ 우선순위 구분 없이 일반물량 통합 집행
   ※ 차종별 보조금 차등지원에 따라 보급대수는 조정될 수 있음
○ (지원신청기간) 2024. 7. 17.(수) ~ (예산소진 시 조기종료)

   ※ 기타 자세한 사항은 공고문 참조"
경기,광명시,전기승용,"*일반: 출고등록순
*우선: 출고등록순","450
 (0)
 (0)
 (0)
 (450)",450,0,0,0,450,"422
 (48)
 (11)
 (38)
 (325)",422,48,11,38,325,28,125,"422
 (48)
 (11)
 (38)
 (325)",422,"28
 (0)
 (0)
 (0)
 (125)","※ 전기승용 국비 보조금이 교부되어 신청 가능합니다.

2024년도 전기승용차 구매보조금을 지원하고자 아래와 같이 공고합니다.(추가)

○ 사업 개요
  - 사업명 : 2024년 전기승용차 보급사업
  - 접수기간 : 2024. 12. 3. ~ 12. 13.(금)까지 (접수기간 내 예산 소진 시 조기 마감)
    ★ 2024. 12. 20.(금) 18시까지 지급신청 완료 (12월 20일 18시 이후 지급신청 건에 대해서는 보조금 미지급)
  - 지원대상 : 신청일 기준 30일 이상 광명시에 주소를 둔 자
    · (개인) 만 18세 이상 시민
    · (개인사업자) 대표자가 광명시에 주소지를 둔 사업자
    · (법인, 기관) 광명시 내 사업장(본사, 지사, 공장, 자동차 대여사업소 등)이 위치한 법인 및 기업
  - 보급기준 : 1대

※ 자세한 내용은 공고문을 참고하시기 바라며, 단순 전화 문의는 자제해 주시기 바랍니다."
경기,평택시,전기승용,"*일반: 출고등록순
*우선: 출고등록순","1300
 (130)
 (0)
 (28)
 (1142)",1300,130,0,28,1142,"1297
 (156)
 (32)
 (29)
 (1080)",1297,156,32,29,1080,3,62,"1291
 (155)
 (31)
 (29)
 (1076)",1291,"9
 (0)
 (0)
 (0)
 (66)",
경기,동두천시,전기승용,"*일반: 출고등록순
*우선: 출고등록순","243
 (25)
 (0)
 (25)
 (193)",243,25,0,25,193,"89
 (6)
 (2)
 (0)
 (81)",89,6,2,0,81,154,112,"88
 (6)
 (2)
 (0)
 (80)",88,"155
 (19)
 (0)
 (25)
 (113)","1. 접수기간 : (하반기) 2024. 7. 2.(화) 09:00 ~ 2024. 12. 6.(금) 18:00
 ※ 예산 소진 시 조기마감
2. 사 업 량 : 총 256대 (전기승용 211대, 전기화물 45대)
3. 신청자격 : 구매지원신청서 접수일 기준 1개월 이상 연속하여 동두천시에 주소를 둔
  - 개인 / 개인사업자 / 법인 / 외국인 / 기관
4. 자세한 내용은 동두천시 공고 제2024-1187호 참고
 ※ 24. 7. 29. 공고 이후 신청 건은 반드시 변경된 서식 및 동의서로 제출"
경기,안산시,전기승용,"*일반: 출고등록순
*우선: 출고등록순","1250
 (0)
 (0)
 (0)
 (1250)",1250,0,0,0,1250,"666
 (61)
 (24)
 (51)
 (530)",666,61,24,51,530,584,720,"663
 (61)
 (24)
 (51)
 (527)",663,"587
 (0)
 (0)
 (0)
 (723)","※※※※※ 승용 · 화물 신청접수 마감 ※※※※※

<2024년도 전기자동차 보급사업 공고(2차)>

○ 접수기간 : 2024. 7. 3. (수) 9시 ~ 예산 소진시까지
 ※ 보급물량은 통합 집행 예정
○ 보조금액 : 승용 최대 1,006만원/대
○ 신청대상 : 구매신청서 접수일까지 30일 이상 계속하여 안산시에 주소를 둔 개인 및 법인 등
○ 선정방법 : 출고·등록순에 의한 선정

※ 반드시 공고문을 읽고 신청하여 주시기 바랍니다.

★ 민원 전화 폭주로 업무 처리가 지연되고 있습니다, 자격부여까지 최대 7일 소요되니 빠른 처리를 위해 단순 접수 알림, 처리 독촉 전화는 자제 부탁드립니다.
★ 접수 순으로 검토 및 대상자 선정됩니다. 공정성을 위해 독촉전화로 먼저 처리하지 않습니다.
★ 서류 심사 중 보완사항 존재 시, 자격 부여 및 대상자 선정 시 등 각 진행 단계에서 문자 발송 예정

※ 원본 서류 제출 불필요 ※"
경기,고양시,전기승용,"*일반: 출고등록순
*우선: 출고등록순","2837
 (360)
 (0)
 (360)
 (2117)",2837,360,0,360,2117,"1733
 (189)
 (38)
 (33)
 (1473)",1733,189,38,33,1473,1104,644,"1733
 (189)
 (38)
 (33)
 (1473)",1733,"1104
 (171)
 (0)
 (327)
 (644)","2024년 고양시 전기자동차 민간보급사업 안내

□ 전기자동차 민간 보급사업 개요
ㅇ 접수기간 : 2024. 2. 28.  ~ 2024. 12. 17.
  - 접수 마감일은 2024. 12. 17.(화) 18:00이며, 접수 마감일까지 차량 출고, 등록 및 지급신청이 완료된 차량에 대해서만 보조금 지급
ㅇ 보급대수 : 총 4,672대 (전기승용 3,557대, 전기화물 1,113대, 전기승합 2대)
    ※ 보급물량 추가 : 승용 1,557대, 화물 413대
    ※ 이번 추가되는 물량은 2024. 7. 1.(월) 09:00부터 보급 추진하며, 기존 공고에 따른 잔여 물량에 합산하여 연속적으로 보급
ㅇ 신청대상 : 구매지원 신청일 기준 30일 이상 계속하여 고양시에 주소를 둔 만 18세 이상 개인, 개인사업자 및 법인
ㅇ 신청방법 : 환경부 무공해차 구매보조금 시스템(http://www.ev.or.kr/ps)으로 신청
  ※ 관련 모든 서류는 원본대조필 날인 후, 시스템에 1개의 파일(통합)로 스캔하여 첨부 신청
ㅇ 대상자 선정기준 : 출고·등록순
ㅇ 보급대수 제한 : 개인, 사업장 당 1대

자세한 내용은 공고문을 참조하시기 바랍니다."
경기,과천시,전기승용,"*일반: 출고등록순
*우선: 출고등록순","300
 (7)
 (0)
 (7)
 (286)",300,7,0,7,286,"219
 (38)
 (3)
 (13)
 (165)",219,38,3,13,165,81,121,"219
 (38)
 (3)
 (13)
 (165)",219,"81
 (0)
 (0)
 (0)
 (121)","<2024년 하반기 전기자동차 보급사업 추가 공고 안내>
● 접수기간 : 2024. 10. 2.(수) ~ 2024. 12. 13.(금) 18:00
* 예산소진 시 조기마감
● 추가공고물량 : 승용(일반) 165대, 화물(일반) 38대
* 2024. 09. 30. (월) 기준
● 신청대상 : 지원신청일로부터 30일 이상 과천시에 주소를 둔 자
● 모든 제출서류 내 원본대조필 날인(원본 우편 발송 불필요)"
경기,구리시,전기승용,"*일반: 출고등록순
*우선: 출고등록순","490
 (49)
 (0)
 (50)
 (391)",490,49,0,50,391,"298
 (42)
 (7)
 (35)
 (214)",298,42,7,35,214,192,177,"297
 (42)
 (7)
 (35)
 (213)",297,"193
 (7)
 (0)
 (15)
 (178)","□ 2024년 하반기 구리시 전기자동차(승용화물) 보급사업 변경공고(2차)
 ○ 접수기간 : 2024. 7. 8.(월) ~ 12. 6.(금)
    * 접수기간 내 예산소진 시 조기 마감될 수 있음.
    * 사업의 원활한 집행을 위해 2024. 12. 13.(금)까지 출고 및 차량등록 완료하고 지급신청까지 가능한 차량에 대해서만 지원 가능
 ○ 잔여물량 (2024. 11. 6.자 기준)
    - 승용 : 140대
    - 화물 :   60대
 ○ 신청대상 : 지원신청서 접수일 기준 연속 3개월 이상 구리시에 주소를 둔자
 ○ 선정기준 : 출고·등록순
 ○ 그외 기타사항은 공고문 참고

※ 주요 변경사항 안내
  - 전기승용차 : 다자녀가구 추가지원 관련 규정
  (기존)  다자녀가구에 해당하는 개인이 구매 시 해당 차량 국비 지원액의 10% 추가 지원
  (변경) 다자녀가구(18세 이하 자녀 2명 이상)에 해당하는 개인이 구매 시 자녀 수에 따라 국비 최대 300만원* 추가지원
           * (2자녀) 100만원 / (3자녀) 200만원 / (4자녀 이상) 300만원"
경기,남양주시,전기승용,"*일반: 접수순(초과시 출고등록순)
*우선: 접수순(초과시 출고등록순)","1000
 (0)
 (0)
 (0)
 (1000)",1000,0,0,0,1000,"1017
 (167)
 (26)
 (18)
 (806)",1017,167,26,18,806,0,194,"1017
 (167)
 (26)
 (18)
 (806)",1017,"0
 (0)
 (0)
 (0)
 (194)","* 접수 마감되었습니다. 
○ 하반기 신청기간 : 2024. 7. 1.(월) 10:00 ∼ 예산소진시

○ 2024년 보급물량 
   - 전기승용차 1000대
   - 전기화물차 400대
  ※ 보조금 차등 지급에 따라 보급 물량은 별도 추가공고 없이 변동될 수 있음

○ 선정방법 : (자격부여) 신청서 접수순 / (대상자 선정) 출고등록순

○ 자세한 세부사항은 2024년도 남양주시 전기자동차 보급사업(하반기) 공고문 확인"
경기,오산시,전기승용,"*일반: 출고등록순
*우선: 출고등록순","510
 (0)
 (0)
 (0)
 (510)",510,0,0,0,510,"449
 (46)
 (10)
 (11)
 (382)",449,46,10,11,382,61,128,"449
 (46)
 (10)
 (11)
 (382)",449,"61
 (0)
 (0)
 (0)
 (128)","2024년 오산시 하반기 전기자동차 구매지원 사업
- 신청기간 : 2024. 7. 17.(수) 10:00 ~ 2024. 12. 6.(금) 18:00
- 지원가능확인요청 단계 시작일자 : 2024. 7. 18.(목) 10:00부터
※ 지원가능확인 요청일자 이전 신청 건은 대상자승인 불가 (별도 통보 없이 자격부여 단계로 변경 예정)
- 보급대수 : 승용 197대, 화물 123대
- 개인 및 개인사업자, 법인 재지원제한기간 내 1대 가능( 법인 및 개인사업자 2대 이상 구매시 환경공단에 문의 바람)
- 3/4분기 부터는 별도배정 물량을 일반물량으로 통합하여 진행"
경기,시흥시,전기승용,"*일반: 출고등록순
*우선: 출고등록순","1089
 (45)
 (0)
 (45)
 (999)",1089,45,0,45,999,"922
 (102)
 (41)
 (30)
 (749)",922,102,41,30,749,167,250,"921
 (102)
 (41)
 (30)
 (748)",921,"168
 (0)
 (0)
 (15)
 (251)","시흥시에서 추진하는 「2024년 시흥시 전기자동차 보급사업」이 회계연도 마감 등의 사유로 아래와 같이 마감됨을 알려드립니다.

 ㅇ 사   업   명 : 2024년 시흥시 전기자동차 보급사업
 ㅇ 접수 마감일 : 2024. 12. 12.(목) 18:00
 ㅇ 지급신청 마감일: 2024. 12. 17.(화) 18:00

  - 환경부 무공해차 구매보조금 시스템 기준
  - 지급신청 마감일까지 차량 출고, 등록 및 지급신청이 완료된 차량에 대해서만 보조금 지급이 가능하며, 마감일 이후 지급신청 건에 대해서는 보조금 미지원
  - 환경부 무공해차 구매보조금 시스템 상 ‘지원가능 확인 요청’시 전기자동차 제조·수입사에서는 차량 출고(배정) 또는 등록서류 등 관련 증빙자료를 첨부해야 하며, 시흥시는 차량 출고 또는 등록 예정일 확인 후 대상자 선정
  - 기한 미준수 사유 등에 따른 보조금 지급 불가로 인한 불이익은 시흥시가 책임을 지지 않음



★ 모든 서류에 원본대조필 날인 후 1개의 pdf파일로 첨부 바랍니다(원본 우편제출 불필요)★
★ 추가보조금 차량, 차종별로 보조금 상이 등으로 전산 상 표시된 잔여대수와 실제 예산내 보급대수는 다릅니다!!!!★"
경기,군포시,전기승용,"*일반: 출고등록순
*우선: 출고등록순","762
 (77)
 (0)
 (77)
 (608)",762,77,0,77,608,"311
 (38)
 (5)
 (13)
 (255)",311,38,5,13,255,451,353,"311
 (38)
 (5)
 (13)
 (255)",311,"451
 (39)
 (0)
 (64)
 (353)","※ 잔여대수 20대 
★ 마감안내 
  지원신청  2024. 12. 16.(월) 18:00까지  
  지급신청  2024. 12. 18.(수) 18:00까지 
※ 지방비 안내 (경·소형) 캐스퍼 240만원, 레이208만원입니다. 
 ★ 신청서 접수는 순서대로 해드립니다. 당일 신청 당일 출고 어려울수 있으니 독촉전화 삼가하여 주시기바랍니다.
ㅇ 사업기간: 2024. 7. 1. (월) 09:00 ~ 12. 16. (월) 18:00 (하반기)
ㅇ 지원규모: (승용) 613대
   ※ 차종별 보조금 차등 지원 및 국비 추가지원, 관용차 지원에 따라 변경 가능
ㅇ 보급대수 제한: (개인) 1인 1대, (법인) 1대
   ※ 출고 10일 전 지원가능확인요청 시스템 입력 후 유선연락 바람(031-390-0542)
   ※ 지급신청 후 원본서류 보내주지 않으셔도 됩니다."
경기,의왕시,전기승용,"*일반: 출고등록순
*우선: 출고등록순","400
 (50)
 (0)
 (50)
 (300)",400,50,0,50,300,"286
 (26)
 (7)
 (16)
 (237)",286,26,7,16,237,114,63,"286
 (26)
 (7)
 (16)
 (237)",286,"114
 (24)
 (0)
 (34)
 (63)","★★★★12월 13(금)까지 대상자 선정이 되어 차량이 출고되고 12월 18(수)까지 지급신청까지 마무리 되어야 합니다.★★★★
<2024년 하반기 전기자동차 승용 민간 보급사업>
○ 지원대수 500대(일반 400, 우선순위 50대, 전기택시 50대)
○ 선정기준: 출고등록순
○ 공고일: 2024. 8. 13(화) 
○ 신청기간: 2024. 8. 19(월) 10:00부터~2024. 12. 13(금) 18:00"
경기,하남시,전기승용,"*일반: 출고등록순
*우선: 출고등록순","637
 (64)
 (0)
 (64)
 (509)",637,64,0,64,509,"725
 (89)
 (29)
 (6)
 (601)",725,89,29,6,601,0,0,"722
 (89)
 (29)
 (6)
 (598)",722,"0
 (0)
 (0)
 (58)
 (0)","<하남시 2024년 하반기 전기자동차(승용) 보급사업>
● 보급대수 : 76대
● 제출 서류 원본 하남시청(하남시 대청로 10) 환경정책과로 제출해주시기 바랍니다."
경기,용인시,전기승용,"*일반: 출고등록순
*우선: 출고등록순","3259
 (220)
 (220)
 (220)
 (2599)",3259,220,220,220,2599,"2501
 (296)
 (72)
 (53)
 (2080)",2501,296,72,53,2080,758,519,"2501
 (296)
 (72)
 (53)
 (2080)",2501,"758
 (0)
 (148)
 (167)
 (519)","★ 2024년 전기자동차(승용,화물,버스) 보급사업 접수가 마감되었습니다. 
기 신청자 중 대상자로 선정되신 분들은 2024. 12. 18.(수)까지 차량등록 및 지급신청까지 완료해 주시기 바랍니다. ★


2024년도 전기자동차(승용,화물)) 민간 보급사업 (변경)공고

○ 접수기간: 2024. 2. 29.(목) 09:00~12.06.(금) 18:00
  ※ 단, 보조금 지급 신청기한 2024.12.13.(금), 접수기한 내 예산소진 시 조기종료
○ 대상자 선정기준 : 출고·등록순
○ 대수제한
- 개인 및 개인사업자 : 개인당 1대(용인시 3개월(90일) 이상 거주)
- ★★개인사업자는 사업장 주소와 관계없이 등본상 주소지가 용인이면 가능★★
- 법인 : 1대(2대이상 구매는 환경공단 문의 1661-0970)
★ 처리 독촉 전화 자제 및 독촉 전화와 관계없이 공정하게 선착순으로 서류 심사 진행
※ 출고 전 잔여물량 확인 필수
※ 기타 문의사항 : 용인시청 기후대기과 (☎031-6193-3155) 문의"
경기,파주시,전기승용,"*일반: 출고등록순
*우선: 출고등록순","1270
 (116)
 (0)
 (105)
 (1049)",1270,116,0,105,1049,"1076
 (127)
 (35)
 (8)
 (906)",1076,127,35,8,906,194,143,"1076
 (127)
 (35)
 (8)
 (906)",1076,"194
 (0)
 (0)
 (97)
 (143)","<공고관련 재공지>
2024.11.27 10시 이후 ★파주시 승용 공고 신청접수 다시 받습니다★/ 12월6일까지 접수기한이오니 참고하여 주시기 바랍니다


-----------------------------------
승용 공고접수 일시중단
사유: 환경부 추가물량 승인받아 추가공고 하였으나, 이에 대한 국비 자금교부가 어려울 수 있다는 환경부 답변에 따라 접수 일시중단하오니 양해하여 주시기 바랍니다.

-------------------

<<승용 추가공고>>
승용화물 물량조정으로 승용 추가공고 실시합니다.
1. 접수기간: 11 13.~ 12. 6.(금)
2. 지급신청기한: 12. 13.(금) (원본서류제출까지 완료 건에 한해 보조금 지급)
3. 지원대수: 승용 200대
자세한 사항은 공고문 참고해주세요"
경기,이천시,전기승용,"*일반: 출고등록순
*우선: 출고등록순","601
 (0)
 (0)
 (0)
 (601)",601,0,0,0,601,"483
 (25)
 (15)
 (3)
 (440)",483,25,15,3,440,118,161,"478
 (25)
 (15)
 (2)
 (436)",478,"123
 (0)
 (0)
 (0)
 (165)","2024년도 전기자동차 보급사업 변경공고(2차)

 ○ 사업기간 : 2024. 2. 27.(화) ~ 2024. 12. 13.(금) (예산 소진시 종료)
  - 지원신청: 2024. 12. 13.(금) 23:59 까지
  - 지급신청: 2024. 12. 26.(목) 18:00 까지
   ※ 2024. 12. 26.(목)까지 보조금 지급신청(이월없음)
 ○ 보급대수 : 승용 598대, 화물 190대
   ※ 2024년 총 사업량이며, 사업 추이에 따라 예산 및 사업대수는 변동 될 수 있음
 ○ 선정기준 : 출고·등록순

  ※ 지원시스템에 보조금 지급 신청 후 보조금 지급(지원) 신청서류 일체를 원본 제출
   ▶ 원본 서류 제출방법: 등기 또는 방문접수 (평일 09:00 ~ 18:00)
   ▶ 제출처: 경기도 이천시 부악로40(중리동), 이천시청 환경보호과(7층) (우)17379

  ※ 자세한 사항은 공고문을 반드시 확인하여 주시기 바랍니다."
경기,안성시,전기승용,"*일반: 출고등록순
*우선: 출고등록순","364
 (22)
 (0)
 (22)
 (320)",364,22,0,22,320,"309
 (37)
 (17)
 (3)
 (252)",309,37,17,3,252,55,68,"309
 (37)
 (17)
 (3)
 (252)",309,"55
 (0)
 (0)
 (19)
 (68)","★공고문에 첨부된 서식으로 제출하시기 바랍니다★
-------------------------------------------------------------
★전기자동차 보급사업 변경 공고(하반기 2차)
1. 신청기간 : 2024.9.23.(월) 오전 9시 ~ 2024.12.13.(금) 오후 6시 (예산 소진 시 조기마감)
                ※ 지원가능확인 요청 기간: 2024. 9. 24.(화) 09:00~ 
2. 보급대수 : 승용 144대(차종별 보조금 상이하므로 보급대수는 변경될 수 있음)
3. 선정방법 : 출고등록순
---------------------------------------------------------------------------------------
★민원전화 폭주로 업무처리가 매우 지연되고 있습니다. 
   빠른 처리를 위한 단순 접수알림, 처리 독촉 전화 자제 부탁드립니다.
   지원신청서 접수~대상자선정까지 최소 1~3일 소요됩니다."
경기,김포시,전기승용,"*일반: 출고등록순
*우선: 출고등록순","1266
 (109)
 (0)
 (81)
 (1076)",1266,109,0,81,1076,"1138
 (142)
 (40)
 (11)
 (945)",1138,142,40,11,945,128,131,"1138
 (142)
 (40)
 (11)
 (945)",1138,"128
 (0)
 (0)
 (70)
 (131)","2024년 <하반기> 김포시 전기자동차 보급사업 (변경공고)

○ 접수기간 : 2024. 11. 14. (목) 09:00 ~ 2024. 12. 13.(금) 18:00
    ※ 예산소진시 조기종료
    ※ 2024년 지출마감일정으로 인하여 12. 17. (화)까지 지급신청 완료 건에 한해 보조금 지급
○ 하반기 보급대수 : 전기승용 768대, 전기화물 513대
    - 잔여대수 : 전기승용 390대, 전기화물 389대 ('24.11.12.기준)
○ 보급차종 및 보조금 : 공고문 또는 무공해차 통합누리집 참고
    ※ 다자녀 추가보조금 요건, 금액 변경되어 확인 바랍니다.
○ 신청방법 : (제조,판매사) 전기차구매보조금 지원시스템(ev.or.kr)에서 신청
○ 선정방법: 출고·등록순
○ 대수제한
 - 개인(사업자 포함) :1대
 - 법인: 1대 (2대이상 구매는 환경공단 문의 1661-0970)
※ 관련 모든 서류는 원본대조필 날인 후, 시스템에 1개의 파일로 통합하여 첨부
※ 전산 상 표시된 잔여대수와 실제 보급가능대수(대상자 선정 가능대수) 상이할 수 있음 (차종별 보조금액 상이)
※ 자세한 사항은 공고문을 필히 참고할 것
※ 차후 국비 변경에 따라 지방비 보조금액이 변경될 수 있음 (무공해차 통합누리집 지자체 차종별 보조금에 업데이트 예정)
★ 민원전화 폭주로 오히려 신속한 업무처리가 매우 어렵습니다. 빠른 처리를 위해 단순 접수 알림, 처리독촉 등의 전화는 자제해주시기 바랍니다.★
★ 공정성을 위해 접수 순으로 검토 예정입니다. (예외 없음)★
★ 서류 미비로 보완이 될 경우 후순위로 밀리는 점 인지해주시기 바랍니다.★"
경기,화성시,전기승용,"*일반: 출고등록순
*우선: 출고등록순","2178
 (0)
 (25)
 (60)
 (2093)",2178,0,25,60,2093,"2493
 (123)
 (75)
 (65)
 (2230)",2493,123,75,65,2230,0,0,"2493
 (123)
 (75)
 (65)
 (2230)",2493,"0
 (0)
 (0)
 (0)
 (0)","★★★★★★화성시 승용 물량 마감되었습니다.★★★★★★

★★★시스템 상의 잔여대수와 실제 잔여대수가 다를 수 있습니다.★★★
★(통합진행) 2024년도 전기자동차(승용, 화물) 보급사업 공고문(하반기2차)★
● 접수기간
 ㅇ 승용, 화물 :  `24. 10. 2. (수) 10:00 ∼ 12. 6.(금) 18:00(예산 소진시 조기 마감)
 ※ 지원가능확인요청 단계 시작 일자 : 2024. 10. 4. (금)
 ※ 2024. 12. 13.(금)까지 차량 출고, 등록 및 보조금 지급신청이 가능한 자에 한해 보조금 지원

● 통합공고 보급대수
 ㅇ 승용 : 총 606대(일반 561대, 택시 45대) 
 ㅇ 화물 : 총 200대

● 지원대상 : 신청일 기준 2개월 이상 화성시에 주소를 둔 자
 ㅇ (개인) 만 18세 이상 시민
 ㅇ (개인사업자) 대표자가 화성시에 주소지를 둔 사업자
 ㅇ (법인, 기관) 화성시 내 사업장(본사, 지사, 공장, 자동차 대여사업소 등)이 위치한 법인 및 기업 

● 선정기준
 ㅇ 자격부여 : 신청순
 ㅇ 대상자 : 출고등록순(지원가능확인 요청순)
 ㅇ 보급대수 제한 : 개인·개인사업자 1대, 법인·기관 1대
  * 법인, 개인사업자 전기자동차 2대 이상 한국환경공단 문의

● 문의
통합 문의 : 1577-4200 / 031-5189-6727

☆최근 게시된 공고문(추경2차 다운로드1)의 서식을 사용하시기 바랍니다☆"
경기,광주시,전기승용,"*일반: 출고등록순
*우선: 출고등록순","533
 (54)
 (0)
 (54)
 (425)",533,54,0,54,425,"759
 (60)
 (24)
 (5)
 (670)",759,60,24,5,670,0,0,"756
 (59)
 (24)
 (5)
 (668)",756,"0
 (0)
 (0)
 (49)
 (0)","--------------------------------------------------------------------------------------------------
--------------------------------------------------------------------------------------------------


▶▶광주시 전기화물차◀◀
** 구매하시는분의 경유화물차 보유여부 반드시 확인

<< 광주시 하반기 전기자동차 보급사업 공고문>>

○접수기간 : 2024. 7.  1. ~ 12.  6.   ※ 예산소진시 조기 마감

○잔여대수 : 2024.11.13.기준: 승용 마감,  화물은 자금배정받고나면 계속 진행할 예정.

★주의사항
▶지원신청서 접수순으로 서류검토 후 자격부여함 
▶자격부여 후 10일이내 출고확정 시 지원가능확인요청
▶‘지원가능 여부 확인 요청 순’으로 대상자 확정

※※※신속한 업무처리를 위해 전화문의는 자제해주실 것을 부탁드립니다."
경기,양주시,전기승용,"*일반: 출고등록순
*우선: 출고등록순","521
 (59)
 (11)
 (5)
 (446)",521,59,11,5,446,"524
 (59)
 (11)
 (5)
 (449)",524,59,11,5,449,0,0,"521
 (59)
 (11)
 (5)
 (446)",521,"0
 (0)
 (0)
 (0)
 (0)","2024년 양주시 전기자동차(승용,화물) 보조금 지급 계획
○ 사업기간 : 2024. 02. 27.(화) 09:00 ~ 2024. 12. 13.(금) 18:00 (예산 소진 시 조기마감)
○ 보급대수 : 전기승용·초소형 350대, 전기화물 170대
 - 전기승용차 배정예산 소진으로 마감되었습니다."
경기,포천시,전기승용,"*일반: 출고등록순
*우선: 출고등록순","429
 (45)
 (120)
 (42)
 (222)",429,45,120,42,222,"226
 (20)
 (10)
 (7)
 (189)",226,20,10,7,189,203,33,"226
 (20)
 (10)
 (7)
 (189)",226,"203
 (25)
 (110)
 (35)
 (33)",
경기,여주시,전기승용,"*일반: 출고등록순
*우선: 출고등록순","314
 (0)
 (0)
 (0)
 (314)",314,0,0,0,314,"237
 (20)
 (6)
 (10)
 (201)",237,20,6,10,201,77,113,"237
 (20)
 (6)
 (10)
 (201)",237,"77
 (0)
 (0)
 (0)
 (113)","2024년 하반기 전기자동차 보급사업 변경 공고를 붙임과 같이 시행하고자 합니다.

 1. 사 업 명 : 2024년 하반기 전기자동차 보급사업 변경(다자녀 추가지원 및 마감예고) 공고
 2. 사업기간 : 2024. 7. 4.(목) 16:00 ~ 2024. 12. 13(금) (예산 소진 시 조기마감)
 3. 보급물량 : 승용 약127대, 화물 약160대
 4. 지원내용 : 붙임 참조
 5. 변경내용
   가. 다자녀 가구 국비 추가지원  : 최대300만원(자녀2명 1백만원, 자녀3명 2백만원, 자녀4명이상 3백만원)
   나. 접수마감 예고
      1) 당초 : 예산 소진시 까지
      2) 변경 : 2024.12.13.(금)까지 (예산 소진 시 조기마감)
        - 2024.12.20.(금) 이전 출고 및 등록완료 가능차량만 자격부여
        - 2024.12.20.(금) 까지 보조금 지급신청을 완료하여야 함.

붙임  1. 2024년 하반기 전기자동차 보급사업 변경 공고문 1부.
       2. 전기자동차 차종별(승용, 화물) 보조금 현황 1부.  끝."
경기,연천군,전기승용,"*일반: 출고등록순
*우선: 출고등록순","113
 (12)
 (0)
 (12)
 (89)",113,12,0,12,89,"77
 (5)
 (2)
 (4)
 (66)",77,5,2,4,66,36,23,"77
 (5)
 (2)
 (4)
 (66)",77,"36
 (7)
 (0)
 (8)
 (23)","환경친화적 자동차의 보급을 촉진하기 위한 「2024년 전기자동차 구매지원 사업」을 아래와 같이 추진하고자 합니다.
● 사업기간 : 2024. 02. ~ 예산 소진 시까지 
● 사 업 비 : 총 2,639,500,000원
● 사 업 내 용 : 전기자동차를 구매하는 자에게 예산의 범위 내에서 보조금 지원
● 지원내용
  ○보급대수 : 약 210대
    - 전기승용·초소형 : 약 113대
    ☞ 일반: 89대, 우선지원대상: 12대(물량의 10%), 택시: 12대(물량의 10%)
    - 전기화물 : 약 96대 
    ☞일반: 56대, 우선지원대상: 10대(물량의 10%), 운송사업물량(물량의 20%): 20대, 중소기업생산물량: 10대(물량의 10%)
    - 전기승합(버스) : 약 1대 
● 지원대상
   ○ 연천군에 30일 이상 주소를 둔 만 18세(자동차 운전면허시험 자격 최소연령) 이상 개인 및 개인 사업자
   ○ 연천군 내 위치한 공공기관 및 지방공기업(중앙행정기관 제외)  
   ○ 택시법인, 1대만 구매하는 법인, 초소형 전기승용, 전기승합, 초소형·경형 전기화물을 구매하는 법인"
경기,가평군,전기승용,"*일반: 접수순
*우선: 접수순","162
 (14)
 (0)
 (14)
 (134)",162,14,0,14,134,"114
 (5)
 (3)
 (4)
 (102)",114,5,3,4,102,48,32,"114
 (5)
 (3)
 (4)
 (102)",114,"48
 (9)
 (0)
 (10)
 (32)","가. 신청 및 접수기간: 2024. 3. ~ 예산 소진 시까지
 나. 보급대수
   1) 전기승용 162대(일반 134대, 택시 14대, 우선지원대상 14대)            
   2) 전기화물차 61대(일반 25대, 중소기업생산물량 9대, 우선지원대상 9대, 운송사업 18대)
   3) 전기버스 1대(가평군 교통정책에 따라 전기버스 운행 노선이 확정된 운수업체 우선)
 다. 지원차종 및 금액: 차종마다 상이, 공고문 참고
 라. 지원선정 및 지급: 접수 순으로 대상자 선정 후, 출고 등록 순으로 지급
 마. 문의처: 가평군 환경정책과(☏ 031-580-2441), 가평군청 홈페이지 공고문 참고"
경기,양평군,전기승용,"*일반: 출고등록순
*우선: 출고등록순","246
 (0)
 (0)
 (0)
 (246)",246,0,0,0,246,"289
 (23)
 (4)
 (7)
 (255)",289,23,4,7,255,0,0,"289
 (23)
 (4)
 (7)
 (255)",289,"0
 (0)
 (0)
 (0)
 (0)","ㅇ2024년 상반기 전기자동차 보급사업
○ 접수기간: 2024. 3. 1.(금) ~ 예산 소진 시까지
○ 보급대수
  - 전기승용: 301대(일반 235, 우선순위 33, 택시 33)
  - 전기화물: 180대(일반 101, 우선순위 20, 택배 39, 중소기업생산 20)
○ 지원금액: 무공해차 구매보조금 지원시스템(https://www.ev.or.kr/ps) 참조
○ 접수방법: 제조·판매사가 무공해차 구매보조금 지원시스템(https://www.ev.or.kr/ps) 접수
○ 선정기준: 출고·등록순"
강원,춘천시,전기승용,"*일반: 출고등록순
*우선: 출고등록순","600
 (60)
 (0)
 (60)
 (480)",600,60,0,60,480,"578
 (33)
 (5)
 (43)
 (497)",578,33,5,43,497,22,0,"578
 (33)
 (5)
 (43)
 (497)",578,"22
 (27)
 (0)
 (17)
 (0)",신청접수 : 2024. 3. 4.(월) 09:00 ~
강원,원주시,전기승용,"*일반: 출고등록순
*우선: 출고등록순","730
 (40)
 (0)
 (100)
 (590)",730,40,0,100,590,"734
 (35)
 (11)
 (87)
 (601)",734,35,11,87,601,0,0,"734
 (35)
 (11)
 (87)
 (601)",734,"0
 (5)
 (0)
 (13)
 (0)","2024년 원주시 전기자동차 2차 공고
-접수기간: 2024. 7. 1.(월) 공고 후 ~ 2024. 12. 16.(월) (예산 소진 시, 조기종료), 환경부 정책에 따라 물량은 변동될 수 있음
-대상자 선정방식: 출고등록순(지원가능확인 요청 순서대로 대상자를 선정하며, 자격부여는 대상자 선정이 아님을 알려드립니다.)
-보조금 청구 시, 접수 및 청구 서류 일체 '강원틀별자치도 원주시 시청로 1, 원주시청 6층 기후대응과' 로 송부

■ 빠른 처리를 위해 단순 접수알림, 처리 독촉 전화는 가능한 한 자제부탁드립니다 ■"
강원,강릉시,전기승용,"*일반: 출고등록순
*우선: 출고등록순","456
 (65)
 (0)
 (68)
 (323)",456,65,0,68,323,"305
 (16)
 (4)
 (12)
 (273)",305,16,4,12,273,151,50,"305
 (16)
 (4)
 (12)
 (273)",305,"151
 (49)
 (0)
 (56)
 (50)","※ 2024년 하반기 전기자동차 보급사업 공고 ※
* 신청기간:  공고일 ~ 2024. 12. 13. 18:00 (지급청구 요청분까지) 
 - (예산 소진 시 조기 마감)
* 지원자격: 신청접수일 기준 90일전부터 강릉시에 주소를 둔 자
* 대상자선정 기준: 출고등록순 
* 보급대수: 412대"
강원,동해시,전기승용,"*일반: 출고등록순
*우선: 출고등록순","131
 (10)
 (0)
 (20)
 (101)",131,10,0,20,101,"127
 (10)
 (0)
 (12)
 (105)",127,10,0,12,105,4,0,"127
 (10)
 (0)
 (12)
 (105)",127,"4
 (0)
 (0)
 (8)
 (0)",
강원,태백시,전기승용,"*일반: 출고등록순
*우선: 출고등록순","121
 (0)
 (0)
 (0)
 (121)",121,0,0,0,121,"50
 (4)
 (5)
 (3)
 (38)",50,4,5,3,38,71,83,"50
 (4)
 (5)
 (3)
 (38)",50,"71
 (0)
 (0)
 (0)
 (83)",
강원,속초시,전기승용,"*일반: 출고등록순
*우선: 출고등록순","170
 (17)
 (0)
 (17)
 (136)",170,17,0,17,136,"115
 (11)
 (2)
 (17)
 (85)",115,11,2,17,85,55,51,"115
 (11)
 (2)
 (17)
 (85)",115,"55
 (6)
 (0)
 (0)
 (51)",
강원,삼척시,전기승용,"*일반: 출고등록순
*우선: 출고등록순","125
 (13)
 (0)
 (13)
 (99)",125,13,0,13,99,"67
 (1)
 (0)
 (3)
 (63)",67,1,0,3,63,58,36,"67
 (1)
 (0)
 (3)
 (63)",67,"58
 (12)
 (0)
 (10)
 (36)",
강원,홍천군,전기승용,"*일반: 접수순
*우선: 접수순","150
 (15)
 (0)
 (15)
 (120)",150,15,0,15,120,"104
 (4)
 (3)
 (0)
 (97)",104,4,3,0,97,46,23,"104
 (4)
 (3)
 (0)
 (97)",104,"46
 (11)
 (0)
 (15)
 (23)",
강원,횡성군,전기승용,"*일반: 출고등록순
*우선: 출고등록순","87
 (0)
 (0)
 (0)
 (87)",87,0,0,0,87,"74
 (8)
 (2)
 (6)
 (58)",74,8,2,6,58,13,29,"74
 (8)
 (2)
 (6)
 (58)",74,"13
 (0)
 (0)
 (0)
 (29)","□ 사업개요
1. 신청기간 : 2024. 3. 4. ~ 예산 소진 시까지
2. 보급대수 : 179대(상104, 하75)
※ 승용90, 화물85, 승합4
※ 사업 진행상황에 따라 변동될 수 있음
※ 해당 사업 잔여물량 소진시까지 진행（조기 소진 시 마감）
3. 사업내용 : 환경부 인증을 받은 전기자동차 구입 보조금 지원
4. 지원차종 : 붙임2 참조
※ 향후 추가되는 차량은 저공해차 통합누리집（www.ev.or.kr）에 게재
5. 선정방법 : 출고·등록순（저공해차 구매보조금 지원시스템“지원가능확인”요청 순）"
강원,영월군,전기승용,"*일반: 출고등록순
*우선: 출고등록순","133
 (6)
 (0)
 (6)
 (121)",133,6,0,6,121,"41
 (3)
 (1)
 (9)
 (28)",41,3,1,9,28,92,93,"41
 (3)
 (1)
 (9)
 (28)",41,"92
 (3)
 (0)
 (0)
 (93)",
강원,평창군,전기승용,"*일반: 출고등록순
*우선: 출고등록순","100
 (15)
 (0)
 (10)
 (75)",100,15,0,10,75,"50
 (3)
 (3)
 (0)
 (44)",50,3,3,0,44,50,31,"50
 (3)
 (3)
 (0)
 (44)",50,"50
 (12)
 (0)
 (10)
 (31)","○ 2024년 전기자동차 보급사업 2차 공고

 

1. 신청기간 : 2024. 8. 7.(수) 09:00 ~ 2024. 12. 11.(수)(예산 소진 시 조기 마감)

  ※ 무공해차 구매보조금 지원시스템에 명시된 기간과 상관없이 신청기간 내에 대상자 선정이 완료되어야 함.

2. 보급수량 : 승용 72대, 소형화물 64대, 승합 2대

3. 신청방법

  가. 전기자동차 제작·수입사를 통한 온라인 접수

    1) 신청인 : 희망하는 전기자동차 제작·수입사와 구매계약 체결

    2) 제작·수입사 : 무공해차 구매보조금 지원시스템을 통한 구매 지원 신청서류 제출

4. 선정방법 : 출고·등록순

   가. '지원확정'(대상자 선정)단계가 아닌 '자격부여' 단계에 출고할 경우 보조금 지급 불가

   나. 보조금 지원대상자로 결정된 날로부터 10일 이내에 차량이 출고되지 않을 경우 대상자 선정이 취소되거나 대기자로 변경될 수 있음.

5. 지역할인제 한시적 운영 : 2024. 8. 1. ~ 2024. 10. 31. 

   참여 대상에 한하여 최대 승용 100만원, 화물 50만원 추가 지원"
강원,정선군,전기승용,"*일반: 접수순
*우선: 취약계층, 생애 최초 차량구매자, 노후경유차 대체 구매자, 다자녀 가구, 소상공인, 어린이 통학목적 차량 구매자(승합)","86
 (8)
 (0)
 (8)
 (70)",86,8,0,8,70,"30
 (1)
 (1)
 (0)
 (28)",30,1,1,0,28,56,42,"30
 (1)
 (1)
 (0)
 (28)",30,"56
 (7)
 (0)
 (8)
 (42)","보급대수 : 146대(승용 86대, 화물58대 승합 2대)
   ？ 전기승용차 : 택시 10%, 우선순위 10%
   ？ 전기화물차(소형) : 우선순위 10%, 택배20%, 중소기업 생산 물량 10% 
    ？ 전기화물차(초소형) : 우선순위 10%, 택배20%, 중소기업 생산 물량 10%"
강원,철원군,전기승용,"*일반: 출고등록순
*우선: 출고등록순","70
 (0)
 (0)
 (0)
 (70)",70,0,0,0,70,"56
 (4)
 (2)
 (5)
 (45)",56,4,2,5,45,14,25,"56
 (4)
 (2)
 (5)
 (45)",56,"14
 (0)
 (0)
 (0)
 (25)",
강원,화천군,전기승용,"*일반: 출고등록순
*우선: -","35
 (0)
 (0)
 (0)
 (35)",35,0,0,0,35,"28
 (1)
 (1)
 (0)
 (26)",28,1,1,0,26,7,9,"28
 (1)
 (1)
 (0)
 (26)",28,"7
 (0)
 (0)
 (0)
 (9)",
강원,양구군,전기승용,"*일반: 접수순
*우선: 접수순","80
 (0)
 (0)
 (0)
 (80)",80,0,0,0,80,"29
 (3)
 (0)
 (0)
 (26)",29,3,0,0,26,51,54,"29
 (3)
 (0)
 (0)
 (26)",29,"51
 (0)
 (0)
 (0)
 (54)",
강원,인제군,전기승용,"*일반: 출고등록순
*우선: 출고등록순","103
 (11)
 (0)
 (11)
 (81)",103,11,0,11,81,"51
 (9)
 (2)
 (0)
 (40)",51,9,2,0,40,52,41,"51
 (9)
 (2)
 (0)
 (40)",51,"52
 (2)
 (0)
 (11)
 (41)",
강원,고성군,전기승용,"*일반: 접수순(초과시 출고등록순)
*우선: 접수순(초과시 출고등록순)","55
 (8)
 (0)
 (8)
 (39)",55,8,0,8,39,"33
 (0)
 (1)
 (2)
 (30)",33,0,1,2,30,22,9,"33
 (0)
 (1)
 (2)
 (30)",33,"22
 (8)
 (0)
 (6)
 (9)",
강원,양양군,전기승용,"*일반: 출고등록순
*우선: 출고등록순","60
 (0)
 (0)
 (0)
 (60)",60,0,0,0,60,"40
 (1)
 (0)
 (6)
 (33)",40,1,0,6,33,20,27,"40
 (1)
 (0)
 (6)
 (33)",40,"20
 (0)
 (0)
 (0)
 (27)",
충북,청주시,전기승용,"*일반: 출고등록순
*우선: 출고등록순","2530
 (310)
 (0)
 (310)
 (1910)",2530,310,0,310,1910,"2756
 (307)
 (53)
 (151)
 (2245)",2756,307,53,151,2245,0,0,"2636
 (293)
 (53)
 (150)
 (2140)",2636,"0
 (17)
 (0)
 (160)
 (0)","< 2024 청주시 전기자동차 구매지원사업 >
(승용) 예산 소진으로 마감되었습니다. 
* 청주시 전기승용차 예산 내 대상자선정 완료로 마감되었습니다. 추후 취소 시 지원확인가능요청 순으로 연락드리겠습니다.*
(화물) 일반 170 
(승합) 7
○ 원본서류 미제출(전산등록 시 모든 서류를 1개의 PDF파일로 합쳐서 첨부)
○ 자격부여 및 대상자 선정 후 문자통보하지 않으므로 시스템 직접 확인 요망
○ 민원전화 폭주로 업무처리가 지연되므로 전화문의는 자제해 주시기 바랍니다.
----------------------------------------------------------------------------------------"
충북,충주시,전기승용,"*일반: 출고등록순
*우선: 출고등록순","580
 (46)
 (0)
 (46)
 (488)",580,46,0,46,488,"615
 (68)
 (8)
 (22)
 (517)",615,68,8,22,517,0,0,"611
 (68)
 (8)
 (22)
 (513)",611,"0
 (0)
 (0)
 (24)
 (0)","<충주시 전기자동차 보급사업>
(승용) 추가물량분에 대한 예산이 소진되었습니다. (포기자 발생시 순서에 의거 연락드리겠습니다.
       * 변경된 다자녀가구 기준은 2024.11.4접수분부터 해당이 됩니다.(내용 : 18세 이하 자녀 2명 이상)에 해당하는 개인이 구매 시 자녀 수에 따라 국비 최대 300만원 추가지원 / 2자녀 100만원, 3자녀 200만원, 4자녀 이상 300만원)
(화물) 예산소진으로 마감합니다.
(승합) 0대
---------------------------------------------------------------------------------------------------
 * 주의 : 원본서류일체 등기발송요함(충북 충주시 으뜸로 21, 충주시청 기후에너지과 대기관리팀 전기차담당)
 
 * 기타 자세한 내용은 공고문 참고

 * 민원전화 폭주로 업무처리가 지연되므로 전화문의는 자제하여 주시기 바랍니다.

 * 접수순번 대로 자격부여 하니, 전화독촉은 지양해 주시기 바랍니다."
충북,제천시,전기승용,"*일반: 접수순
*우선: 접수순","548
 (109)
 (0)
 (54)
 (385)",548,109,0,54,385,"397
 (8)
 (6)
 (19)
 (364)",397,8,6,19,364,151,21,"397
 (8)
 (6)
 (19)
 (364)",397,"151
 (101)
 (0)
 (35)
 (21)","□ 전기자동차 민간 보급사업 변경공고 알림
ㅇ 접수기간 : 2024. 11. 25. 09:00 ~ 예산 소진 시까지(시스템 접수순)
★★★전기차 승용 예산 소진으로 마감되었습니다.(마감시간 09:02)★★★   
ㅇ 보급대수 : 총 110대 (전기승용 5대, 전기화물 100대, 전기승합 5대)
   ※ (중요) 보급대수는 보급여건 및 예산범위 내에서 변동될 수 있음!!
ㅇ 보조금 신청기한 : 2024. 12. 13.(금) 18:00까지
ㅇ 주의사항(중요)
1. 2024년 전기자동차 보급사업 변경공고문 
2. 2024년 회계 마감으로 인하여 보조금 지급 신청기한까지 완료한 차량만 보조금 지급 가능.
3. 지원신청(사전검토 요청) 시 지방세 납부증명서 첨부
   ※ 지방세 납부증명서 누락하여 신청한 경우, 체납내역 존재 시 보완요청 예정이며, 그로 인해 발생하는 불이익은 제천시에서 책임지지 않습니다!
4. (승용) 지원신청 시 기존 관련 증빙서류 외 지원가능 요청 증빙자료 동시 첨부    (사전검토 단계에서 대상자 선정으로 바로 진행할 예정)
5. 구매보조금 지급신청 후 제천시청 자연환경과로 원본제출(사본은 원본대조필 날인)
   (주소: 충청북도 제천시 내토로 295 제천시청 자연환경과)
6. 보조금 지급신청서 및 청구서 작성 시 예금주명 확인 필수!(예금주명 오류 많음)
   - 지급신청서 및 청구서 예금주명 오류 시 보완요청

★★★ 지원신청 시 서류 보완요청으로 인한 불이익은 제천시에서 책임지지 않으므로, 신청서 작성 시 주의하여 주시기 바랍니다★★★
★★★ 민원전화 폭주로 업무처리가 지연되고 있습니다. 전화문의는 지양하여 주시기 바랍니다.★★★"
충북,보은군,전기승용,"*일반: 출고등록순
*우선: 출고등록순","100
 (0)
 (0)
 (0)
 (100)",100,0,0,0,100,"68
 (0)
 (0)
 (0)
 (68)",68,0,0,0,68,32,32,"68
 (0)
 (0)
 (0)
 (68)",68,"32
 (0)
 (0)
 (0)
 (32)",
충북,옥천군,전기승용,"*일반: 출고등록순
*우선: 출고등록순","135
 (10)
 (0)
 (10)
 (115)",135,10,0,10,115,"89
 (2)
 (5)
 (1)
 (81)",89,2,5,1,81,46,34,"89
 (2)
 (5)
 (1)
 (81)",89,"46
 (8)
 (0)
 (9)
 (34)","<접수 마감되었습니다>

*2024년 전기차(승용) 구매지원 사업 시행 공고(2차)
-접수: 2024.9.25.(수) 10:00 ~ 예산 소진 시 까지
-보조금은 12월 중순 이후 지급 예정이므로 제조, 수입사는 이점 필히 양지 후 신청하시기 바랍니다."
충북,영동군,전기승용,"*일반: 출고등록순
*우선: 출고등록순","159
 (15)
 (0)
 (14)
 (130)",159,15,0,14,130,"87
 (4)
 (1)
 (2)
 (80)",87,4,1,2,80,72,50,"87
 (4)
 (1)
 (2)
 (80)",87,"72
 (11)
 (0)
 (12)
 (50)","○ 접수기간 : 2024. 7. 29 ~ 예산소진시 까지
○ 보급대수 : 전기승용 159대, 전기화물 197대"
충북,증평군,전기승용,"*일반: 출고등록순
*우선: 출고등록순","173
 (23)
 (10)
 (22)
 (118)",173,23,10,22,118,"111
 (12)
 (1)
 (2)
 (96)",111,12,1,2,96,62,22,"111
 (12)
 (1)
 (2)
 (96)",111,"62
 (11)
 (9)
 (20)
 (22)",
충북,진천군,전기승용,"*일반: 출고등록순
*우선: 출고등록순","412
 (0)
 (0)
 (28)
 (384)",412,0,0,28,384,"329
 (14)
 (8)
 (2)
 (305)",329,14,8,2,305,83,79,"328
 (14)
 (8)
 (2)
 (304)",328,"84
 (0)
 (0)
 (26)
 (80)","< 예산 소진으로 진천군 2024년 전기차 구매 지원 사업 종료 >
보조금 지급은 2024. 12. 중순이후 일괄지급 예정"
충북,괴산군,전기승용,"*일반: 출고등록순
*우선: 출고등록순","100
 (10)
 (0)
 (10)
 (80)",100,10,0,10,80,"86
 (5)
 (5)
 (1)
 (75)",86,5,5,1,75,14,5,"86
 (5)
 (5)
 (1)
 (75)",86,"14
 (5)
 (0)
 (9)
 (5)",신청 마감
충북,음성군,전기승용,"*일반: 출고등록순
*우선: 출고등록순","0
 (0)
 (0)
 (0)
 (0)",0,0,0,0,0,"249
 (12)
 (22)
 (0)
 (215)",249,12,22,0,215,0,0,"248
 (12)
 (21)
 (0)
 (215)",248,"0
 (0)
 (0)
 (0)
 (0)","★ 접수기간: 2024.11.15(금) 09:00 ~ 예산 소진 시까지
★ 지원가능확인요청기간: 2024.11.18.(월) 09:00 ~ 예산 소진 시까지
★ 선정방법: 출고등록순
 ※ 미집행된 우선순위, 택시, 택배물량을 통합하여 진행되며, 차종에 따라 보조금 차등지원에 따라 시스템 상 잔여대수와 실제 잔여대수는 상이하니 유선으로 확인 바랍니다."
충북,단양군,전기승용,"*일반: 출고등록순
*우선: 출고등록순","151
 (17)
 (0)
 (17)
 (117)",151,17,0,17,117,"68
 (1)
 (4)
 (2)
 (61)",68,1,4,2,61,83,56,"68
 (1)
 (4)
 (2)
 (61)",68,"83
 (16)
 (0)
 (15)
 (56)",
충남,천안시,전기승용,"*일반: 출고등록순
*우선: 출고등록순","1110
 (112)
 (0)
 (0)
 (998)",1110,112,0,0,998,"1408
 (177)
 (25)
 (100)
 (1106)",1408,177,25,100,1106,0,0,"1408
 (177)
 (25)
 (100)
 (1106)",1408,"0
 (0)
 (0)
 (0)
 (0)","<2024년 전기자동차 하반기 민간보급사업 안내>
○ 접수기간  (공고구분 : 추경1차) 
  - (승용) 마감
  - (화물) 마감 
○ 보급물량 
  - (승용) : 50대 (택시 잔여물량 및 취소물량에 따라 보급물량 변동) 
○ 신청대상
    - 개인(사업자) : 구매신청서 접수일 기준, 90일 이전부터 천안시에 주소를 둔 18세 이상 천안시민
    - 법인·기관(공공) : 구매신청서 접수일 기준, 90일 이전부터 천안시에 주소를 둔 법인, 사업자
○ 신청방법 : 무공해차 구매보조금 지원시스템 접수
○ 선정기준 : 출고등록순(지원시스템 지원가능 요청순)
 ※ 기타 자세한 문의사항은 공고문을 참조하시기 바라며, 자격부여, 대상자 선정요청, 금액확인을 위한 전화문의 자제바랍니다.
================================================================================="
충남,공주시,전기승용,"*일반: 출고등록순
*우선: 출고등록순","256
 (17)
 (0)
 (17)
 (222)",256,17,0,17,222,"218
 (15)
 (9)
 (12)
 (182)",218,15,9,12,182,38,40,"218
 (15)
 (9)
 (12)
 (182)",218,"38
 (2)
 (0)
 (5)
 (40)","접수기간 : 24. 11. 19.(화)~ 예산소진시까지 
보급대수 : (승용) 50대 
선정기준 : 출고등록순(*자격부여는 출고등록순으로 예산범위 초과하여 선정하며 대상자 선정된 것 아님)
지원대상 : 구매지원신청서 접수일 기준 2개월(60일) 이상 연속하여 공주시에 주소를 둔 개인, 법인 등
신청방법 : 무공해차 구매 보조금 시스템을 통해 온라인 신청

- 기타 자세한 문의사항은 공고문을 참조하기 바라며, 자격부여, 대상자 선정 요청, 금액확인을 위한 전화문의는 자제바랍니다.
- 보조금 우선지원 신청서 양식이 변경되었으니 확인부탁드립니다."
충남,보령시,전기승용,"*일반: 출고등록순
*우선: 출고등록순","148
 (12)
 (0)
 (12)
 (124)",148,12,0,12,124,"143
 (10)
 (9)
 (6)
 (118)",143,10,9,6,118,5,6,"142
 (9)
 (9)
 (6)
 (118)",142,"6
 (3)
 (0)
 (6)
 (6)","<2024년 전기자동차(승용·화물) 보급사업(하반기)>
- 접수기간: '24. 7. 8.(화) 09:00 ~ 12. 6. 18:00/ 예산소진시 조기마감
- 보급대수: 승용 89대, 화물 131대
- 선정기준: 출고·등록순( *자격부여는 신청접수순으로 예산범위 초과하여 선정하며 대상자 선정된것 아님)

※ 기타 자세한 문의사항은 공고문을 참조하시기 바라며, 자격부여, 대상자 선정 요청, 금액확인을 위한 전화문의 자제바랍니다."
충남,아산시,전기승용,"*일반: 출고등록순
*우선: 출고등록순","800
 (80)
 (0)
 (80)
 (640)",800,80,0,80,640,"890
 (120)
 (14)
 (22)
 (734)",890,120,14,22,734,0,0,"888
 (119)
 (14)
 (22)
 (733)",888,"0
 (0)
 (0)
 (58)
 (0)","2024년 사업 종료
** 2025년 상반기 2월 말 공고 3월 초 접수 예정 **"
충남,서산시,전기승용,"*일반: 출고등록순
*우선: 출고등록순","339
 (17)
 (3)
 (5)
 (314)",339,17,3,5,314,"373
 (44)
 (6)
 (8)
 (315)",373,44,6,8,315,0,0,"373
 (44)
 (6)
 (8)
 (315)",373,"0
 (0)
 (0)
 (0)
 (0)",접수 마감.
충남,논산시,전기승용,"*일반: 출고등록순
*우선: 출고등록순","183
 (6)
 (0)
 (0)
 (177)",183,6,0,0,177,"189
 (13)
 (12)
 (0)
 (164)",189,13,12,0,164,0,13,"189
 (13)
 (12)
 (0)
 (164)",189,"0
 (0)
 (0)
 (0)
 (13)",
충남,계룡시,전기승용,"*일반: 출고등록순
*우선: 출고등록순","92
 (14)
 (1)
 (0)
 (77)",92,14,1,0,77,"92
 (14)
 (1)
 (0)
 (77)",92,14,1,0,77,0,0,"92
 (14)
 (1)
 (0)
 (77)",92,"0
 (0)
 (0)
 (0)
 (0)","1. 사 업 명 : 2024년 전기자동차 민간보급사업
 2. 보급대수 : 전기승용 약49대, 전기화물 약23대
 3. 신청기간 : 2차/ 2024. 7. 1.(월) ~ 12. 6.(금)
 4. 선정방법 : 출고등록순  ※ 신청일 당일 대상자선정 불가"
충남,당진시,전기승용,"*일반: 출고등록순
*우선: 출고등록순","412
 (37)
 (14)
 (5)
 (356)",412,37,14,5,356,"412
 (37)
 (14)
 (5)
 (356)",412,37,14,5,356,0,0,"412
 (37)
 (14)
 (5)
 (356)",412,"0
 (0)
 (0)
 (0)
 (0)","2024년 전기자동차 보급사업(2차) 변경공고(당진시 공고 제2024-1721호, 2024.08.13.) 내용을 참고 하시기 바랍니다.
무공해차 통합누리집 및 당진시청 홈페이지 고시/공고에서 확인 바랍니다.

※ 승용, 화물 국비 소진으로 마감되었습니다."
충남,금산군,전기승용,"*일반: 출고등록순
*우선: 출고등록순","137
 (6)
 (0)
 (6)
 (125)",137,6,0,6,125,"98
 (3)
 (5)
 (3)
 (87)",98,3,5,3,87,39,38,"98
 (3)
 (5)
 (3)
 (87)",98,"39
 (3)
 (0)
 (3)
 (38)","친환경자동차 보급 확대를 위하여 전기자동차 구매 시 보조금을 지원하고자 2024년도 전기자동차 민간보급사업을 공고하오니 많은 참여바랍니다.
 
 1. 사업내용 : 전기자동차(화물,승용) 보급사업
 2. 보급대상 : 구매 지원신청 접수일 기준 2개월 이상 계속하여 금산군에 주소를 둔 개인 및 개인사업자, 사업장이 금산군 내 위치한 법인 및 기업
 3. 공고기간 : ~ 2024. 12. 06.(금) 
 4. 신청기간 : ~ 2024. 12. 06.(금)  18:00  ※보급대수 소진시 조기 마감
 5. 보급대수 : 총92대(전기승용 58대, 전기화물 34대)
 6. 지원금액 : 차량 가액에 따라 달라짐(공고문 참조)
 7. 신청절차 : 신청인은 가까운 자동차 대리점, 영업소에 구매계약 후 저공해차 통합누리집 내 저공해차 구매 보조금 지원 시스템에 제출
  ※ 기타 자세한 사항은 붙임 공고문 참조(세부신청절차가 안내되어 있으니 반드시 확인요망)"
충남,부여군,전기승용,"*일반: 출고등록순
*우선: 출고등록순","114
 (8)
 (0)
 (8)
 (98)",114,8,0,8,98,"94
 (4)
 (6)
 (2)
 (82)",94,4,6,2,82,20,16,"94
 (4)
 (6)
 (2)
 (82)",94,"20
 (4)
 (0)
 (6)
 (16)","신청일시 : 2024. 10. 11.(금) 9:00 ~ 11. 15.(금)  ※ 예산 소진 시 조기 종료
보급대수 : 총12대(일반 12대)
※ 차종마다 지원금이 다르므로 전산 상 표시되어있는 잔여대수와 실제 보급가능대수(=대상자선정 가능 대수)가 상이함
★ 자격부여 이후 10일 내 출고가능시 지원가능요청 : 출고예정증빙 첨부하면 대상자 선정
★ 대상자선정 후 10일 내 출고, 출고후 10일내 지급신청 하여야 보조금 지급 가능 
자격부여만 받고 대상자선정 없이 출고 시 보조금 지급 불가함"
충남,서천군,전기승용,"*일반: 출고등록순
*우선: 출고등록순","88
 (9)
 (0)
 (9)
 (70)",88,9,0,9,70,"87
 (5)
 (5)
 (4)
 (73)",87,5,5,4,73,1,0,"87
 (5)
 (5)
 (4)
 (73)",87,"1
 (4)
 (0)
 (5)
 (0)",※ 국비 소진으로 전기승용 접수 마감 하였습니다.
충남,청양군,전기승용,"*일반: 출고등록순
*우선: 출고등록순","70
 (0)
 (0)
 (0)
 (70)",70,0,0,0,70,"66
 (2)
 (2)
 (1)
 (61)",66,2,2,1,61,4,9,"66
 (2)
 (2)
 (1)
 (61)",66,"4
 (0)
 (0)
 (0)
 (9)",
충남,홍성군,전기승용,"*일반: 출고등록순
*우선: 출고등록순","155
 (13)
 (0)
 (7)
 (135)",155,13,0,7,135,"183
 (22)
 (1)
 (8)
 (152)",183,22,1,8,152,0,0,"155
 (16)
 (1)
 (7)
 (131)",155,"0
 (0)
 (0)
 (0)
 (4)",2024년도 전기자동차(승용) 민간보급사업 마감
충남,예산군,전기승용,"*일반: 출고등록순
*우선: 출고등록순","90
 (0)
 (0)
 (0)
 (90)",90,0,0,0,90,"109
 (1)
 (6)
 (4)
 (98)",109,1,6,4,98,0,0,"109
 (1)
 (6)
 (4)
 (98)",109,"0
 (0)
 (0)
 (0)
 (0)","<2024년 하반기 전기자동차(승용)민간보급사업 안내>
- 신청기간 : 2024.7.22. 09:00 ~ 24.12.6. 18:00 (예산소진시 조기마감)
- 신청대수 : 30대
- 대상자선정기준 : 차량 출고 등록순(자격부여는 대상자 확정이 아님)
- 기타 자세한 사항은 공고문 참조 
★ 민원전화 폭주로 업무처리가 지연될 수 있으므로 빠른 업무처리를 위해 단순 지원가능 & 대상자 확정 요청 전화는 자제 부탁드립니다."
충남,태안군,전기승용,"*일반: 출고등록순
*우선: 출고등록순","137
 (6)
 (0)
 (6)
 (125)",137,6,0,6,125,"104
 (0)
 (3)
 (0)
 (101)",104,0,3,0,101,33,24,"102
 (0)
 (3)
 (0)
 (99)",102,"35
 (6)
 (0)
 (6)
 (26)","1. 보급대수 : 총 229대(승용 118대, 화물 111대)
 - 1차공고 : 승용 83대, 화물 78대(전체물량의 70%)
 - 2차공고 : 승용 54대, 화물 53대(1차 공고 잔여 물량 + 2차 공고 물량(30%))
※ 우선순위, 승용택시, 택배, 중소기업 생산 물량은 3/4분기(2024. 9. 2.(월)) 일반물량과 통합 진행

2. 신청기간 : 2024. 3. 5.(화) ~ 12. 6(금)
 - 1차공고 : 2024. 3. 5.(화) ~ 7. 26(금) 09:00 ~ 18:00
 - 2차공고 :  2024. 7. 29.(월) ~ 12. 6(금) 09:00 ~ 18:00(예산소진시 조기마감)"
전북,전주시,전기승용,"*일반: 출고등록순
*우선: 출고등록순","1330
 (0)
 (0)
 (0)
 (1330)",1330,0,0,0,1330,"1460
 (104)
 (26)
 (107)
 (1223)",1460,104,26,107,1223,0,107,"1433
 (102)
 (25)
 (105)
 (1201)",1433,"0
 (0)
 (0)
 (0)
 (129)",*** 사업종료 ***
전북,군산시,전기승용,"*일반: 출고등록순
*우선: 출고등록순","546
 (24)
 (13)
 (26)
 (483)",546,24,13,26,483,"653
 (53)
 (14)
 (35)
 (551)",653,53,14,35,551,0,0,"646
 (52)
 (14)
 (35)
 (545)",646,"0
 (0)
 (0)
 (0)
 (0)","<2024년 군산시 전기자동차 민간보급사업 승용전기차 마감>
○ 승용전기차 마감
--------------------------------------------------------------
※ 자세한 사항은 공고문을 확인하시기 바랍니다.(보조사업 준수사항, 의무운행기간 확인바람)
※ 향후 대상자 선정 후 지급신청 시 원본서류 별도 제출 바람
  - 우편주소 : 전북 군산시 시청로 17, 군산시청 환경정책과 전기차 담당자 앞
※ 자격부여 및 대상자 선정 후 별도 문자안내 없음
※ 대상자 선정 후 10일내 출고증빙서류(전자세금계산서) 미첨부시 별도 통보없이 대상자선정 취소처리함"
전북,익산시,전기승용,"*일반: 출고등록순
*우선: 출고등록순","562
 (41)
 (0)
 (41)
 (480)",562,41,0,41,480,"592
 (54)
 (6)
 (18)
 (514)",592,54,6,18,514,0,0,"588
 (54)
 (6)
 (18)
 (510)",588,"0
 (0)
 (0)
 (23)
 (0)","1. 신청기간 : 2024. 3. 12. ~ 2024. 6. 28. (예산소진시까지)
2. 신청자격 : 신청서 접수일 기준 3개월 이전부터 연속하여 익산시에 주소지를 두거나 사업장 소재지를 두고 사업자등록을 한 자
3. 지원가능 대수 : 개인, 법인 1대
4. 보급대수 : 총 403대(일반 321대, 택시 41대, 우선순위 41대)
 ※예산상황 등에 따라 보급물량은 변동될수있으며, 물량 미소진시 하반기통합보급
 ※(중요)허위 또는 10일이내 미출고시 대상자 선정취소 또는 후순위대기자로 변경

                *자세한 내용은 반드시 공고문을 확인하여 주시기 바랍니다"""
전북,정읍시,전기승용,"*일반: 출고등록순
*우선: 출고등록순","426
 (30)
 (0)
 (56)
 (340)",426,30,0,56,340,"203
 (8)
 (9)
 (5)
 (181)",203,8,9,5,181,223,159,"203
 (8)
 (9)
 (5)
 (181)",203,"223
 (22)
 (0)
 (51)
 (159)","===================== 승용 예산 소진 완료 ===========================

<2024년 전기자동차 보급사업(통합)>
○ 신청기간 : 2024. 10. 2.(수) ~ 12. 6.(금) (09:00~18:00) **예산 소진시 마감
○ 보급대수 : 285대(승용 145대, 화물 240대) **여건 및 예산 범위 내에서 변동될 수 있음.
○ 선정방법 : 차량 출고등록순
○ 지원대수 : 승용, 화물 1대(개인, 기업, 법인, 사업자, 단체 등)

** 전북특별자치도 및 정읍시 보조금을 지급받은 전기자동차 구매자는 
의무운행기간을 전북특별자치도 내에서 준수하여야 함
    - 전북특별자치도 내에서 의무운행기간 미준수(타시도 판매) 시에는 환수율에 따라 
지방비(도·시비) 보조금을 환수함
    - 전기화물차를 구매한 자가 해당 차량을 2만km이상 운행하지 아니하고 
최초 등록한 날부터 2년 이내에 판매하는 경우, 지급된 보조금(국비+지방비)의 일부를 회수함.
(도 내 판매 포함, 유의사항 참조)
** 신청서 처리기한 7일 이내 (당일 불가)
** 서류 업로드 시 하나의 파일(PDF)로 통합하여 업로드 제출.
** 지급 신청한 후 지원신청 서류 및 지급신청 서류 원본제출.
     (우편주소 : 전북특별자치도 정읍시 충정로 237, 거안빌딩 2층 자원순환과 전기차 담당자 앞)

★ 시스템의 출고잔여 대수는 실제 잔여대수와 다를 수 있으므로 담당자에게 확인바랍니다 ★"
전북,남원시,전기승용,"*일반: 출고등록순
*우선: 출고등록순","200
 (11)
 (0)
 (11)
 (178)",200,11,0,11,178,"184
 (6)
 (7)
 (4)
 (167)",184,6,7,4,167,16,11,"184
 (6)
 (7)
 (4)
 (167)",184,"16
 (5)
 (0)
 (7)
 (11)",
전북,김제시,전기승용,"*일반: 출고등록순
*우선: 출고등록순","248
 (0)
 (0)
 (0)
 (248)",248,0,0,0,248,"188
 (14)
 (7)
 (6)
 (161)",188,14,7,6,161,60,87,"187
 (13)
 (7)
 (6)
 (161)",187,"61
 (0)
 (0)
 (0)
 (87)","- 하반기 신청기간 : 2024.7.15.(월) 09:00 ~ 2024.12.13.(금) 18:00 [예산소진시 조기마감]
- 하반기 보급대수 : 승용 124대 / 화물 131대/ 승합 1대
- 선정방법 : 출고등록순
※ 기타 자세한 사항은 공고문 참고"
전북,완주군,전기승용,"*일반: 출고등록순
*우선: 출고등록순","141
 (14)
 (0)
 (10)
 (117)",141,14,0,10,117,"158
 (11)
 (6)
 (4)
 (137)",158,11,6,4,137,0,0,"157
 (11)
 (6)
 (4)
 (136)",157,"0
 (3)
 (0)
 (6)
 (0)","□ 사업기간
  - 공   고 : 2024. 7. 15.(월) ~ 10.31.(목)
  - 접   수 : 2024. 7. 17.(수) 9:00 ~ 10.31.(목) 18:00 (화물,승용)
□ 지원가능확인 요청 일시
    화물: 2024. 7. 19.(금) ~ 예산소진시까지
    승용: 2024. 7. 22.(월) ~ 예산소진시까지
□ 보급대수 : 총 126대(승용 79대, 화물 47대)
□ 보급대상 : 전기자동차(승용,화물)를 구입하고자 하는 자
  ※ 단, 구매신청서 접수일 기준 완주군에 2개월 이상 연속 주소를 둔 군민, 법인, 단체
□ 지원한도 :  전기승용·화물 (개인) 1인 1대, (법인) 1대
□ 신청대상 : 무공해차 통합누리집(www.ev.or.kr)에 접수
□ 선정방법 : 출고등록순
※ 자세한 사항은 공고문을 참고하시기 바랍니다."
전북,진안군,전기승용,"*일반: 출고등록순
*우선: 출고등록순","122
 (0)
 (0)
 (12)
 (110)",122,0,0,12,110,"60
 (6)
 (1)
 (1)
 (52)",60,6,1,1,52,62,58,"60
 (6)
 (1)
 (1)
 (52)",60,"62
 (0)
 (0)
 (11)
 (58)",
전북,무주군,전기승용,"*일반: 출고등록순
*우선: 출고등록순","41
 (1)
 (0)
 (0)
 (40)",41,1,0,0,40,"42
 (2)
 (1)
 (0)
 (39)",42,2,1,0,39,0,1,"42
 (2)
 (1)
 (0)
 (39)",42,"0
 (0)
 (0)
 (0)
 (1)","☆ 2024 무주군 하반기 전기자동차 보급사업 추가 공고☆
신청기간: 2024. 11. 18.~ 12. 13. 또는 예산 소진시까지
보급대수: 승용 3대"
전북,장수군,전기승용,"*일반: 출고등록순
*우선: 출고등록순","53
 (4)
 (0)
 (4)
 (45)",53,4,0,4,45,"41
 (0)
 (2)
 (1)
 (38)",41,0,2,1,38,12,7,"41
 (0)
 (2)
 (1)
 (38)",41,"12
 (4)
 (0)
 (3)
 (7)",
전북,임실군,전기승용,"*일반: 출고등록순
*우선: 출고등록순","69
 (9)
 (0)
 (7)
 (53)",69,9,0,7,53,"49
 (1)
 (0)
 (2)
 (46)",49,1,0,2,46,20,7,"49
 (1)
 (0)
 (2)
 (46)",49,"20
 (8)
 (0)
 (5)
 (7)",
전북,순창군,전기승용,"*일반: 출고등록순
*우선: 출고등록순","44
 (3)
 (0)
 (3)
 (38)",44,3,0,3,38,"49
 (6)
 (1)
 (2)
 (40)",49,6,1,2,40,0,0,"49
 (6)
 (1)
 (2)
 (40)",49,"0
 (0)
 (0)
 (1)
 (0)","<2024년 하반기 순창군 전기자동차(승용·화물) 민간보급 사업공고>
○ 접수기간: 2024. 9. 4(수). ~ 예산소진시까지
○ 보급대수: 총29대(승용 20대, 화물 9대)
  ※ 보급여건, 예산증감에 따라 변동가능
○ 선정방법: 출고등록순
○ 신청자격: 선청서 접수일 기준 연속 3개월(90일)이상 순창군에 주소를 둔 개인, 단체, 법인, 기관 등
○ 보급차량: 환경부 무공해차 통합누리집(ev.or.kr)에서 열람
-----------------------------------------------------------------------
★ 자세한 사항은 공고문 확인"
전북,고창군,전기승용,"*일반: 출고등록순
*우선: 출고등록순","101
 (5)
 (0)
 (0)
 (96)",101,5,0,0,96,"112
 (9)
 (4)
 (1)
 (98)",112,9,4,1,98,0,0,"109
 (9)
 (4)
 (1)
 (95)",109,"0
 (0)
 (0)
 (0)
 (1)","★★★고창군 하반기 전기자동차 보급사업★★★

□ 공고개요
  1. 신청기간 : ‘24. 7. 3.(수) ~ 12. 2.(월) (예산 소진 시 조기마감) 
  2. 보급대수 : 승용 56(우선순위, 택시 물량 통합 집행)
  3. 지원차종 : 환경부 무공해차 통합누리집(www.ev.or.kr) 참조
    ※ 공고일 이후 환경부 보조금 지원대상으로 선정된 차량은 추가공고 없이 보조금 지원대상 포함
  4. 지원금액 : 차종에 따라 차등지원"
전북,부안군,전기승용,"*일반: 출고등록순
*우선: 출고등록순","125
 (13)
 (0)
 (13)
 (99)",125,13,0,13,99,"72
 (3)
 (3)
 (1)
 (65)",72,3,3,1,65,53,34,"71
 (3)
 (3)
 (1)
 (64)",71,"54
 (10)
 (0)
 (12)
 (35)",하반기 7.15
전남,목포시,전기승용,"*일반: 출고등록순
*우선: 출고등록순","30
 (1)
 (0)
 (1)
 (28)",30,1,0,1,28,"45
 (3)
 (3)
 (3)
 (36)",45,3,3,3,36,0,0,"45
 (3)
 (3)
 (3)
 (36)",45,"0
 (0)
 (0)
 (0)
 (0)","2024년 전기자동차(승용) 보급사업 추가 공고 안내

○ 신청기간 : 2024. 6. 20. ~ 12. 20. (평일 9 ~18시)
☆★○ 지원가능 확인요청 : 2024. 6. 21. ~ 12. 20. (평일 9 ~18시)
○ 보급대수 : 10대(우선 1, 택시 1, 일반 8)
○ 선정방법 : 지원가능 확인요청 순(출고등록순)
  ※ 보급대수는 차량별 보조금 차등지원에 따라 예산범위 내에서 변동될 수 있음

☆일반물량으로 택시 추가보조금 신청 가능, 유선으로 요청 필수☆"
전남,여수시,전기승용,"*일반: 출고등록순
*우선: 출고등록순","447
 (0)
 (0)
 (0)
 (447)",447,0,0,0,447,"450
 (10)
 (20)
 (30)
 (390)",450,10,20,30,390,0,57,"450
 (10)
 (20)
 (30)
 (390)",450,"0
 (0)
 (0)
 (0)
 (57)",예산소진에 따른 사업 마감
전남,순천시,전기승용,"*일반: 출고등록순
*우선: 출고등록순","450
 (0)
 (0)
 (0)
 (450)",450,0,0,0,450,"534
 (55)
 (13)
 (9)
 (457)",534,55,13,9,457,0,0,"522
 (54)
 (13)
 (9)
 (446)",522,"0
 (0)
 (0)
 (0)
 (4)","1. 신청기간 : 2024. 6. 26.(수) ~ 예산 소진 시까지
  ※ 평일 09시 ~ 18시

2. 보급대수(2차분) : 전기차 390대 (보급 여건 등에 따라 변동될 수 있음) 
  가. 승용 : 200대
  나. 화물 : 190대
3. 보급기준 : 개인(세대) 당 1대, 기업·법인·기관 당 1대
4. 선정기준 : 차량 출고·등록순(보조금 지원가능 확인 요청일 순)
5. 지원차량 : 무공해차 통합누리집(ev.or.kr)에서 확인 가능
  ※ 향후 무공해차 통합누리집에 조회되는 차량은 변경 공고 없이 보조금 지원대상에 포함
6. 기타 자세한 사항은 순천시 공고문 참고"
전남,나주시,전기승용,"*일반: 출고등록순
*우선: 출고등록순","170
 (17)
 (0)
 (10)
 (143)",170,17,0,10,143,"213
 (23)
 (12)
 (0)
 (178)",213,23,12,0,178,0,0,"213
 (23)
 (12)
 (0)
 (178)",213,"0
 (0)
 (0)
 (10)
 (0)","※ 전기자동차 보급 일정 안내

(공통) 2024. 7. 26. 공고
(승용) 2024. 7. 30. 구매지원신청서(자격부여)
         2024. 7. 31. 보조금 지원 가능 확인요청(출고요청)"
전남,광양시,전기승용,"*일반: 출고등록순
*우선: 출고등록순","380
 (38)
 (0)
 (38)
 (304)",380,38,0,38,304,"429
 (25)
 (18)
 (12)
 (374)",429,25,18,12,374,0,0,"429
 (25)
 (18)
 (12)
 (374)",429,"0
 (13)
 (0)
 (26)
 (0)","<광양시 2024년 전기자동차(승용) 보급사업(1차)>

1. 신청기간 : 2024. 2. 27.(화) 10:00 ∼ 예산 소진시까지  ※ 평일 09~18시
2. 보급물량 : 승용 230대 (보급 및 잔여대수는 보급여건 및 예산범위에 따라 변동될 수 있음)
3. 지원대수 : 개인(사업자) 1대, 법인·기관· 1대
 ※ 법인기관 1대초과 분량에 미리파악 후 한국환경공단 국비사업으로 진행 요망(한국환경공단 개별접수)
4. 선정기준 : 차량 출고,등록순(보조금 지원가능 확인요청일 순)

※ 기타 자세한 사항은 광양시 공고문 참고
 - 지원대상자 신청 자격 부여 시 검토 과정을 위해 최소 2일 전에 신청 요망"
전남,담양군,전기승용,"*일반: 출고등록순
*우선: 출고등록순","220
 (22)
 (0)
 (22)
 (176)",220,22,0,22,176,"156
 (9)
 (1)
 (0)
 (146)",156,9,1,0,146,64,30,"156
 (9)
 (1)
 (0)
 (146)",156,"64
 (13)
 (0)
 (22)
 (30)","ㅇ 사업기간 : 2024. 3. 4. 09:00 ∼ 2024. 12 20.18:00
ㅇ 보급대수 : 220대(일반 176대, 우선순위 22대, 택시 22대)
※ 일반물량에 대해서는 우선순위 적용하지 않음. 
※ 승용의 경우 최대 국비보조금 지급 대수가 많으면 목표대수보다 적은 수량이 보급될 수 있음
※ 지원가능 확인요청일이 같을 경우 접수순"
전남,곡성군,전기승용,"*일반: 출고등록순
*우선: 출고등록순","63
 (0)
 (0)
 (0)
 (63)",63,0,0,0,63,"63
 (3)
 (1)
 (1)
 (58)",63,3,1,1,58,0,5,"63
 (3)
 (1)
 (1)
 (58)",63,"0
 (0)
 (0)
 (0)
 (5)","해당없음- 접수기간 : 2024. 3. 8.(금) ~ 예산 소진시 / 예산 소진시 조기 마감(출고 등록 순)
- 화물 8대 정도 남음(24. 11. 19.기준)
* 법인, 개인사업자(소상공인 포함) 1대 외 ->'한국환경공단'으로 신청(지침개정 2024. 7. 26.)"
전남,구례군,전기승용,"*일반: 출고등록순
*우선: 출고등록순","53
 (0)
 (0)
 (0)
 (53)",53,0,0,0,53,"57
 (2)
 (4)
 (1)
 (50)",57,2,4,1,50,0,3,"57
 (2)
 (4)
 (1)
 (50)",57,"0
 (0)
 (0)
 (0)
 (3)","2024년 전기자동차 민간보급사업 시행 공고(2차)

1. 신청기간: 2024. 8. 5. ~ 사업비 소진 시까지
2. 보급대수: 승용 29대, 화물 41대
  ※ 사업물량은 예산 범위 내에서 변동될 수 있음
3. 보급기준: 개인 또는 개인사업자 당 1대, 법인·기관 당 1대
4. 선정기준: 차량 출고·등록 순(지원가능 확인 요청 순)
5. 지원금액: 차종별 차등지원(무공해차 구매보조금 지원시스템에서 확인 가능)
  ※ 공고일 이후 보조금 지원 대상으로 선정된 차량은 추가공고 없이 보조금 지원대상에 포함

  ※ 기타 자세한 사항은 공고문 참고
  ※ 공고일(8.5.) 이후 발급된 서류 첨부(초본 등)
  ※ 무공해차 구매보조금 지원시스템에 등록된 모든 원본 서류 구례군청 환경과(구례군 구례읍 봉성로 1)로 제출"
전남,고흥군,전기승용,"*일반: 출고등록순
*우선: 출고등록순","166
 (0)
 (0)
 (0)
 (166)",166,0,0,0,166,"100
 (9)
 (2)
 (0)
 (89)",100,9,2,0,89,66,77,"100
 (9)
 (2)
 (0)
 (89)",100,"66
 (0)
 (0)
 (0)
 (77)",
전남,보성군,전기승용,"*일반: 출고등록순
*우선: 출고등록순","56
 (7)
 (0)
 (0)
 (49)",56,7,0,0,49,"63
 (7)
 (2)
 (0)
 (54)",63,7,2,0,54,0,0,"63
 (7)
 (2)
 (0)
 (54)",63,"0
 (0)
 (0)
 (0)
 (0)","- 지급신청 시 (신청 시부터 지급신청 시까지의) 서류 일체 원본 송부
  (주소 : 전라남도 보성군 보성읍 송재로 165, 보성군청 기후환경과 전기차 담당자)

- 모든 서류의 도장/서명은 한 가지로 통일되어야 하며 (신청자 및 제조사 각각),
   신청자의 날인/서명 여부에 따라 인감증명서(또는 본인서명사실확인서) 첨부해주시기 바랍니다. 
   제조사는 본사 인감 외에 별도의 사용인감이 있어서 서류 작성 시 이를 사용하신 경우, 사용인감계도 함께 제출해 주십시오.
   (제조사 본사 인감증명서는 사본 인정)"
전남,화순군,전기승용,"*일반: 출고등록순
*우선: 출고등록순","70
 (7)
 (0)
 (7)
 (56)",70,7,0,7,56,"62
 (6)
 (3)
 (3)
 (50)",62,6,3,3,50,8,6,"62
 (6)
 (3)
 (3)
 (50)",62,"8
 (1)
 (0)
 (4)
 (6)","< 2024년 화순군 전기자동차 보급사업 > - 국비소진으로 사업종료
  ○ 공고일 : 2024. 2. 28.
    - 접수일 : 2024. 3. 4.(월) ~ 예산소진 시까지
  ○ 총사업비 : 2,031백만원 (국 1,049, 도 202, 군 780)
     - 1차사업비 1,026백만원(국 524, 도 112, 군 390)
  ○ 사업물량(1차) : 60대(승용 30, 화물 30)
  ○ 사업내용 : 전기자동차 구매 보조금 지원
  ○ 지원대상 : 개인, 개인사업자, 법인·기관 당 1대
  ○ 지원금액 : (승용) 최대 1,400만원/대, (화물) 최대 2,056만원/대"
전남,장흥군,전기승용,"*일반: 출고등록순
*우선: 출고등록순","126
 (18)
 (0)
 (15)
 (93)",126,18,0,15,93,"64
 (5)
 (2)
 (4)
 (53)",64,5,2,4,53,62,40,"64
 (5)
 (2)
 (4)
 (53)",64,"62
 (13)
 (0)
 (11)
 (40)","□ 2024년 전기자동차 보급사업 2차 
 ○ 접수기간 : 2024. 7. 10.(수) 09:00 ~ 예산 소진 시까지
 ○ 보급대수(2차) 
   - 승용 : 총 52대(일반 37, 우선순위 9, 택시 6)
   - 화물 : 총 32대(일반 17, 우선순위 2, 중소기업 3, 택배 10)
 ○  지원대상
  -  신청서 접수일 기준으로 장흥군에 3개월 이상 연속하여 주소를 둔 개인
  -  장흥군 내 소재지가 있는 법인 및 기관, 단체
 ○  신청자격
  - 구매 신청 자격 부여일로부터 2개월 이내 출고 가능 차량만 신청
  - 자동차등록증 또는 자동차등록증원부 내 장흥군으로 등록
 ○  보급기준 : 1대 
※ 자세한 내용은 공고문 참조하시기 바랍니다"
전남,강진군,전기승용,"*일반: 출고등록순
*우선: 출고등록순","50
 (0)
 (0)
 (0)
 (50)",50,0,0,0,50,"64
 (4)
 (2)
 (2)
 (56)",64,4,2,2,56,0,0,"64
 (4)
 (2)
 (2)
 (56)",64,"0
 (0)
 (0)
 (0)
 (0)","2024년 하반기 강진군 전기(승용)자동차 보급사업

★공고일: 24. 7. 2.(화)
★접수기간 : 24. 7. 3.(목) 09:00~ 예산 소진 시 까지★
★ 사업물량 :  승용50대
※ 예산 조기마감시 사업종료

 - 지원대상자 선정 : 출고등록순(보조금 지원가능 확인 요청일순)
 ※ 기타 자세한 내용은 공고문 참조"
전남,해남군,전기승용,"*일반: 출고등록순
*우선: 출고등록순","122
 (12)
 (0)
 (12)
 (98)",122,12,0,12,98,"107
 (9)
 (5)
 (0)
 (93)",107,9,5,0,93,15,5,"107
 (9)
 (5)
 (0)
 (93)",107,"15
 (3)
 (0)
 (12)
 (5)",
전남,영암군,전기승용,"*일반: 출고등록순
*우선: 출고등록순","79
 (0)
 (0)
 (0)
 (79)",79,0,0,0,79,"78
 (4)
 (6)
 (1)
 (67)",78,4,6,1,67,1,12,"78
 (4)
 (6)
 (1)
 (67)",78,"1
 (0)
 (0)
 (0)
 (12)",24년 물량 소진되었습니다.
전남,무안군,전기승용,"*일반: 출고등록순
*우선: 출고등록순","196
 (18)
 (0)
 (29)
 (149)",196,18,0,29,149,"219
 (21)
 (6)
 (3)
 (189)",219,21,6,3,189,0,0,"213
 (20)
 (6)
 (3)
 (184)",213,"0
 (0)
 (0)
 (26)
 (0)","<2024년 무안군 하반기 전기자동차 보급사업>
○ 지원대수(하반기) 
 - 전기승용차 : 57대(일반 38, 우선 4, 택시 15)
 - 전기화물차 : 26대(일반 10, 우선 2, 중소 6, 택배 8)
○ 공고일 : 2024. 7. 11.
○ 접수기간 : 2024. 7. 15. ~ 예산소진시 까지
○ 선정기준 : 자동차 출고·등록 순(보조금 지원가능확인 요청 순)
 - 지원 접수 순서와 상관없이 보조금 지원가능확인 요청 순으로 대상자 선정
 - 확인 요청일이 같윽을 경우 접수순으로 선정
○ 신청대상 : 신청 접수일 기준으로 90일 이전부터 연속적으로 무안군에 주소를 둔 자"
전남,함평군,전기승용,"*일반: 출고등록순
*우선: 출고등록순","70
 (7)
 (0)
 (7)
 (56)",70,7,0,7,56,"76
 (1)
 (4)
 (0)
 (71)",76,1,4,0,71,0,0,"76
 (1)
 (4)
 (0)
 (71)",76,"0
 (6)
 (0)
 (7)
 (0)","1. 신청기간: 2024. 3. 8.(금) 09:00 ~ 예산 소진 시까지
2. 보급대수(1차): 민간 103대(승용70 / 화물33)
3. 보조금액
  - 승   용 : 최대 1,500만원/대
  - 화물차 : 최대 2,156만원/대
 * 자세한 차종별 지원단가는 공고문 참고
 4. 선정방법 : 출고·등록 순
 5. 신청절차 및 필요서류 : 공고문 참고"
전남,영광군,전기승용,"*일반: 출고등록순
*우선: 출고등록순","103
 (0)
 (0)
 (0)
 (103)",103,0,0,0,103,"118
 (11)
 (4)
 (0)
 (103)",118,11,4,0,103,0,0,"118
 (11)
 (4)
 (0)
 (103)",118,"0
 (0)
 (0)
 (0)
 (0)","<2024년 영광군 전기자동차 보급사업(하반기)>
ㅇ보급기간: (전기승용) 2024. 7. 5.(금) ~ 예산 소진 시까지
                (전기화물) 2024. 7. 8.(월) ~ 예산 소진 시까지
ㅇ보급대수: 승용 48대(일반 47, 공공 1), 화물 47대(일반 46, 공공 1)
ㅇ선정기준: 차량 출고·등록순
ㅇ보급기준: 개인, 개인사업자 세대당 1대/법인 1대
※ 세부사항은 첨부된 공고문 참조

* 공고일 이후(2024. 7. 1.) 발급된 서류만 인정
* 신청서 접수 순대로 서류 검토하여 물량만큼 자격부여 합니다.
* 신청서류 검토 시 서류가 미비하거나 체납 있을 경우 자격번호 미부여(자격번호가 부여되어야 지원가능확인요청 가능)/다음 신청서 검토
* 차량 출고가 10일 이내 가능한 경우 신청 바랍니다.

*** 공고문 수정 : 주민등록등본(주소변동포함)으로 발급해주시고, 주소변동사항 확인 안 될 경우 초본도 첨부"
전남,장성군,전기승용,"*일반: 출고등록순
*우선: 출고등록순","64
 (9)
 (0)
 (9)
 (46)",64,9,0,9,46,"73
 (5)
 (7)
 (0)
 (61)",73,5,7,0,61,0,0,"73
 (5)
 (7)
 (0)
 (61)",73,"0
 (4)
 (0)
 (9)
 (0)",
전남,완도군,전기승용,"*일반: 출고등록순
*우선: 출고등록순","62
 (4)
 (0)
 (4)
 (54)",62,4,0,4,54,"49
 (2)
 (2)
 (1)
 (44)",49,2,2,1,44,13,10,"48
 (2)
 (2)
 (1)
 (43)",48,"14
 (2)
 (0)
 (3)
 (11)","승용 : 42대
화물 : 42대
추경 -승용 : 37
       -화물 : 37"
전남,진도군,전기승용,"*일반: 보조금 지원가능확인서 등록순
*우선: 보조금 지원가능확인서 등록순","44
 (2)
 (0)
 (2)
 (40)",44,2,0,2,40,"42
 (3)
 (1)
 (0)
 (38)",42,3,1,0,38,2,2,"42
 (3)
 (1)
 (0)
 (38)",42,"2
 (0)
 (0)
 (2)
 (2)","2024년 하반기 전기자동차 보급사업
가. 사 업 량: 승용 16대, 화물 12대
    ※ 상기 배정된 물량은 2024년 전기자동차 보조금 업무처리 지침에 따라 변경 될 수 있음
나. 접수기간: 2024. 7. 29. ~ 사업비 소진 시까지
다. 추진방법: 차량 출고·등록 순(보조금 지원가능확인요청서 등록 순)
    ※ 사업 신청서 접수 순서와 관계없음
라. 신청자격 등: 공고문 참조"
전남,신안군,전기승용,"*일반: 출고등록순
*우선: 작은섬(낙도 등) 및 도서지역 거주민","130
 (13)
 (0)
 (13)
 (104)",130,13,0,13,104,"65
 (5)
 (2)
 (1)
 (57)",65,5,2,1,57,65,47,"65
 (5)
 (2)
 (1)
 (57)",65,"65
 (8)
 (0)
 (12)
 (47)",
경북,포항시,전기승용,"*일반: 출고등록순
*우선: 출고등록순","462
 (42)
 (16)
 (60)
 (344)",462,42,16,60,344,"484
 (44)
 (10)
 (66)
 (364)",484,44,10,66,364,0,0,"467
 (44)
 (10)
 (60)
 (353)",467,"0
 (0)
 (6)
 (0)
 (0)","접수기간 : 2024. 07. 15.(월) 09:00 ~ 2024. 12. 06. (금) 18:00
* 예산소진 시 조기마감
선정기준 : 차량 출고 등록순
보급대수 :  총 310대 (승용180대, 화물 120대, 승합 10대)
*차종별 보조금 차등지원으로 사업예산 잔액 또는 부족분 발생 시 보급대수는 조정될수 있음
*24.08.30. 까지 배정물량(택배, 중소기업, 우선순위) 미 집행 시 24.09.02.부터  일반물량에 통합하여 집행 
-----------------------------------------------------------------------------------------------------------------------
하반기 승용 일반, 택시 마감"
경북,경주시,전기승용,"*일반: 출고등록순
*우선: 출고등록순","382
 (47)
 (0)
 (69)
 (266)",382,47,0,69,266,"326
 (43)
 (5)
 (46)
 (232)",326,43,5,46,232,56,34,"326
 (43)
 (5)
 (46)
 (232)",326,"56
 (4)
 (0)
 (23)
 (34)","<2024년 경주시 전기자동차 보급사업 변경 및 추가 공고>
- 신청기간 : 2024.11.26.(화) 10:00 ~ 

 *기타 자세한 내용 공고문 참조

 *민원전화로 인해 업무처리가 지연될 수 있습니다.
 *전기화물차 경유화물차 보유여부 및 폐차이행여부 확인 후 신청부탁드립니다."
경북,김천시,전기승용,"*일반: 출고등록순
*우선: 출고등록순","405
 (25)
 (0)
 (25)
 (355)",405,25,0,25,355,"392
 (50)
 (16)
 (20)
 (306)",392,50,16,20,306,13,49,"392
 (50)
 (16)
 (20)
 (306)",392,"13
 (0)
 (0)
 (5)
 (49)","1. 사 업 명  : 2024년도 하반기 전기자동차 보급사업
2. 접수기간  : 2024. 7. 8.(월) ~ 예산 소진 시 접수마감
3. 사 업 비  : 8,878백만원
4. 지원대수  : 약 537대(승용 172대, 화물 358대, 승합 7대)
5. 사업내용  : 개인, 법인, 공공기관, 지방공기업 등(중앙행정기관 제외)이 전기자동차 보조금 지원대상 자동차를 신규로 구매하면서 사용본거지를 김천으로 등록하는 경우 보조금 지원"
경북,안동시,전기승용,"*일반: 출고등록순
*우선: 출고등록순","310
 (0)
 (0)
 (0)
 (310)",310,0,0,0,310,"328
 (23)
 (6)
 (13)
 (286)",328,23,6,13,286,0,24,"328
 (23)
 (6)
 (13)
 (286)",328,"0
 (0)
 (0)
 (0)
 (24)","1.지원대수:공고문 참고
2.신청기간
-상반기:2024.2.29(목)09:00~물량소진 시까지
-하반기:2024.07.01(월)09:00~예산소진 시까지
3.선정기준:차량등록순
*전화문의가 많아 업무처리가 오히려 지연되는 경우가 많습니다
*단순 접수알림,처리독촉 문의 자제
*시스템 접수순으로 처리하오니 전화로 급한 처리 요청 자제
*보조금 청구시 원본서류 제출 불필요"
경북,구미시,전기승용,"*일반: 출고등록순
*우선: 출고등록순","735
 (0)
 (0)
 (0)
 (735)",735,0,0,0,735,"937
 (106)
 (20)
 (38)
 (773)",937,106,20,38,773,0,0,"937
 (106)
 (20)
 (38)
 (773)",937,"0
 (0)
 (0)
 (0)
 (0)","<구미시 하반기 전기차 보급사업 추가공고>

★공고문 반드시 확인 후 신청★

1. 신청기간 : 2024. 11. 27.(수) ~ 12. 10.(화) 18:00
※ 예산소진 시 접수마감
※ '24.12.16.(월)까지 지급신청 가능 차량만 신청 요망
2. 보급대수 : 220대(승용 220)
※ 예산 상황에 따라 보급대수 변동될 수 있음
3. 선정방법 : 출고등록순

★계약서에 출고예정일 필히 기재★
★지원가능확인 요청 단계에서 차량 배정 내역 등 출고예정증빙 자료 첨부★
★원본서류 제출 불요★"
경북,영주시,전기승용,"*일반: 출고등록순
*우선: 출고등록순","147
 (11)
 (0)
 (11)
 (125)",147,11,0,11,125,"166
 (26)
 (7)
 (11)
 (122)",166,26,7,11,122,0,3,"166
 (26)
 (7)
 (11)
 (122)",166,"0
 (0)
 (0)
 (0)
 (3)",전기승용 마감되었습니다.
경북,영천시,전기승용,"*일반: 출고등록순
*우선: 출고등록순","270
 (27)
 (0)
 (27)
 (216)",270,27,0,27,216,"239
 (13)
 (15)
 (6)
 (205)",239,13,15,6,205,31,11,"239
 (13)
 (15)
 (6)
 (205)",239,"31
 (14)
 (0)
 (21)
 (11)","* 2024년 상반기 전기자동차 보급사업 시행 
* 접수기간 : 24. 7. 12. ~ 예산소진시
* 하반기 승용 물량 : 100대 정도
  ※ 보급대수는 보급 여건, 예산 소진 및 증감에 따라 변동될수 있음 
   
* 기타 세부사항 공고문 참고
* 시스템상 잔여대수와 실제 잔여대수는 상이할 수 있으니, 유선으로 확인 바랍니다.
* 문의처 : 환경보호과(054-330-6036)"
경북,상주시,전기승용,"*일반: 출고등록순
*우선: 출고등록순","228
 (0)
 (0)
 (0)
 (228)",228,0,0,0,228,"191
 (18)
 (5)
 (6)
 (162)",191,18,5,6,162,37,66,"191
 (18)
 (5)
 (6)
 (162)",191,"37
 (0)
 (0)
 (0)
 (66)","-2024년도 상반기 전기자동차 구매지원 사업 신청 안내-
○ 접수기간: 2024. 2. 26.(월) ~ 예산소진 시까지 
○ 지원대상: 개인, 법인, 공공기관, 지방공기업(중앙행정기관 제외) 
○ 지원대수
   - 개인, 개인사업자, 법인, 기업: 1대
   - 택시법인: 대수 및 재지원제한기간 없음 
   - 초소형(승용, 화물), 경형(화물)을 구매하는 법인: 5대
○ 보급대수: 승용차(230대), 화물차(250대)
○ 문의사항: 환경관리과(☎054-537-7355)
  ※ 자세한 사항은 시청 홈페이지(www.sangju.go.kr) 공고란 참조"
경북,문경시,전기승용,"*일반: 출고등록순
*우선: 출고등록순","144
 (10)
 (0)
 (10)
 (124)",144,10,0,10,124,"111
 (11)
 (3)
 (1)
 (96)",111,11,3,1,96,33,28,"111
 (11)
 (3)
 (1)
 (96)",111,"33
 (0)
 (0)
 (9)
 (28)",
경북,경산시,전기승용,"*일반: 출고등록순
*우선: 출고등록순","65
 (0)
 (0)
 (0)
 (65)",65,0,0,0,65,"630
 (38)
 (19)
 (18)
 (555)",630,38,19,18,555,0,0,"630
 (38)
 (19)
 (18)
 (555)",630,"0
 (0)
 (0)
 (0)
 (0)","----------------------------------------------------------------------
*24.5.13.작성 : 전기차 의무운행기간 8년으로 변경됨. 8년 내 차량 말소시 반드시 경산시 승인필요
 -> 2022년 6월 30일 이후 경비지원을 신청하여 지원받은 전기자동차 중 그 등록이 말소되지 않은 전기자동차에 대해서도 적용함.
----------------------------------------------------------------------
*차종별 보조금액은 무공해차 통합관리시스템에서 확인가능
  - 무공해차 통합누리집 - 구매 및 지원 - 구매보조금 지급현황 - 세부차종 선택(전기승용/전기화물/전기승합) - 조회 - 지자체 차종별 보조금 선택 - 경산시 찾아서 '조회'

접수기간 2024.2.28.(수) 10시 ~ 예산소진시까지

----------------------------------------------------------------------
경산시 전기자동차(승용) 마감하였음을 알려드립니다."
경북,의성군,전기승용,"*일반: 출고등록순
*우선: 출고등록순","70
 (0)
 (0)
 (0)
 (70)",70,0,0,0,70,"79
 (12)
 (4)
 (0)
 (63)",79,12,4,0,63,0,7,"79
 (12)
 (4)
 (0)
 (63)",79,"0
 (0)
 (0)
 (0)
 (7)","- (신청조건) 신청일 기준 ‘3개월 이상’의 의성군에 주소를 둔자
 - (배정물량) 
  · 승용 103대
  · 화물 88대
 - (지원금액) 승용 1,290만원, 화물 2018만원 범위내 차등지원
    ※ 차량별 보조금 상이
 - 문의처 : 의성군 환경축산과(054-830-6027)"
경북,청송군,전기승용,"*일반: 출고등록순
*우선: 출고등록순","29
 (3)
 (0)
 (3)
 (23)",29,3,0,3,23,"30
 (2)
 (0)
 (0)
 (28)",30,2,0,0,28,0,0,"30
 (2)
 (0)
 (0)
 (28)",30,"0
 (1)
 (0)
 (3)
 (0)","20241104 
[2024년 전기자동차 보급사업 추가 및 변경 공고]
★ 신청기간 : 2024. 11. 4. (월) ~ 12. 11.(수) 17시까지
☆ 10일내 출고 가능시 지원가능 / 출고예정증빙 내시화면 증빙 반드시 필
☆ 대상자 선정 후 10일내 출고, 출고 후 10일 내 지급신청 하여야 함
★★12월 19일(목)까지 출고 및 차량 등록을 완료하고, 지급신청까지 가능한 차량에 대해서만 지원 가능
(이월하여 지급하지 않음) 
★★★원본서류 도착 마감일 : 12월 23일 월요일 18시 (청송군 청송읍 군청로 51 환경관리과 전기자동차 담당자)  

★ 보급대수 : 55대 (승용 25대, 화물30대) 
 예산 상황에 따라 보급대수 변동될 수 잇음 

* 신청서식은 본공고3의 첨부파일로 작성 
* 구매자 지방세 및 세외수입, 환경개선부담금 체납시 대상자 선정 불가, 보조금 지급불가
* 지급신청서류 원본발송 : (37427)경상북도 청송군 청송읍 군청로 51 청송군청 환경관리과 전기차담당자 앞(054-870-6183)"
경북,영양군,전기승용,"*일반: 출고등록순
*우선: 출고등록순","29
 (3)
 (0)
 (3)
 (23)",29,3,0,3,23,"33
 (0)
 (1)
 (0)
 (32)",33,0,1,0,32,0,0,"30
 (0)
 (1)
 (0)
 (29)",30,"0
 (3)
 (0)
 (3)
 (0)",
경북,영덕군,전기승용,"*일반: 출고등록순
*우선: 공고문 참조","40
 (4)
 (0)
 (4)
 (32)",40,4,0,4,32,"43
 (5)
 (0)
 (0)
 (38)",43,5,0,0,38,0,0,"43
 (5)
 (0)
 (0)
 (38)",43,"0
 (0)
 (0)
 (4)
 (0)",
경북,청도군,전기승용,"*일반: 출고등록순
*우선: 출고등록순","100
 (10)
 (0)
 (20)
 (70)",100,10,0,20,70,"88
 (5)
 (5)
 (2)
 (76)",88,5,5,2,76,12,0,"88
 (5)
 (5)
 (2)
 (76)",88,"12
 (5)
 (0)
 (18)
 (0)",
경북,고령군,전기승용,"*일반: 출고등록순
*우선: 출고등록순","107
 (1)
 (4)
 (0)
 (102)",107,1,4,0,102,"66
 (3)
 (5)
 (0)
 (58)",66,3,5,0,58,41,44,"66
 (3)
 (5)
 (0)
 (58)",66,"41
 (0)
 (0)
 (0)
 (44)","○ 접수기간 : (1차) 2024. 2. 27.(화) ~ 예산소진 시까지 / (2차) 2024. 7. 1.(월) ~ 2024. 12. 13.(금) (예산 소진 시 조기마감)
※ 2024. 12. 13.(금) 18:00까지 지급신청 가능한 차량만 신청하시기 바랍니다.
※ 2024. 12. 16.(월) 18:00까지 원본서류 군청 제출해야하며, 위 기간 초과 시 차량이 출고하였더라도 보조금 지급 불가함을 안내드립니다.
○ 지원대수 : (1차) 승용 46대, 화물 91대 / (2차) 승용 37대, 화물 115대
○ 차종별 지원금액 : 무공해차 통합관리시스템 > 구매보조금 지급현황 > 차종별 보조금 > '고령군' 조회"
경북,성주군,전기승용,"*일반: 출고등록순
*우선: 출고등록순","120
 (12)
 (0)
 (12)
 (96)",120,12,0,12,96,"99
 (10)
 (6)
 (0)
 (83)",99,10,6,0,83,21,13,"99
 (10)
 (6)
 (0)
 (83)",99,"21
 (2)
 (0)
 (12)
 (13)","2024. 12. 12까지  24대 분  정도 신청 받도록 하겠습니다.   보조금 청구는 2024. 12. 19. 까지 해 주시기 바랍니다.

보조금 지원신청시 원본 서류를 제출하지 않아도 됩니다.          전기자동차 안전수칙 동의서도 제출해 주세요"
경북,칠곡군,전기승용,"*일반: 출고등록순
*우선: 출고등록순","280
 (20)
 (0)
 (20)
 (240)",280,20,0,20,240,"230
 (21)
 (14)
 (16)
 (179)",230,21,14,16,179,50,61,"230
 (21)
 (14)
 (16)
 (179)",230,"50
 (0)
 (0)
 (4)
 (61)",
경북,예천군,전기승용,"*일반: 출고등록순
*우선: 출고등록순","176
 (0)
 (0)
 (0)
 (176)",176,0,0,0,176,"145
 (8)
 (1)
 (2)
 (134)",145,8,1,2,134,31,42,"144
 (8)
 (1)
 (2)
 (133)",144,"32
 (0)
 (0)
 (0)
 (43)",
경북,봉화군,전기승용,"*일반: 출고등록순
*우선: 출고등록순","36
 (0)
 (0)
 (0)
 (36)",36,0,0,0,36,"34
 (2)
 (2)
 (0)
 (30)",34,2,2,0,30,2,6,"34
 (2)
 (2)
 (0)
 (30)",34,"2
 (0)
 (0)
 (0)
 (6)",
경북,울진군,전기승용,"*일반: 출고등록순
*우선: 출고등록순","143
 (0)
 (0)
 (0)
 (143)",143,0,0,0,143,"103
 (9)
 (2)
 (1)
 (91)",103,9,2,1,91,40,52,"103
 (9)
 (2)
 (1)
 (91)",103,"40
 (0)
 (0)
 (0)
 (52)",
경북,울릉군,전기승용,"*일반: 출고등록순
*우선: 출고등록순","81
 (9)
 (0)
 (9)
 (63)",81,9,0,9,63,"78
 (9)
 (2)
 (1)
 (66)",78,9,2,1,66,3,0,"78
 (9)
 (2)
 (1)
 (66)",78,"3
 (0)
 (0)
 (8)
 (0)",
경남,창원시,전기승용,"*일반: 출고등록순
*우선: 출고등록순","1500
 (0)
 (0)
 (0)
 (1500)",1500,0,0,0,1500,"1744
 (191)
 (46)
 (97)
 (1410)",1744,191,46,97,1410,0,90,"1744
 (191)
 (46)
 (97)
 (1410)",1744,"0
 (0)
 (0)
 (0)
 (90)","★최종 공지★ 

 ★승용, 화물 모두 마감★

내년도 2월중 2025년 사업 시행 예정"
경남,진주시,전기승용,"*일반: 출고등록순
*우선: 출고등록순","720
 (30)
 (0)
 (30)
 (660)",720,30,0,30,660,"639
 (126)
 (12)
 (32)
 (469)",639,126,12,32,469,81,191,"639
 (126)
 (12)
 (32)
 (469)",639,"81
 (0)
 (0)
 (0)
 (191)","★2024년 진주시 전기자동차 보급사업(승용) 마감★
※ 예산상의 문제로 시스템상의 잔여대수와 실제 마감대수가 다를 수 있습니다"
경남,통영시,전기승용,"*일반: 출고등록순
*우선: 출고등록순","305
 (31)
 (0)
 (31)
 (243)",305,31,0,31,243,"218
 (10)
 (3)
 (39)
 (166)",218,10,3,39,166,87,77,"218
 (10)
 (3)
 (39)
 (166)",218,"87
 (21)
 (0)
 (0)
 (77)","★★★★★ 승용물량 전체소진(마감됨) ★★★★★ 

[통영시 전기자동차 보급사업 (변경4차) 시행 공고]
○ 신청기간 : 2024. 2. 28.(수) 09:00 ~ 예산 소진시 까지
○ 총사업량 : 437대(전기승용 307, 전기화물 130)
  ※ 변경공고일 기준 잔여대수: 전기승용 27대 정도, 전기화물 50대 정도
○ 대상자선정 : 출고등록순
※보조금 차종별 차등지원에 따라 예산 범위 내 보급되며, 보급대수는 변동될 수 있음

★주의사항★
1. 자격부여는 대상자 선정된 것이 아니므로 출고 10일 전 지원가능 확인 요청 필수입니다. 
※대상자 선정은 출고 등록 순※
2. 전산상 잔여대수와 실제 잔여대수는 다릅니다. 
3. 변경공고 붙임 서식으로 접수해 주시기를 바랍니다.(붙임3 서식 변경)
4. 지원신청 및 지급신청 시 첨부파일은 1개의 PDF 파일로 저장하여 제출하시기를 바랍니다."
경남,사천시,전기승용,"*일반: 출고등록순
*우선: 출고등록순","230
 (0)
 (0)
 (0)
 (230)",230,0,0,0,230,"233
 (14)
 (9)
 (19)
 (191)",233,14,9,19,191,0,39,"232
 (14)
 (9)
 (19)
 (190)",232,"0
 (0)
 (0)
 (0)
 (40)",현재 전기승용차 접수는 물량소진으로 마감되었습니다
경남,김해시,전기승용,"*일반: 출고등록순
*우선: 출고등록순","619
 (30)
 (0)
 (60)
 (529)",619,30,0,60,529,"690
 (39)
 (30)
 (62)
 (559)",690,39,30,62,559,0,0,"656
 (38)
 (29)
 (60)
 (529)",656,"0
 (0)
 (0)
 (0)
 (0)","2024년 하반기 김해시 전기승용차 민간보급사업
- 지원대수: 마감"
경남,밀양시,전기승용,"*일반: 출고등록순
*우선: 출고등록순","149
 (10)
 (0)
 (10)
 (129)",149,10,0,10,129,"189
 (18)
 (8)
 (12)
 (151)",189,18,8,12,151,0,0,"178
 (17)
 (7)
 (12)
 (142)",178,"0
 (0)
 (0)
 (0)
 (0)",2024년 밀양시 전기승용차 전체물량 마감(예산소진)
경남,거제시,전기승용,"*일반: 출고등록순
*우선: 출고등록순","447
 (0)
 (0)
 (0)
 (447)",447,0,0,0,447,"371
 (35)
 (5)
 (7)
 (324)",371,35,5,7,324,76,123,"368
 (34)
 (5)
 (7)
 (322)",368,"79
 (0)
 (0)
 (0)
 (125)","<2024년 전기자동차(승용,화물) 보급사업 변경공고(3차)>
1. 신청기간 : 2024.9.4.(수) 09:00 ~ 2024. 12. 6.(금) 18:00
   * 예산 소진 시 조기종료
2. 보급대수 : 339대 (승용 153대, 화물 186대)
    * 보급대수는 차종별 지원금액 차이 및 예산범위 내에서 변동될 수 있음
-------------------------------------------------------------------------------------
◆ 2024년 거제시 전기자동차 보급사업(승용) 마감  ◆"
경남,양산시,전기승용,"*일반: 출고등록순
*우선: 출고등록순","397
 (0)
 (0)
 (0)
 (397)",397,0,0,0,397,"520
 (23)
 (11)
 (17)
 (469)",520,23,11,17,469,0,0,"520
 (23)
 (11)
 (17)
 (469)",520,"0
 (0)
 (0)
 (0)
 (0)",하반기 전기승용 접수마감입니다
경남,의령군,전기승용,"*일반: 접수순
*우선: 접수순","55
 (7)
 (0)
 (1)
 (47)",55,7,0,1,47,"55
 (0)
 (3)
 (1)
 (51)",55,0,3,1,51,0,0,"55
 (0)
 (3)
 (1)
 (51)",55,"0
 (7)
 (0)
 (0)
 (0)",
경남,함안군,전기승용,"*일반: 출고등록순
*우선: 출고등록순","194
 (20)
 (0)
 (20)
 (154)",194,20,0,20,154,"126
 (15)
 (16)
 (2)
 (93)",126,15,16,2,93,68,61,"126
 (15)
 (16)
 (2)
 (93)",126,"68
 (5)
 (0)
 (18)
 (61)",
경남,창녕군,전기승용,"*일반: 출고등록순
*우선: 출고등록순","107
 (7)
 (0)
 (5)
 (95)",107,7,0,5,95,"123
 (10)
 (6)
 (0)
 (107)",123,10,6,0,107,0,0,"122
 (10)
 (5)
 (0)
 (107)",122,"0
 (0)
 (0)
 (5)
 (0)",
경남,고성군,전기승용,"*일반: 출고등록순
*우선: 출고등록순","77
 (8)
 (2)
 (8)
 (59)",77,8,2,8,59,"75
 (5)
 (5)
 (3)
 (62)",75,5,5,3,62,2,0,"75
 (5)
 (5)
 (3)
 (62)",75,"2
 (3)
 (0)
 (5)
 (0)",2024년 전기자동차 보급사업 승용 마감(10.29.기준)
경남,남해군,전기승용,"*일반: 출고등록순
*우선: 출고등록순","133
 (0)
 (0)
 (0)
 (133)",133,0,0,0,133,"86
 (6)
 (3)
 (0)
 (77)",86,6,3,0,77,47,56,"86
 (6)
 (3)
 (0)
 (77)",86,"47
 (0)
 (0)
 (0)
 (56)","<2024년 하반기 남해군 전기자동차 보급사업 물량 수정 안내>
 - 신청기간 : 2024. 11. 1.(금) ∼ 예산 소진 시까지
 - 보급대수 : 95대(승용 55, 화물 40) 
  * 11.1. 기준 신청가능대수
  * 승용차 신청량 증가에 따라 승용차 55대 증, 화물차 20대 감 조정하여 수정공고합니다 
  * 보급대수는 2024년 전기자동차 보조금 업무처리 지침 및 보급여건, 예산범위에 따라 변경될 수 있음
  * 자세한 사항은 남해군 공고문을 확인하여 주시기 바랍니다"
경남,하동군,전기승용,"*일반: 접수순
*우선: 접수순","100
 (5)
 (3)
 (3)
 (89)",100,5,3,3,89,"70
 (2)
 (1)
 (3)
 (64)",70,2,1,3,64,30,25,"70
 (2)
 (1)
 (3)
 (64)",70,"30
 (3)
 (2)
 (0)
 (25)","<2024년 하동군 전기자동차 보급사업 안내(3차)>
1. 접수일 : 2024. 11. 27.(수) 10:00~2024. 12. 10.(화)
2. 보급대수(3차) : 승용 20대, 화물 5대
*  '24. 12. 11.까지 차량 출고 및 '24. 12. 17까지 지급신청서 제출 건만 보조금 지급 가능함 : 회계마감으로 인함
* 예상집행상황에 따라 보급대수는 변경될 수 있음
* 자세한 사항은 공고문을 확인하여 주시기 바랍니다."
경남,산청군,전기승용,"*일반: 출고등록순
*우선: 출고등록순","134
 (10)
 (0)
 (10)
 (114)",134,10,0,10,114,"58
 (4)
 (1)
 (1)
 (52)",58,4,1,1,52,76,62,"58
 (4)
 (1)
 (1)
 (52)",58,"76
 (6)
 (0)
 (9)
 (62)",
경남,함양군,전기승용,"*일반: 출고등록순
*우선: 출고등록순","112
 (6)
 (0)
 (6)
 (100)",112,6,0,6,100,"55
 (7)
 (4)
 (0)
 (44)",55,7,4,0,44,57,56,"55
 (7)
 (4)
 (0)
 (44)",55,"57
 (0)
 (0)
 (6)
 (56)","(2024년도 하반기 전기자동차 보급사업 안내)
ㅇ 접수기간 : 2024. 7. 1.(월) 10:00 ~ 12. 10.(화) 18:00 
   * 예산 소진 시 조기마감
ㅇ 보급대수 : 102대(승용 57대, 화물 45대)
ㅇ 선정기준 : 차량 출고.등록 순
* 지원금액 등 자세한 사항은 공고문 참조
* 보조금 증빙 등 보조금 집행관련 서류는 스캔본 시스템 등록 후,
  원본은 함양군청(환경위생과)으로 우편 또는 방문 제출 바랍니다.
* 경남 함양군 함양읍 고운로 35, 함양군청(환경위생과 전기차 담당자)"
경남,거창군,전기승용,"*일반: 출고등록순
*우선: 출고등록순","130
 (11)
 (0)
 (11)
 (108)",130,11,0,11,108,"160
 (15)
 (7)
 (0)
 (138)",160,15,7,0,138,0,0,"121
 (15)
 (6)
 (0)
 (100)",121,"9
 (0)
 (0)
 (11)
 (8)","○ 전체 물량소진으로( 승용, 화물) 마감입니다"
경남,합천군,전기승용,"*일반: 출고등록순
*우선: 출고등록순","0
 (0)
 (0)
 (0)
 (0)",0,0,0,0,0,"129
 (11)
 (5)
 (7)
 (106)",129,11,5,7,106,0,0,"127
 (11)
 (4)
 (7)
 (105)",127,"0
 (0)
 (0)
 (0)
 (0)","전기자동차 보급사업 개요
 ㅇ 추가 공급 : 전기자동차 승용(초소형 포함) 25대 
   - 예상 잔여 대수 :  0대(10.2.기준) , 잔여 국비 지자체문의
   ※ 보급대수는 보조금 차등지원 및 추가지원 등으로 변경될 수 있음
   ※ 지원 가능확인 요청 시 합천군 고시공고 붙임3, 지원가능확인요청서 서식에 맞춰 제출"
제주,제주특별자치도,전기승용,"*일반: 접수+출고등록순
*우선: 접수+출고등록순","4000
 (400)
 (100)
 (400)
 (3100)",4000,400,100,400,3100,"2858
 (1090)
 (59)
 (325)
 (1384)",2858,1090,59,325,1384,1142,1716,"2858
 (1090)
 (59)
 (325)
 (1384)",2858,"1142
 (0)
 (41)
 (75)
 (1716)",
공단,한국환경공단,전기승용,"*일반: 출고등록순
*우선: 출고등록순","22460
 (2246)
 (17968)
 (2246)
 (0)",22460,2246,17968,2246,0,"24056
 (199)
 (22964)
 (17)
 (876)",24056,199,22964,17,876,0,0,"24056
 (199)
 (22964)
 (17)
 (876)",24056,"0
 (2047)
 (0)
 (2229)
 (0)","전기승용차 구매 수요 증가에 따라 추가예산(120억원) 확보를 통한 추가 모집(~12/31)

※ 하반기 우선순위 통합집행으로 출고잔여대수는 '전체' 대수 확인하시면 됩니다.
(법인, 개인사업자, 개인 모두 해당)
※ 전산 상 표시되어있는 잔여대수와 실제 보급가능대수(=대상자선정 가능 대수)가 상이합니다. 

★☆ 보조금 지급 확정은 신청순(자격부여)이 아닌 출고·등록순(대상자선정)입니다. ☆★
예산 소진 시 자격부여만 되어있다면 보조금 지급 대상이 아니므로 유의해주시기 바랍니다.
(자격부여 = 지급 확정 아님)

※ 전화 응대로 인해 서류 검토가 지연되고 있습니다. 신속한 업무 처리를 위해 전화 문의 자제 부탁드립니다.
※ 모든 절차 검토는 접수된 순서로 진행합니다.

← 공고문은 다운로드 버튼 클릭하시면 확인 가능합니다."
,,,,,,,,,,,,,,,,,,,,,
,,,,,,,,,,,,,,,,,,,,,
,,,,,,,,,,,,,,,,,,,,,
,,,,,,,,,,,,,,,,,,,,,
,,,,,,,,,,,,,,,,,,,,,
,,,,,,,,,,,,,,,,,,,,,
,,,,,,,,,,,,,,,,,,,,,
,,,,,,,,,,,,,,,,,,,,,
,,,,`,,,,,,,,,,,,,,,,,
