번호,업체명,차종,차명,형식,사용연료,인증구분,"배출가스
인증번호","배출가스
인증일","1회충전주행거리(km)
상온 도심","1회충전주행거리(km)
상온 고속","1회충전주행거리(km)
상온 복합","1회충전주행거리(km)
저온 도심","1회충전주행거리(km)
저온 고속","1회충전주행거리(km)
저온 복합"
1,현대자동차(주),승용(소형),코나 일렉트릭(항속형) 19인치,SX2-EV-G7A-EX2-19,전기(EV),변경인증,PMY-HD-21-11,2023-12-21,402,334,371,297,319,307
2,현대자동차(주),승용(소형),코나 일렉트릭(항속형) 17인치,SX2-EV-G7A-EX2-17,전기(EV),변경인증,PMY-HD-21-11,2023-12-21,458,372,419,336,345,340
3,현대자동차(주),승용(소형),코나 일렉트릭(N-Line) 19인치,SX2-EV-G7A-EX2-NL-19,전기(EV),변경인증,PMY-HD-21-11,2023-12-21,404,338,374,338,347,342
4,케이지모빌리티커머셜(주),승용(초대형),SMART 110,EB411-EV-EL,전기(EV),신규인증,PMY-ED-21-32,2023-12-11,,,419,,,
5,한국상용트럭(주),화물(중형),한국상용1톤롱바디EV트럭,KCT1LCT-HD1ELCT,전기(EV),신규인증,PMY-HS-21-30,2023-12-06,209,149,182,157,159,158
6,(주)우진산전,승용(초대형),아폴로 1200,WJEB-12CHLP-01,전기(EV),신규인증,PMY-WJ-21-31,2023-12-06,,,502.3,,,
7,서울시티투어버스(주),승용(대형),타이거클래식트롤리버스,TIB1101,전기(EV),신규인증,PMY-ST-21-29,2023-11-20,,,218,,,
8,(주)킴스트,이륜,DICE PLUS,DP2,전기(EV),신규인증,PMY-KT-21-28,2023-11-08,53.1,,,41,,
9,(주)킴스트,이륜,DICE,KSTD02,전기(EV),신규인증,PMY-KT-21--26,2023-10-13,85.4,,,69.3,,
10,(주)킴스트,이륜,DICE TRUCK,DT2,전기(EV),신규인증,PMY-KT-21-27,2023-10-13,49.1,,,44.6,,
11,케이지모빌리티(주),승용(소형),토레스 EVX 2WD 20인치,U5MLI2H,전기(EV),신규인증,PMY-SY-21-25,2023-09-13,438,366,405,254,321,284
12,송과모빌리티이노베이션(주),화물(중형),에스엠아이 0.9톤 트럭,EVT-01,전기(EV),신규인증,PMY-SM-21-24,2023-08-18,113,116,114,124,134,128
13,(주)에이치엠지,이륜,델리-D5,ETDD5-2.0,전기(EV),신규인증,PMY-HM-21-23,2023-08-11,27.3,,,18.2,,
14,현대자동차(주),승용(소형),아이오닉5 N,NEN-EV-G7A-ST4,전기(EV),신규인증,PMY-HD-21-22,2023-07-24,391,331,364,323,342,331
15,기아(주),경자동차,레이 EV 밴 2인승,TAM-EV2-G7A-14,전기(EV),신규인증,PMY-KM-21-21,2023-07-06,238,176,210,163,172,167
16,기아(주),경자동차,레이 EV,TAM-EV4-G7A-14,전기(EV),신규인증,PMY-KM-21-21,2023-07-06,238,176,210,163,172,167
17,기아(주),경자동차,레이 EV 밴 1인승,TAM-EV1-G7A-14,전기(EV),신규인증,PMY-KM-21-21,2023-07-06,238,176,210,163,172,167
1,(주)한국쓰리축,화물(중형),한국쓰리축1톤롱바디EV트럭,K010E2-PEA37-A3P33-C(일반화물운송용),전기(EV),신규인증,PMY-HR-21-20,2023-06-21,216,158,190,142,154,147
2,케이지모빌리티(주),승용(소형),토레스 EVX 2WD 18인치,U5MLI2H,전기(EV),신규인증,PMY-SY-21-19,2023-06-21,473,385,433,310,361,333
3,(주)이퀄,이륜,LO-FI,EQ01T,전기(EV),신규인증,PMY-EQ-21-18,2023-05-19,57.4,,,42.5,,
4,(주)한국쓰리축,화물(중형),한국쓰리축1톤롱바디EV트럭,K010E2-BEA37-A2K33-C,전기(EV),신규인증,PMY-HR-21-16,2023-05-17,211,154,186,147,154,150
5,기아(주),승용(소형),EV9 GTL 4WD 21인치 6인,V1-EV6-G7A-GTL4W-21,전기(EV),신규인증,PMY-KM-21-15,2023-05-17,492,402,452,293,356,321
6,기아(주),승용(소형),EV9 GTL 4WD 21인치 7인,MV1-EV7-G7A-GTL4W-21,전기(EV),신규인증,PMY-KM-21-15,2023-05-17,492,402,452,293,356,321
7,(주)앨비,이륜,트레바이,H2.4-BL72DC,전기(EV),신규인증,PMY-SE-21-17,2023-05-17,59.5,,,43.6,,
8,기아(주),승용(소형),EV9 4WD 21인치 7인,MV1-EV7-G7A-4W-21,전기(EV),신규인증,PMY-KM-21-13,2023-05-04,510,401,461,331,378,352
9,기아(주),승용(소형),EV9 4WD 19인치 7인,MV1-EV7-G7A-4W-19,전기(EV),신규인증,PMY-KM-21-13,2023-05-04,499,396,453,314,365,337
10,기아(주),승용(소형),EV9 4WD 19인치 6인,MV1-EV6-G7A-4W-19,전기(EV),신규인증,PMY-KM-21-13,2023-05-04,499,396,453,314,365,337
11,기아(주),승용(소형),EV9 4WD 21인치 6인,MV1-EV6-G7A-4W-21,전기(EV),신규인증,PMY-KM-21-13,2023-05-04,510,401,461,331,378,352
12,기아(주),승용(소형),EV9 2WD 20인치 6인,MV1-EV6-G7A-2W-20,전기(EV),신규인증,PMY-KM-21-14,2023-05-04,550,417,490,351,394,370
13,기아(주),승용(소형),EV9 2WD 19인치 6인,MV1-EV6-G7A-2W-19,전기(EV),신규인증,PMY-KM-21-14,2023-05-04,567,435,508,345,395,368
14,기아(주),승용(소형),EV9 2WD 19인치 7인,MV1-EV7-G7A-2W-19,전기(EV),신규인증,PMY-KM-21-14,2023-05-04,567,435,508,345,395,368
15,기아(주),승용(소형),EV9 2WD 20인치 7인,MV1-EV7-G7A-2W-20,전기(EV),신규인증,PMY-KM-21-14,2023-05-04,550,417,490,351,394,370
16,현대자동차(주),승용(소형),코나 일렉트릭(항속형) 19인치,SX2-EV-G7A-EX2-19,전기(EV),신규인증,PMY-HD-21-11,2023-04-27,402,334,371,297,319,307
17,현대자동차(주),승용(소형),코나 일렉트릭(항속형) 17인치,SX2-EV-G7A-EX2-17,전기(EV),신규인증,PMY-HD-21-11,2023-04-27,458,372,419,336,345,340
18,현대자동차(주),승용(소형),코나 일렉트릭(기본형),SX2-EV-G7A-ST2-17,전기(EV),신규인증,PMY-HD-21-12,2023-04-27,346,271,313,272,267,269
19,디앤에이모터스(주),이륜,ED-1B,EM1,전기(EV),신규인증,PMY-DL-21-9,2023-04-25,66.9,,,55,,
20,디앤에이모터스(주),이륜,ED-1B,EM1,전기(EV),신규인증,PMY-DL-21-9,2023-04-25,66.9,,,55,,
21,(주)성지모터스,이륜,ECOTA-CL100,CL-BL72DC,전기(EV),신규인증,PMY-SJ-21-10,2023-04-25,43.2,,,32.1,,
22,(주)우진산전,승용(초대형),아폴로 2000 굴절버스,WJBT-19CTLP,전기(EV),신규인증,PMY-WJ-21-8,2023-04-06,,,268,,,
23,(주)대창모터스,화물(중형),다니고 R,Danigo R,전기(EV),신규인증,PMY-DC-21-6,2023-03-29,231,155,197,197,171,185
24,(주)대창모터스,화물(중형),다니고 R2,Danigo R2,전기(EV),신규인증,PMY-DC-21-7,2023-03-29,207,146,180,176,158,168
25,(주)디피코,화물(소형),포트로 350L-탑,HMT-350LT,전기(EV),신규인증,PMY-DE-21-5,2023-03-28,119,57,91,100,72,87
26,(주)우수티엠엠,경자동차,위로,WT-01,전기(EV),신규인증,PMY-WS-21-4,2023-03-09,,,57.7,,,56.4
27,디앤에이모터스(주),이륜,ED-1A,EM1,전기(EV),신규인증,PMY-DL-21-3,2023-02-28,61.9,,,51.3,,
28,(주)우진산전,승용(초대형),아폴로1100전기버스,WJEB-11CTLP-06,전기(EV),신규인증,PMY-WJ-21-2,2023-02-23,,,412,,,
29,(주)이브이케이엠씨,화물(중형),EC35 2밴,EVKMCEC352,전기(EV),신규인증,PMY-VK-21-1,2023-02-21,164,122,145,130,126,128
1,기아(주),승용(소형),EV9 GT 21인치,MV1-EV6-G7A-GT4W-21,전기(EV),신규인증,RMY-KM-21-44,2024-12-24,445,392,421,343,379,359
2,케이지모빌리티(주),화물(중형),MUSSO EV 2WD 17인치,O5MLI2H17,전기(EV),신규인증,RMY-SY-21-43,2024-12-24,435,359,401,333,386,357
3,현대자동차(주),승용(소형),아이오닉5 N,NEN-EV-G7A-ST4,전기(EV),변경인증,PMY-HD-21-22,2024-12-23,,,,,,
4,기아(주),승용(소형),EV9 4WD 21인치 7인,MV1-EV7-G7A-4W-21,전기(EV),변경인증,PMY-KM-21-13,2024-12-23,,,,,,
5,기아(주),승용(소형),EV9 4WD 19인치 7인,MV1-EV7-G7A-4W-19,전기(EV),변경인증,PMY-KM-21-13,2024-12-23,,,,,,
6,기아(주),승용(소형),EV9 4WD 19인치 6인,MV1-EV6-G7A-4W-19,전기(EV),변경인증,PMY-KM-21-13,2024-12-23,,,,,,
7,기아(주),승용(소형),EV9 4WD 21인치 6인,MV1-EV6-G7A-4W-21,전기(EV),변경인증,PMY-KM-21-13,2024-12-23,,,,,,
8,기아(주),승용(소형),EV9 2WD 20인치 6인,MV1-EV6-G7A-2W-20,전기(EV),변경인증,PMY-KM-21-14,2024-12-23,,,,,,
9,기아(주),승용(소형),EV9 2WD 19인치 7인,MV1-EV7-G7A-2W-19,전기(EV),변경인증,PMY-KM-21-14,2024-12-23,,,,,,
10,기아(주),승용(소형),EV9 2WD 20인치 7인,MV1-EV7-G7A-2W-20,전기(EV),변경인증,PMY-KM-21-14,2024-12-23,,,,,,
11,기아(주),승용(소형),EV9 2WD 19인치 6인,MV1-EV6-G7A-2W-19,전기(EV),변경인증,PMY-KM-21-14,2024-12-23,,,,,,
12,기아(주),승용(소형),EV9 GTL 4WD 21인치 7인,MV1-EV7-G7A-GTL4W-21,전기(EV),변경인증,PMY-KM-21-15,2024-12-23,,,,,,
13,기아(주),승용(소형),EV9 GTL 4WD 21인치 6인,MV1-EV6-G7A-GTL4W-21,전기(EV),변경인증,PMY-KM-21-15,2024-12-23,,,,,,
14,현대자동차(주),승용(소형),아이오닉5 N-line RWD,NEPE-EV-G7A-LR2W-NL,전기(EV),변경인증,RMY-HD-21-10,2024-12-23,,,,,,
15,현대자동차(주),승용(소형),아이오닉5 N-line AWD,NEPE-EV-G7A-LR4W-NL,전기(EV),변경인증,RMY-HD-21-11,2024-12-23,,,,,,
16,현대자동차(주),승용(소형),아이오닉5 기본형 RWD 개조차,NEPE-EV-G7A-ST2W,전기(EV),변경인증,RMY-HD-21-20,2024-12-23,,,,,,
17,현대자동차(주),화물(중형),ST1 기본형 샤시캡 17인치,A01-EV2-G7A-ST2-CHC-17,전기(EV),변경인증,RMY-HD-21-23,2024-12-23,,,,,,
18,현대자동차(주),승용(소형),아이오닉5 항속형 RWD 개조차,NEPE-EV-G7A-LR2W,전기(EV),변경인증,RMY-HD-21-3,2024-12-23,,,,,,
19,현대자동차(주),화물(중형),ST1 기본형 카고 17인치,A01-EV2-G7A-ST2-DVSS-17,전기(EV),변경인증,RMY-HD-21-7,2024-12-23,,,,,,
20,현대자동차(주),화물(중형),ST1 기본형 하이탑 17인치,A01-EV2-G7A-ST2-HDVSS-17,전기(EV),변경인증,RMY-HD-21-7,2024-12-23,,,,,,
21,현대자동차(주),화물(중형),ST1 기본형 카고 냉동 17인치,A01-EV2-G7A-ST2-RTSS-17,전기(EV),변경인증,RMY-HD-21-7,2024-12-23,,,,,,
22,현대자동차(주),승용(소형),아이오닉5 항속형 AWD 개조차 19인치,NEPE-EV-G7A-LR4W-19,전기(EV),변경인증,RMY-HD-21-9,2024-12-23,,,,,,
23,현대자동차(주),승용(소형),아이오닉5 항속형 AWD 개조차 20인치,NEPE-EV-G7A-LR4W-20,전기(EV),변경인증,RMY-HD-21-9,2024-12-23,,,,,,
24,기아(주),승용(소형),EV9 기본형 2WD 19인치 7인,MV1-EV7-G7A-ST2W-19,전기(EV),변경인증,RMY-KM-21-31,2024-12-23,,,,,,
25,기아(주),승용(소형),EV9 기본형 2WD 19인치 6인,MV1-EV6-G7A-ST2W-19,전기(EV),변경인증,RMY-KM-21-31,2024-12-23,,,,,,
26,(주)에이치아이모빌리티,이륜,에이치아이 아이식스,HI-EH001,전기(EV),변경인증,RMY-HI-21-37,2024-12-20,102.9,,,67.7,,
27,기아(주),승용(소형),EV3 항속형 2WD 19인치,SV-EV-G7A-EX2W-19D,전기(EV),변경인증,RMY-KM-21-16,2024-12-17,,,,,,
28,기아(주),승용(소형),EV3 항속형 2WD 19인치,SV-EV-G7A-EX2W-17D,전기(EV),변경인증,RMY-KM-21-16,2024-12-17,,,,,,
29,기아(주),승용(소형),EV3 기본형 2WD,SV-EV-G7A-ST2W,전기(EV),변경인증,RMY-KM-21-17,2024-12-17,,,,,,
30,기아(주),경자동차,레이 EV,TAM-EV2-G7A-14,전기(EV),변경인증,PMY-KM-21-21,2024-12-13,,,,,,
31,기아(주),경자동차,레이 EV,TAM-EV1-G7A-14,전기(EV),변경인증,PMY-KM-21-21,2024-12-13,,,,,,
32,기아(주),경자동차,레이 EV,TAM-EV4-G7A-14,전기(EV),변경인증,PMY-KM-21-21,2024-12-13,,,,,,
33,현대자동차(주),승용(소형),캐스퍼 EV 항속형 17인치,AX-EV-G7A-LR2W-17,전기(EV),변경인증,RMY-HD-21-19,2024-12-13,,,,,,
34,현대자동차(주),승용(소형),캐스퍼 EV 항속형 15인치,AX-EV-G7A-LR2W-15,전기(EV),변경인증,RMY-HD-21-19,2024-12-13,,,,,,
35,현대자동차(주),승용(소형),캐스퍼 EV 기본형 15인치,AX-EV-G7A-STD-15,전기(EV),변경인증,RMY-HD-21-24,2024-12-13,,,,,,
36,현대자동차(주),승용(소형),캐스퍼 EV CROSS 바스켓 루프랙 17인치,AX-EV-G7A-CSBS-17,전기(EV),변경인증,RMY-HD-21-29,2024-12-13,,,,,,
37,현대자동차(주),승용(소형),캐스퍼 EV CROSS 17인치,AX-EV-G7A-CSBR-17,전기(EV),변경인증,RMY-HD-21-29,2024-12-13,,,,,,
38,현대자동차(주),승용(소형),아이오닉9 성능형 AWD 19인치 7인,ME1-EV7-G7A-PF4W-19,전기(EV),신규인증,RMY-HD-21-40,2024-12-06,546,451,503,401,443,420
39,현대자동차(주),승용(소형),아이오닉9 성능형 AWD 19인치 6인,ME1-EV6-G7A-PF4W-19,전기(EV),신규인증,RMY-HD-21-40,2024-12-06,546,451,503,401,443,420
40,현대자동차(주),승용(소형),아이오닉9 성능형 AWD 21인치 6인,ME1-EV6-G7A-PF4W-21,전기(EV),신규인증,RMY-HD-21-40,2024-12-06,546,451,503,401,443,420
41,현대자동차(주),승용(소형),아이오닉9 성능형 AWD 21인치 7인,ME1-EV7-G7A-PF4W-21,전기(EV),신규인증,RMY-HD-21-40,2024-12-06,546,451,503,401,443,420
42,현대자동차(주),승용(소형),아이오닉9 항속형 AWD 21인치 7인,ME1-EV7-G7A-LR4W-21,전기(EV),신규인증,RMY-HD-21-41,2024-12-06,546,452,504,380,431,403
43,현대자동차(주),승용(소형),아이오닉9 항속형 AWD 19인치 6인,ME1-EV6-G7A-LR4W-19,전기(EV),신규인증,RMY-HD-21-41,2024-12-06,546,452,504,380,431,403
44,현대자동차(주),승용(소형),아이오닉9 항속형 AWD 19인치 7인,ME1-EV7-G7A-LR4W-19,전기(EV),신규인증,RMY-HD-21-41,2024-12-06,546,452,504,380,431,403
45,현대자동차(주),승용(소형),아이오닉9 항속형 AWD 21인치 6인,ME1-EV6-G7A-LR4W-21,전기(EV),신규인증,RMY-HD-21-41,2024-12-06,546,452,504,380,431,403
46,현대자동차(주),승용(소형),아이오닉9 항속형 RWD 21인치 7인,ME1-EV7-G7A-LR2W-21,전기(EV),신규인증,RMY-HD-21-42,2024-12-06,567,472,525,376,433,402
47,현대자동차(주),승용(소형),아이오닉9 항속형 RWD 19인치 6인,ME1-EV6-G7A-LR2W-19,전기(EV),신규인증,RMY-HD-21-42,2024-12-06,588,485,542,382,443,409
48,현대자동차(주),승용(소형),아이오닉9 항속형 RWD 19인치 7인,ME1-EV7-G7A-LR2W-19,전기(EV),신규인증,RMY-HD-21-42,2024-12-06,588,485,542,382,443,409
49,현대자동차(주),승용(소형),아이오닉9 항속형 RWD 21인치 6인,ME1-EV6-G7A-LR2W-21,전기(EV),신규인증,RMY-HD-21-42,2024-12-06,567,472,525,376,433,402
50,디앤에이모터스(주),이륜,ED-1X,EM1,전기(EV),신규인증,RMY-DL-21-38,2024-12-03,47.3,,,35.3,,
51,(주)에이치아이모빌리티,이륜,에이치아이 아이식스,이륜자동차,전기(EV),신규인증,RMY-HI-21-37,2024-12-03,102.9,,,67.7,,
52,(주)진우에스엠씨,화물(초대형),진우 3.5톤 재활용품수거차,EV-B,전기(EV),신규인증,RMY-JW-2-39,2024-12-03,,,226,,,
53,현대자동차(주),승용(소형),GV70 Electrified 20인치,JK1FL-EV-G7A-20,전기(EV),변경인증,RMY-HD-21-28,2024-12-02,,,,,,
54,현대자동차(주),승용(소형),GV70 Electrified 19인치,JK1FL-EV-G7A-19,전기(EV),변경인증,RMY-HD-21-28,2024-12-02,,,,,,
55,(주)와코,이륜,E7S,KW3900E7-2W,전기(EV),변경인증,LMY-WM-21-101,2024-11-21,73.7,,,63.1,,
56,현대자동차(주),승용(소형),아이오닉5 N-line RWD,NEPE-EV-G7A-LR2W-NL,전기(EV),변경인증,RMY-HD-21-10,2024-11-21,,,,,,
57,현대자동차(주),승용(소형),아이오닉5 N-line AWD,NEPE-EV-G7A-LR4W-NL,전기(EV),변경인증,RMY-HD-21-11,2024-11-21,,,,,,
58,현대자동차(주),승용(소형),아이오닉5 기본형 RWD 개조차,NEPE-EV-G7A-ST2W,전기(EV),변경인증,RMY-HD-21-20,2024-11-21,,,,,,
59,현대자동차(주),승용(소형),아이오닉5 항속형 RWD 개조차,NEPE-EV-G7A-LR2W,전기(EV),변경인증,RMY-HD-21-3,2024-11-21,,,,,,
60,현대자동차(주),승용(소형),아이오닉5 항속형 AWD 개조차 20인치,NEPE-EV-G7A-LR4W-20,전기(EV),변경인증,RMY-HD-21-9,2024-11-21,,,,,,
61,현대자동차(주),승용(소형),아이오닉5 항속형 AWD 개조차 19인치,NEPE-EV-G7A-LR4W-19,전기(EV),변경인증,RMY-HD-21-9,2024-11-21,,,,,,
62,기아(주),승용(소형),EV6 항속형 2WD 개조차 19인치,CVPE-EV-G7A-EX2-19D,전기(EV),변경인증,RMY-KM-21-12,2024-11-21,,,,,,
63,기아(주),승용(소형),EV6 항속형 2WD 개조차 20인치,CVPE-EV-G7A-EX2-20D,전기(EV),변경인증,RMY-KM-21-12,2024-11-21,,,,,,
64,기아(주),승용(소형),EV6 항속형 4WD 개조차 20인치,CVPE-EV-G7A-EX4-20D,전기(EV),변경인증,RMY-KM-21-13,2024-11-21,,,,,,
65,기아(주),승용(소형),EV6 항속형 4WD 개조차 19인치,CVPE-EV-G7A-EX4-19D,전기(EV),변경인증,RMY-KM-21-13,2024-11-21,,,,,,
66,기아(주),승용(소형),EV6 GT 개조차,CVPE-EV-G7A-GT,전기(EV),변경인증,RMY-KM-21-27,2024-11-21,,,,,,
67,기아(주),승용(소형),EV6 기본형 2WD 개조차 19인치,CVPE-EV-G7A-ST2-19D,전기(EV),변경인증,RMY-KM-21-28,2024-11-21,,,,,,
68,(주)아이버스,승용(초대형),아이버스아폴로1200어린이운송차,IBUS-WJEB-1200,전기(EV),신규인증,RMY-IB-21-36,2024-11-18,,,403,,,
69,케이지모빌리티(주),승용(소형),토레스 EVX 18인치,U5MLI2H18,전기(EV),신규인증,RMY-SY-21-34,2024-11-08,484,413,452,317,370,341
70,케이지모빌리티(주),승용(소형),토레스 EVX 20인치,U5MLI2H20,전기(EV),신규인증,RMY-SY-21-35,2024-11-08,468,398,436,282,344,310
71,기아(주),승용(소형),EV9 4WD 19인치 6인,MV1-EV6-G7A-4W-19,전기(EV),변경인증,PMY-KM-21-13,2024-11-07,,,,,,
72,기아(주),승용(소형),EV9 4WD 19인치 7인,MV1-EV7-G7A-4W-19,전기(EV),변경인증,PMY-KM-21-13,2024-11-07,,,,,,
73,기아(주),승용(소형),EV9 4WD 21인치 7인,MV1-EV7-G7A-4W-21,전기(EV),변경인증,PMY-KM-21-13,2024-11-07,,,,,,
74,기아(주),승용(소형),EV9 4WD 21인치 6인,MV1-EV6-G7A-4W-21,전기(EV),변경인증,PMY-KM-21-13,2024-11-07,,,,,,
75,기아(주),승용(소형),EV9 2WD 19인치 7인,MV1-EV7-G7A-2W-19,전기(EV),변경인증,PMY-KM-21-14,2024-11-07,,,,,,
76,기아(주),승용(소형),EV9 2WD 19인치 6인,MV1-EV6-G7A-2W-19,전기(EV),변경인증,PMY-KM-21-14,2024-11-07,,,,,,
77,기아(주),승용(소형),EV9 2WD 20인치 7인,MV1-EV7-G7A-2W-20,전기(EV),변경인증,PMY-KM-21-14,2024-11-07,,,,,,
78,기아(주),승용(소형),EV9 2WD 20인치 6인,MV1-EV6-G7A-2W-20,전기(EV),변경인증,PMY-KM-21-14,2024-11-07,,,,,,
79,기아(주),승용(소형),EV9 GTL 4WD 21인치 7인,MV1-EV7-G7A-GTL4W-21,전기(EV),변경인증,PMY-KM-21-15,2024-11-07,,,,,,
80,기아(주),승용(소형),EV9 GTL 4WD 21인치 6인,MV1-EV6-G7A-GTL4W-21,전기(EV),변경인증,PMY-KM-21-15,2024-11-07,,,,,,
81,기아(주),승용(소형),EV3 항속형 2WD 19인치,SV-EV-G7A-EX2W-19D,전기(EV),변경인증,RMY-KM-21-16,2024-11-07,,,,,,
82,기아(주),승용(소형),EV3 항속형 2WD 17인치,SV-EV-G7A-EX2W-17D,전기(EV),변경인증,RMY-KM-21-16,2024-11-07,,,,,,
83,기아(주),승용(소형),EV3 기본형 2WD,SV-EV-G7A-ST2W,전기(EV),변경인증,RMY-KM-21-17,2024-11-07,,,,,,
84,기아(주),승용(소형),EV9 기본형 2WD 19인치 7인,MV1-EV7-G7A-ST2W-19,전기(EV),변경인증,RMY-KM-21-31,2024-11-07,,,,,,
85,기아(주),승용(소형),EV9 기본형 2WD 19인치 6인,MV1-EV6-G7A-ST2W-19,전기(EV),변경인증,RMY-KM-21-31,2024-11-07,,,,,,
86,케이지모빌리티커머셜(주),승용(대형),케이지 씨090,KB511-EV-SD,전기(EV),신규인증,RMY-ED-21-32,2024-10-23,,,316,,,
87,(주)우진산전,승용(초대형),아폴로 1100,WJEB-11CTLP-08,전기(EV),신규인증,RMY-WJ-21-33,2024-10-23,,,396,,,
88,현대자동차(주),승용(소형),GV60 RWD 19인치,JW-EV-G7A-ST2-19,전기(EV),변경인증,MMY-HD-21-45,2024-10-16,,,,,,
89,현대자동차(주),승용(소형),GV60 4WD 20인치,JW-EV-G7A-ST4-20,전기(EV),변경인증,MMY-HD-21-46,2024-10-16,,,,,,
90,현대자동차(주),승용(소형),GV60 4WD 19인치,JW-EV-G7A-ST4-19,전기(EV),변경인증,MMY-HD-21-46,2024-10-16,,,,,,
91,현대자동차(주),승용(소형),GV60 성능형 4WD 21인치,JW-EV-G7A-PF4-21,전기(EV),변경인증,MMY-HD-21-47,2024-10-16,,,,,,
92,현대자동차(주),승용(소형),GV70 Electrified 20인치,JK1-EV-G7A-20,전기(EV),변경인증,MMY-HD-21-61,2024-10-16,,,,,,
93,현대자동차(주),승용(소형),GV70 Electrified 19인치,JK1-EV-G7A-19,전기(EV),변경인증,MMY-HD-21-61,2024-10-16,,,,,,
94,현대자동차(주),승용(소형),GV70 Electrified 무선충전,JK1-EV-G7A-WL,전기(EV),변경인증,MMY-HD-21-61,2024-10-16,,,,,,
95,현대자동차(주),승용(소형),아이오닉6 기본형 RWD 18인치,CE1-EV-G7A-ST2-18D,전기(EV),변경인증,NMY-HD-21-30,2024-10-16,,,,,,
96,현대자동차(주),승용(소형),아이오닉6 항속형 AWD 18인치,CE1-EV-G7A-EX4-18D,전기(EV),변경인증,NMY-HD-21-36,2024-10-16,,,,,,
97,현대자동차(주),승용(소형),아이오닉6 항속형 AWD 20인치,CE1-EV-G7A-EX4-20D,전기(EV),변경인증,NMY-HD-21-36,2024-10-16,,,,,,
98,현대자동차(주),승용(소형),아이오닉6 항속형 RWD 18인치,CE1-EV-G7A-EX2-18D,전기(EV),변경인증,NMY-HD-21-37,2024-10-16,,,,,,
99,현대자동차(주),승용(소형),아이오닉6 항속형 RWD 20인치,CE1-EV-G7A-EX2-20D,전기(EV),변경인증,NMY-HD-21-37,2024-10-16,,,,,,
100,현대자동차(주),승용(소형),G80 Electrified,RG3PE-EV-G7A,전기(EV),변경인증,RMY-HD-21-21,2024-10-16,,,,,,
101,현대자동차(주),승용(소형),GV70 Electrified 19인치,JK1FL-EV-G7A-19,전기(EV),변경인증,RMY-HD-21-28,2024-10-16,,,,,,
102,현대자동차(주),승용(소형),GV70 Electrified 20인치,JK1FL-EV-G7A-20,전기(EV),변경인증,RMY-HD-21-28,2024-10-16,,,,,,
103,그린모빌리티,이륜,JANGBORI-II,ETDJ-2.0,전기(EV),변경인증,MMY-GR-21-31,2024-10-14,51.4,,,40,,
104,케이지모빌리티커머셜(주),승용(대형),케이지 씨090,KB611-EV-SD,전기(EV),신규인증,RMY-ED-21-30,2024-10-14,,,377,,,
105,기아(주),승용(소형),EV9 기본형 2WD 19인치 6인,MV1-EV6-G7A-ST2W-19,전기(EV),신규인증,RMY-KM-21-31,2024-10-14,429,332,385,304,311,307
106,기아(주),승용(소형),EV9 기본형 2WD 19인치 7인,MV1-EV7-G7A-ST2W-19,전기(EV),신규인증,RMY-KM-21-31,2024-10-14,429,332,385,304,311,307
107,현대자동차(주),승용(소형),캐스퍼 EV CROSS 바스켓 루프랙 17인치,AX-EV-G7A-CSBS-17,전기(EV),신규인증,RMY-HD-21-29,2024-10-08,274,216,248,231,223,227
108,현대자동차(주),승용(소형),캐스퍼 EV CROSS 17인치,AX-EV-G7A-CSBR-17,전기(EV),신규인증,RMY-HD-21-29,2024-10-08,314,255,287,236,254,244
109,(주)앨비,이륜,트레바이,H2.4-BL72DC,전기(EV),변경인증,PMY-SE-21-17,2024-09-19,,,,43.6,,
110,현대자동차(주),승용(소형),GV70 Electrified 19인치,JK1FL-EV-G7A-19,전기(EV),신규인증,RMY-HD-21-28,2024-09-12,448,393,423,347,400,371
111,현대자동차(주),승용(소형),GV70 Electrified 20인치,JK1FL-EV-G7A-20,전기(EV),신규인증,RMY-HD-21-28,2024-09-12,432,372,405,303,346,322
112,기아(주),승용(소형),EV6 GT 개조차,CVPE-EV-G7A-GT,전기(EV),신규인증,RMY-KM-21-27,2024-09-12,377,342,361,305,340,321
113,기아(주),승용(소형),EV6 기본형 2WD 개조차 19인치,CVPE-EV-G7A-ST2-19D,전기(EV),신규인증,RMY-KM-21-28,2024-09-12,427,342,389,290,322,304
114,현대자동차(주),화물(중형),ST1 기본형 샤시캡 17인치,A01-EV2-G7A-ST2-CHC-17,전기(EV),변경인증,RMY-HD-21-23,2024-09-11,,,,,,
115,현대자동차(주),화물(중형),ST1 기본형 하이탑 17인치,A01-EV2-G7A-ST2-HDVSS-17,전기(EV),변경인증,RMY-HD-21-7,2024-09-11,,,,,,
116,현대자동차(주),화물(중형),ST1 기본형 카고 17인치,A01-EV2-G7A-ST2-DVSS-17,전기(EV),변경인증,RMY-HD-21-7,2024-09-11,,,,,,
117,현대자동차(주),화물(중형),ST1 기본형 카고 냉동 17인치,A01-EV2-G7A-ST2-RTSS-17,전기(EV),변경인증,RMY-HD-21-7,2024-09-11,,,,,,
118,현대자동차(주),승용(소형),GV60 RWD 19인치,JW-EV-G7A-ST2-19,전기(EV),변경인증,MMY-HD-21-45,2024-09-09,,,,,,
119,현대자동차(주),승용(소형),GV60 4WD 20인치,JW-EV-G7A-ST4-20,전기(EV),변경인증,MMY-HD-21-46,2024-09-09,,,,,,
120,현대자동차(주),승용(소형),GV60 4WD 19인치,JW-EV-G7A-ST4-19,전기(EV),변경인증,MMY-HD-21-46,2024-09-09,,,,,,
121,현대자동차(주),승용(소형),GV60 성능형 4WD 21인치,JW-EV-G7A-PF4-21,전기(EV),변경인증,MMY-HD-21-47,2024-09-09,,,,,,
122,현대자동차(주),승용(소형),GV70 Electrified 무선충전,JK1-EV-G7A-WL,전기(EV),변경인증,MMY-HD-21-61,2024-09-09,,,,,,
123,현대자동차(주),승용(소형),GV70 Electrified 19인치,JK1-EV-G7A-19,전기(EV),변경인증,MMY-HD-21-61,2024-09-09,,,,,,
124,현대자동차(주),승용(소형),GV70 Electrified 20인치,JK1-EV-G7A-20,전기(EV),변경인증,MMY-HD-21-61,2024-09-09,,,,,,
125,현대자동차(주),승용(소형),아이오닉6 기본형 RWD 18인치,CE1-EV-G7A-ST2-18D,전기(EV),변경인증,NMY-HD-21-30,2024-09-09,,,,,,
126,현대자동차(주),승용(소형),아이오닉6 항속형 AWD 18인치,CE1-EV-G7A-EX4-18D,전기(EV),변경인증,NMY-HD-21-36,2024-09-09,,,,,,
127,현대자동차(주),승용(소형),아이오닉6 항속형 AWD 20인치,CE1-EV-G7A-EX4-20D,전기(EV),변경인증,NMY-HD-21-36,2024-09-09,,,,,,
128,현대자동차(주),승용(소형),아이오닉6 항속형 RWD 20인치,CE1-EV-G7A-EX2-20D,전기(EV),변경인증,NMY-HD-21-37,2024-09-09,,,,,,
129,현대자동차(주),승용(소형),아이오닉6 항속형 RWD 18인치,CE1-EV-G7A-EX2-18D,전기(EV),변경인증,NMY-HD-21-37,2024-09-09,,,,,,
130,현대자동차(주),승용(소형),아이오닉5 N,NEN-EV-G7A-ST4,전기(EV),변경인증,PMY-HD-21-22,2024-09-09,,,,,,
131,현대자동차(주),승용(소형),캐스퍼 EV 항속형 15인치,AX-EV-G7A-LR2W-15,전기(EV),변경인증,RMY-HD-21-19,2024-09-09,,,,,,
132,현대자동차(주),승용(소형),캐스퍼 EV 항속형 17인치,AX-EV-G7A-LR2W-17,전기(EV),변경인증,RMY-HD-21-19,2024-09-09,,,,,,
133,현대자동차(주),승용(소형),캐스퍼 EV 기본형 15인치,AX-EV-G7A-STD-15,전기(EV),변경인증,RMY-HD-21-24,2024-09-09,,,,,,
134,기아(주),경자동차,레이 EV,TAM-EV4-G7A-14,전기(EV),변경인증,PMY-KM-21-21,2024-09-04,,,,,,
135,기아(주),경자동차,레이 EV,TAM-EV1-G7A-14,전기(EV),변경인증,PMY-KM-21-21,2024-09-04,,,,,,
136,기아(주),경자동차,레이 EV,TAM-EV2-G7A-14,전기(EV),변경인증,PMY-KM-21-21,2024-09-04,,,,,,
137,현대자동차(주),승용(소형),코나 일렉트릭(N-Line) 19인치,SX2-EV-G7A-EX2-NL-19,전기(EV),변경인증,PMY-HD-21-11,2024-09-02,,,,,,
138,현대자동차(주),승용(소형),코나 일렉트릭(항속형) 17인치,SX2-EV-G7A-EX2-17,전기(EV),변경인증,PMY-HD-21-11,2024-09-02,,,,,,
139,현대자동차(주),승용(소형),코나 일렉트릭(항속형) 19인치,SX2-EV-G7A-EX2-19,전기(EV),변경인증,PMY-HD-21-11,2024-09-02,,,,,,
140,현대자동차(주),승용(소형),코나 일렉트릭(기본형),SX2-EV-G7A-ST2-17,전기(EV),변경인증,PMY-HD-21-12,2024-09-02,,,,,,
141,기아(주),승용(소형),EV9 4WD 19인치 6인,MV1-EV6-G7A-4W-19,전기(EV),변경인증,PMY-KM-21-13,2024-09-02,,,,,,
142,기아(주),승용(소형),EV9 4WD 19인치 7인,MV1-EV7-G7A-4W-19,전기(EV),변경인증,PMY-KM-21-13,2024-09-02,,,,,,
143,기아(주),승용(소형),EV9 4WD 21인치 6인,MV1-EV6-G7A-4W-21,전기(EV),변경인증,PMY-KM-21-13,2024-09-02,,,,,,
144,기아(주),승용(소형),EV9 4WD 21인치 7인,MV1-EV7-G7A-4W-21,전기(EV),변경인증,PMY-KM-21-13,2024-09-02,,,,,,
145,기아(주),승용(소형),EV9 2WD 19인치 6인,MV1-EV6-G7A-2W-19,전기(EV),변경인증,PMY-KM-21-14,2024-09-02,,,,,,
146,기아(주),승용(소형),EV9 2WD 20인치 7인,MV1-EV7-G7A-2W-20,전기(EV),변경인증,PMY-KM-21-14,2024-09-02,,,,,,
147,기아(주),승용(소형),EV9 2WD 20인치 6인,MV1-EV6-G7A-2W-20,전기(EV),변경인증,PMY-KM-21-14,2024-09-02,,,,,,
148,기아(주),승용(소형),EV9 2WD 19인치 7인,MV1-EV7-G7A-2W-19,전기(EV),변경인증,PMY-KM-21-14,2024-09-02,,,,,,
149,기아(주),승용(소형),EV9 GTL 4WD 21인치 7인,MV1-EV7-G7A-GTL4W-21,전기(EV),변경인증,PMY-KM-21-15,2024-09-02,,,,,,
150,기아(주),승용(소형),EV9 GTL 4WD 21인치 6인,MV1-EV6-G7A-GTL4W-21,전기(EV),변경인증,PMY-KM-21-15,2024-09-02,,,,,,
151,현대자동차(주),승용(소형),G80 Electrified,RG3PE-EV-G7A,전기(EV),변경인증,RMY-HD-21-21,2024-09-02,,,,,,
152,현대자동차(주),화물(중형),ST1 기본형 하이탑 17인치,A01-EV2-G7A-ST2-HDVSS-17,전기(EV),변경인증,RMY-HD-21-7,2024-08-28,341,224,289,220,212,216
153,(주)우진산전,승용(대형),아폴로 900,WJEB-09CTLP-03,전기(EV),신규인증,RMY-WJ-21-26,2024-08-27,,,374,,,
154,(주)우진산전,승용(초대형),아폴로 1100 양문형,WJEB-11CTLP-07,전기(EV),신규인증,RMY-WJ-21-25,2024-08-26,,,332,,,
155,클랜헌트 유한회사,이륜,newtro M,NMCK01,전기(EV),신규인증,RMY-EM-21-22,2024-08-12,58.6,,,44.2,,
156,현대자동차(주),화물(중형),ST1 기본형 샤시캡 17인치,A01-EV2-G7A-ST2-CHC-17,전기(EV),신규인증,RMY-HD-21-23,2024-08-06,383,258,327,213,228,220
157,현대자동차(주),승용(소형),캐스퍼 EV 기본형 15인치,AX-EV-G7A-STD-15,전기(EV),신규인증,RMY-HD-21-24,2024-08-06,311,245,281,225,239,231
158,현대자동차(주),승용(소형),G80 Electrified,RG3PE-EV-G7A,전기(EV),신규인증,RMY-HD-21-21,2024-07-19,507,468,489,345,422,380
159,현대자동차(주),승용(소형),아이오닉5 기본형 RWD 개조차,NEPE-EV-G7A-ST2W,전기(EV),신규인증,RMY-HD-21-20,2024-07-15,405,322,368,288,309,297
1,현대자동차(주),승용(소형),캐스퍼 EV 항속형 17인치,AX-EV-G7A-LR2W-17,전기(EV),신규인증,RMY-HD-21-19,2024-06-19,323,262,295,236,256,245
2,현대자동차(주),승용(소형),캐스퍼 EV 항속형 15인치,AX-EV-G7A-LR2W-15,전기(EV),신규인증,RMY-HD-21-19,2024-06-19,351,278,318,239,272,254
3,(주)대동모빌리티,이륜,지에스110,GS110,전기(EV),신규인증,RMY-DM-21-18,2024-06-10,60.6,,,43.2,,
4,기아(주),승용(소형),EV3 기본형 2WD,SV-EV-G7A-ST2W,전기(EV),신규인증,RMY-KM-21-17,2024-06-05,374,314,347,277,311,292
5,기아(주),승용(소형),EV3 항속형 2WD 19인치,SV-EV-G7A-EX2W-19D,전기(EV),신규인증,RMY-KM-21-16,2024-05-27,526,434,485,370,396,382
6,기아(주),승용(소형),EV3 항속형 2WD 17인치,SV-EV-G7A-EX2W-17D,전기(EV),신규인증,RMY-KM-21-16,2024-05-27,556,455,510,381,424,401
7,(주)와코,이륜,엑스텐,KW4900X10-2W,전기(EV),신규인증,RMY-WM-21-15,2024-05-24,62,,,50.8,,
8,기아(주),승용(소형),EV6 항속형 2WD 개조차 19인치,CVPE-EV-G7A-EX2-19D,전기(EV),신규인증,RMY-KM-21-12,2024-05-03,559,439,505,377,409,391
9,기아(주),승용(소형),EV6 항속형 2WD 개조차 20인치,CVPE-EV-G7A-EX2-20D,전기(EV),신규인증,RMY-KM-21-12,2024-05-03,512,402,462,356,386,370
10,기아(주),승용(소형),EV6 항속형 4WD 개조차 20인치,CVPE-EV-G7A-EX4-20D,전기(EV),신규인증,RMY-KM-21-13,2024-05-03,471,396,437,338,372,353
11,기아(주),승용(소형),EV6 항속형 4WD 개조차 19인치,CVPE-EV-G7A-EX4-19D,전기(EV),신규인증,RMY-KM-21-13,2024-05-03,501,413,461,361,403,380
12,현대자동차(주),승용(소형),아이오닉5 N-line RWD,NEPE-EV-G7A-LR2W-NL,전기(EV),신규인증,RMY-HD-21-10,2024-04-08,495,392,448,344,367,354
13,현대자동차(주),승용(소형),아이오닉5 N-line AWD,NEPE-EV-G7A-LR4W-NL,전기(EV),신규인증,RMY-HD-21-11,2024-04-08,447,367,411,332,357,343
14,현대자동차(주),승용(소형),아이오닉5 항속형 AWD 개조차 20인치,NEPE-EV-G7A-LR4W-20,전기(EV),신규인증,RMY-HD-21-9,2024-04-08,471,388,434,355,383,368
15,현대자동차(주),승용(소형),아이오닉5 항속형 AWD 개조차 19인치,NEPE-EV-G7A-LR4W-19,전기(EV),신규인증,RMY-HD-21-9,2024-04-08,505,421,467,363,399,379
16,케이지모빌리티(주),승용(소형),코란도 EV 2WD,E5MLI2H,전기(EV),신규인증,RMY-SY-21-8,2024-04-02,437,364,404,314,347,329
17,현대자동차(주),화물(중형),ST1 기본형 카고 17인치,A01-EV2-G7A-ST2-DVSS-17,전기(EV),신규인증,RMY-HD-21-7,2024-03-28,367,256,317,209,221,214
18,현대자동차(주),화물(중형),ST1 기본형 카고 냉동 17인치,A01-EV2-G7A-ST2-RTSS-17,전기(EV),신규인증,RMY-HD-21-7,2024-03-28,345,241,298,212,217,214
19,(주)GS글로벌,화물(중형),T4K 냉동탑차,T4K,전기(EV),신규인증,RMY-GG-21-6,2024-03-15,231,173,205,163,165,164
20,케이지모빌리티(주),화물(중형),토레스 EVX VAN 18인치,U2MLI2HV,전기(EV),신규인증,RMY-SY-21-4,2024-03-13,439,376,411,248,319,280
21,케이지모빌리티(주),화물(중형),토레스 EVX VAN 20인치,U2MLI2HV,전기(EV),신규인증,RMY-SY-21-5,2024-03-13,430,364,400,253,327,286
22,현대자동차(주),승용(소형),아이오닉5 항속형 RWD 개조차,NEPE-EV-G7A-LR2W,전기(EV),신규인증,RMY-HD-21-3,2024-02-29,502,414,462,355,387,369
23,한국상용트럭(주),화물(중형),한국상용0.9톤롱바디EV내장탑트럭,KCT0.9LNJT-HD1ELCT,전기(EV),신규인증,RMY-HS-21-1,2024-01-12,166,107,139,139,116,129
24,(주)세븐모빌리티,이륜,이노,SEB,전기(EV),신규인증,RMY-SV-21-2,2024-01-12,100.9,,,85.6,,
1,기아(주),승용(소형),PV5 패신저 항속형,SW1-EV5PSG-G7A-EX2W-16,전기(EV),변경인증,SMY-KM-21-24,2025-07-03,,,,,,
2,기아(주),화물(중형),PV5 카고 롱 기본형 3DR,SW1-EV2CL-G7A-ST2W-3DR-16,전기(EV),변경인증,SMY-KM-21-25,2025-07-03,,,,,,
3,기아(주),화물(중형),PV5 카고 롱 기본형 4DR,SW1-EV2CL-G7A-ST2W-4DR-16,전기(EV),변경인증,SMY-KM-21-25,2025-07-03,,,,,,
4,기아(주),화물(중형),PV5 카고 롱 항속형 3DR,SW1-EV2CL-G7A-EX2W-3DR-16,전기(EV),변경인증,SMY-KM-21-26,2025-07-03,,,,,,
5,기아(주),화물(중형),PV5 카고 롱 항속형 4DR,SW1-EV2CL-G7A-EX2W-4DR-16,전기(EV),변경인증,SMY-KM-21-26,2025-07-03,,,,,,
6,현대자동차(주),승용(초대형),일렉시티 이층버스,EC2F701-A216P-C,전기(EV),변경인증,LMY-HD-21-82,2025-07-02,,,,,,
7,현대자동차(주),승용(초대형),일렉시티,ECP5224-A224P-S,전기(EV),변경인증,MMY-HD-21-36,2025-07-02,,,,,,
8,현대자동차(주),승용(초대형),일렉시티,ECP5224-A224P-S1,전기(EV),변경인증,NMY-HD-21-10,2025-07-02,,,,,,
9,현대자동차(주),승용(대형),일렉시티 타운,ECT-4118-A22-SR,전기(EV),변경인증,NMY-HD-21-40,2025-07-02,,,,,,
10,현대자동차(주),승용(대형),카운티 일렉트릭,ECS282-22E6P-3CH15,전기(EV),변경인증,NMY-HD-21-41,2025-07-02,,,,,,
11,현대자동차(주),승용(대형),카운티 일렉트릭,ECS2017-22E6P-C,전기(EV),변경인증,NMY-HD-21-42,2025-07-02,,,,,,
1,(주)우진산전,승용(대형),아폴로 700,WJEB-07CHLP-01,전기(EV),신규인증,SMY-WJ-21-30,2025-06-26,,,392,,,
2,기아(주),승용(소형),EV6 항속형 2WD 개조차 20인치,CVPE-EV-G7A-EX2-20D,전기(EV),변경인증,RMY-KM-21-12,2025-06-09,,,,,,
3,기아(주),승용(소형),EV6 항속형 2WD 개조차 19인치,CVPE-EV-G7A-EX2-19D,전기(EV),변경인증,RMY-KM-21-12,2025-06-09,,,,,,
4,기아(주),승용(소형),EV6 항속형 4WD 개조차 20인치,CVPE-EV-G7A-EX4-20D,전기(EV),변경인증,RMY-KM-21-13,2025-06-09,,,,,,
5,기아(주),승용(소형),EV6 항속형 4WD 개조차 19인치,CVPE-EV-G7A-EX4-19D,전기(EV),변경인증,RMY-KM-21-13,2025-06-09,,,,,,
6,기아(주),승용(소형),EV3 항속형 2WD 19인치,SV-EV-G7A-EX2W-19D,전기(EV),변경인증,RMY-KM-21-16,2025-06-09,,,,,,
7,기아(주),승용(소형),EV3 항속형 2WD 19인치,SV-EV-G7A-EX2W-17D,전기(EV),변경인증,RMY-KM-21-16,2025-06-09,,,,,,
8,기아(주),승용(소형),EV3 기본형 2WD,SV-EV-G7A-ST2W,전기(EV),변경인증,RMY-KM-21-17,2025-06-09,,,,,,
9,기아(주),승용(소형),EV6 GT 개조차,CVPE-EV-G7A-GT,전기(EV),변경인증,RMY-KM-21-27,2025-06-09,,,,,,
10,기아(주),승용(소형),EV6 기본형 2WD 개조차 19인치,CVPE-EV-G7A-ST2-19D,전기(EV),변경인증,RMY-KM-21-28,2025-06-09,,,,,,
11,기아(주),승용(소형),EV9 GT 21인치,MV1-EV6-G7A-GT4W-21,전기(EV),변경인증,RMY-KM-21-44,2025-06-09,,,,,,
12,현대자동차(주),승용(소형),아이오닉6 FL 기본형 2WD 18인치,CE1FL-EV-G7A-ST2W-18,전기(EV),신규인증,SMY-HD-21-27,2025-06-04,476,402,442,375,402,387
13,현대자동차(주),승용(소형),아이오닉6 FL 항속형 2WD 18인치,CE1FL-EV-G7A-EX2W-18,전기(EV),신규인증,SMY-HD-21-28,2025-06-04,609,517,568,429,482,453
14,현대자동차(주),승용(소형),아이오닉6 FL 항속형 2WD 20인치,CE1FL-EV-G7A-EX2W-20,전기(EV),신규인증,SMY-HD-21-28,2025-06-04,529,439,488,433,444,438
15,현대자동차(주),승용(소형),아이오닉6 FL 항속형 2WD 20인치 N-Line,CE1FL-EV-G7A-EX2W-20-NL,전기(EV),신규인증,SMY-HD-21-28,2025-06-04,510,431,475,424,442,432
16,현대자동차(주),승용(소형),아이오닉6 FL 항속형 AWD 18인치,CE1FL-EV-G7A-EX4W-18,전기(EV),신규인증,SMY-HD-21-29,2025-06-04,583,508,549,434,476,453
17,현대자동차(주),승용(소형),아이오닉6 FL 항속형 AWD 20인치,CE1FL-EV-G7A-EX4W-20,전기(EV),신규인증,SMY-HD-21-29,2025-06-04,473,418,448,373,406,388
18,현대자동차(주),승용(소형),아이오닉6 FL 항속형 AWD 20인치 N-Line,CE1FL-EV-G7A-EX4W-20-NL,전기(EV),신규인증,SMY-HD-21-29,2025-06-04,454,402,431,367,399,382
19,기아(주),승용(소형),PV5 패신저 항속형,SW1-EV5PSG-G7A-EX2W-16,전기(EV),신규인증,SMY-KM-21-24,2025-06-04,410,306,363,290,302,296
20,기아(주),화물(중형),PV5 카고 롱 기본형 3DR,SW1-EV2CL-G7A-ST2W-3DR-16,전기(EV),신규인증,SMY-KM-21-25,2025-06-04,321,230,280,233,228,231
21,기아(주),화물(중형),PV5 카고 롱 기본형 4DR,SW1-EV2CL-G7A-ST2W-4DR-16,전기(EV),신규인증,SMY-KM-21-25,2025-06-04,305,229,271,217,220,218
22,기아(주),화물(중형),PV5 카고 롱 항속형 3DR,SW1-EV2CL-G7A-EX2W-3DR-16,전기(EV),신규인증,SMY-KM-21-26,2025-06-04,422,323,378,312,322,316
23,기아(주),화물(중형),PV5 카고 롱 항속형 4DR,SW1-EV2CL-G7A-EX2W-4DR-16,전기(EV),신규인증,SMY-KM-21-26,2025-06-04,422,323,378,312,322,316
24,(주)우진산전,승용(초대형),아폴로 1100 양문형,WJEB-11CTLP-07,전기(EV),변경인증,RMY-WJ-21-25,2025-06-01,,,351,,,
25,현대자동차(주),승용(소형),아이오닉5 N,NEN-EV-G7A-ST4,전기(EV),변경인증,PMY-HD-21-22,2025-05-19,,,,,,
26,현대자동차(주),승용(소형),아이오닉5 N-line RWD,NEPE-EV-G7A-LR2W-NL,전기(EV),변경인증,RMY-HD-21-10,2025-05-19,,,,,,
27,현대자동차(주),승용(소형),아이오닉5 N-line AWD,NEPE-EV-G7A-LR4W-NL,전기(EV),변경인증,RMY-HD-21-11,2025-05-19,,,,,,
28,현대자동차(주),승용(소형),캐스퍼 EV 항속형 15인치,AX-EV-G7A-LR2W-15,전기(EV),변경인증,RMY-HD-21-19,2025-05-19,,,,,,
29,현대자동차(주),승용(소형),캐스퍼 EV 항속형 17인치,AX-EV-G7A-LR2W-17,전기(EV),변경인증,RMY-HD-21-19,2025-05-19,,,,,,
30,현대자동차(주),승용(소형),아이오닉5 기본형 RWD 개조차,NEPE-EV-G7A-ST2W,전기(EV),변경인증,RMY-HD-21-20,2025-05-19,,,,,,
31,현대자동차(주),승용(소형),캐스퍼 EV 기본형 15인치,AX-EV-G7A-STD-15,전기(EV),변경인증,RMY-HD-21-24,2025-05-19,,,,,,
32,현대자동차(주),승용(소형),캐스퍼 EV CROSS 바스켓 루프랙 17인치,AX-EV-G7A-CSBS-17,전기(EV),변경인증,RMY-HD-21-29,2025-05-19,,,,,,
33,현대자동차(주),승용(소형),캐스퍼 EV CROSS 17인치,AX-EV-G7A-CSBR-17,전기(EV),변경인증,RMY-HD-21-29,2025-05-19,,,,,,
34,현대자동차(주),승용(소형),아이오닉5 항속형 RWD 개조차,NEPE-EV-G7A-LR2W,전기(EV),변경인증,RMY-HD-21-3,2025-05-19,,,,,,
35,현대자동차(주),승용(소형),아이오닉5 항속형 AWD 개조차 19인치,NEPE-EV-G7A-LR4W-19,전기(EV),변경인증,RMY-HD-21-9,2025-05-19,,,,,,
36,현대자동차(주),승용(소형),아이오닉5 항속형 AWD 개조차 20인치,NEPE-EV-G7A-LR4W-20,전기(EV),변경인증,RMY-HD-21-9,2025-05-19,,,,,,
37,기아(주),승용(소형),EV3 항속형 2WD 19인치,SV-EV-G7A-EX2W-19D,전기(EV),변경인증,RMY-KM-21-16,2025-05-19,,,,,,
38,기아(주),승용(소형),EV3 항속형 2WD 17인치,SV-EV-G7A-EX2W-17D,전기(EV),변경인증,RMY-KM-21-16,2025-05-19,,,,,,
39,기아(주),승용(소형),EV3 기본형 2WD,SV-EV-G7A-ST2W,전기(EV),변경인증,RMY-KM-21-17,2025-05-19,,,,,,
40,현대자동차(주),승용(소형),GV60 RWD 19인치,JWFL-EV-G7A-ST2-19,전기(EV),변경인증,SMY-HD-21-2,2025-05-19,,,,,,
41,현대자동차(주),승용(소형),GV60 성능형 4WD 21인치,JWFL-EV-G7A-PF4-21,전기(EV),변경인증,SMY-HD-21-3,2025-05-19,,,,,,
42,현대자동차(주),승용(소형),GV60 4WD 19인치,JWFL-EV-G7A-ST4-19,전기(EV),변경인증,SMY-HD-21-4,2025-05-19,,,,,,
43,현대자동차(주),승용(소형),GV60 4WD 20인치,JWFL-EV-G7A-ST4-20,전기(EV),변경인증,SMY-HD-21-4,2025-05-19,,,,,,
44,기아(주),승용(소형),EV4 기본형 2WD 19인치,CT1-EV-G7A-ST2W-19,전기(EV),변경인증,SMY-KM-21-8,2025-05-19,,,,,,
45,기아(주),승용(소형),EV4 기본형 2WD 17인치,CT1-EV-G7A-ST2W-17,전기(EV),변경인증,SMY-KM-21-8,2025-05-19,,,,,,
46,기아(주),승용(소형),EV4 항속형 2WD 17인치,CT1-EV-G7A-EX2W-17,전기(EV),변경인증,SMY-KM-21-9,2025-05-19,,,,,,
47,기아(주),승용(소형),EV4 항속형 2WD 19인치 GT-Line,CT1-EV-G7A-EX2W-19-GTL,전기(EV),변경인증,SMY-KM-21-9,2025-05-19,,,,,,
48,기아(주),승용(소형),EV4 항속형 2WD 19인치,CT1-EV-G7A-EX2W-19,전기(EV),변경인증,SMY-KM-21-9,2025-05-19,,,,,,
49,현대자동차(주),승용(소형),아이오닉9 성능형 AWD 21인치 7인,ME1-EV7-G7A-PF4W-21,전기(EV),변경인증,RMY-HD-21-40,2025-05-18,,,,,,
50,현대자동차(주),승용(소형),아이오닉9 성능형 AWD 19인치 7인,ME1-EV7-G7A-PF4W-19,전기(EV),변경인증,RMY-HD-21-40,2025-05-18,,,,,,
51,현대자동차(주),승용(소형),아이오닉9 성능형 AWD 19인치 6인,ME1-EV6-G7A-PF4W-19,전기(EV),변경인증,RMY-HD-21-40,2025-05-18,,,,,,
52,현대자동차(주),승용(소형),아이오닉9 성능형 AWD 21인치 6인,ME1-EV6-G7A-PF4W-21,전기(EV),변경인증,RMY-HD-21-40,2025-05-18,,,,,,
53,현대자동차(주),승용(소형),아이오닉9 항속형 AWD 19인치 6인,ME1-EV6-G7A-LR4W-19,전기(EV),변경인증,RMY-HD-21-41,2025-05-18,,,,,,
54,현대자동차(주),승용(소형),아이오닉9 항속형 AWD 19인치 7인,ME1-EV7-G7A-LR4W-19,전기(EV),변경인증,RMY-HD-21-41,2025-05-18,,,,,,
55,현대자동차(주),승용(소형),아이오닉9 항속형 AWD 21인치 6인,ME1-EV6-G7A-LR4W-21,전기(EV),변경인증,RMY-HD-21-41,2025-05-18,,,,,,
56,현대자동차(주),승용(소형),아이오닉9 항속형 AWD 21인치 7인,ME1-EV7-G7A-LR4W-21,전기(EV),변경인증,RMY-HD-21-41,2025-05-18,,,,,,
57,현대자동차(주),승용(소형),아이오닉9 항속형 RWD 19인치 6인,ME1-EV6-G7A-LR2W-19,전기(EV),변경인증,RMY-HD-21-42,2025-05-18,,,,,,
58,현대자동차(주),승용(소형),아이오닉9 항속형 RWD 21인치 7인,ME1-EV7-G7A-LR2W-21,전기(EV),변경인증,RMY-HD-21-42,2025-05-18,,,,,,
59,현대자동차(주),승용(소형),아이오닉9 항속형 RWD 19인치 7인,ME1-EV7-G7A-LR2W-19,전기(EV),변경인증,RMY-HD-21-42,2025-05-18,,,,,,
60,현대자동차(주),승용(소형),아이오닉9 항속형 RWD 21인치 6인,ME1-EV6-G7A-LR2W-21,전기(EV),변경인증,RMY-HD-21-42,2025-05-18,,,,,,
61,기아(주),승용(소형),EV9 4WD 21인치 7인,MV1-EV7-G7A-4W-21,전기(EV),변경인증,PMY-KM-21-13,2025-05-16,,,,,,
62,기아(주),승용(소형),EV9 4WD 21인치 6인,MV1-EV6-G7A-4W-21,전기(EV),변경인증,PMY-KM-21-13,2025-05-16,,,,,,
63,기아(주),승용(소형),EV9 4WD 19인치 7인,MV1-EV7-G7A-4W-19,전기(EV),변경인증,PMY-KM-21-13,2025-05-16,,,,,,
64,기아(주),승용(소형),EV9 4WD 19인치 6인,MV1-EV6-G7A-4W-19,전기(EV),변경인증,PMY-KM-21-13,2025-05-16,,,,,,
65,기아(주),승용(소형),EV9 2WD 20인치 7인,MV1-EV7-G7A-2W-20,전기(EV),변경인증,PMY-KM-21-14,2025-05-16,,,,,,
66,기아(주),승용(소형),EV9 2WD 20인치 6인,MV1-EV6-G7A-2W-20,전기(EV),변경인증,PMY-KM-21-14,2025-05-16,,,,,,
67,기아(주),승용(소형),EV9 2WD 19인치 7인,MV1-EV7-G7A-2W-19,전기(EV),변경인증,PMY-KM-21-14,2025-05-16,,,,,,
68,기아(주),승용(소형),EV9 2WD 19인치 6인,MV1-EV6-G7A-2W-19,전기(EV),변경인증,PMY-KM-21-14,2025-05-16,,,,,,
69,기아(주),승용(소형),EV9 GTL 4WD 21인치 7인,MV1-EV7-G7A-GTL4W-21,전기(EV),변경인증,PMY-KM-21-15,2025-05-16,,,,,,
70,기아(주),승용(소형),EV9 GTL 4WD 21인치 6인,MV1-EV6-G7A-GTL4W-21,전기(EV),변경인증,PMY-KM-21-15,2025-05-16,,,,,,
71,케이지모빌리티(주),승용(소형),토레스 EVX 2WD 18인치,U5MLI2H,전기(EV),변경인증,PMY-SY-21-19,2025-05-16,,,,,,
72,케이지모빌리티(주),승용(소형),토레스 EVX 2WD 20인치,U5MLI2H,전기(EV),변경인증,PMY-SY-21-25,2025-05-16,,,,,,
73,현대자동차(주),화물(중형),ST1 기본형 샤시캡 17인치,A01-EV2-G7A-ST2-CHC-17,전기(EV),변경인증,RMY-HD-21-23,2025-05-16,,,,,,
74,현대자동차(주),화물(중형),ST1 기본형 하이탑 17인치,A01-EV2-G7A-ST2-HDVSS-17,전기(EV),변경인증,RMY-HD-21-7,2025-05-16,,,,,,
75,현대자동차(주),화물(중형),ST1 기본형 카고 17인치,A01-EV2-G7A-ST2-DVSS-17,전기(EV),변경인증,RMY-HD-21-7,2025-05-16,,,,,,
76,현대자동차(주),화물(중형),ST1 기본형 카고 냉동 17인치,A01-EV2-G7A-ST2-RTSS-17,전기(EV),변경인증,RMY-HD-21-7,2025-05-16,,,,,,
77,기아(주),승용(소형),EV9 기본형 2WD 19인치 6인,MV1-EV6-G7A-ST2W-19,전기(EV),변경인증,RMY-KM-21-31,2025-05-16,,,,,,
78,기아(주),승용(소형),EV9 기본형 2WD 19인치 7인,MV1-EV7-G7A-ST2W-19,전기(EV),변경인증,RMY-KM-21-31,2025-05-16,,,,,,
79,케이지모빌리티(주),승용(소형),토레스 EVX 18인치,U5MLI2H18,전기(EV),변경인증,RMY-SY-21-34,2025-05-16,,,,,,
80,케이지모빌리티(주),승용(소형),토레스 EVX 20인치,U5MLI2H20,전기(EV),변경인증,RMY-SY-21-35,2025-05-16,,,,,,
81,케이지모빌리티(주),화물(중형),토레스 EVX VAN 18인치,U5MLI2HV,전기(EV),변경인증,RMY-SY-21-4,2025-05-16,,,,,,
82,케이지모빌리티(주),화물(중형),MUSSO EV 2WD 17인치,O5MLI2H17,전기(EV),변경인증,RMY-SY-21-43,2025-05-16,,,,,,
83,케이지모빌리티(주),화물(중형),토레스 EVX VAN 20인치,U5MLI2HV,전기(EV),변경인증,RMY-SY-21-5,2025-05-16,,,,,,
84,케이지모빌리티(주),화물(중형),토레스 EVX 밴 20인치,U2MLI2HV20,전기(EV),변경인증,SMY-SY-21-11,2025-05-16,,,,,,
85,케이지모빌리티(주),화물(중형),MUSSO EV AWD 17인치,O5MLIAH17,전기(EV),변경인증,SMY-SY-21-12,2025-05-16,,,,,,
86,케이지모빌리티(주),화물(중형),토레스 EVX 밴 18인치,U2MLI2HV18,전기(EV),변경인증,SMY-SY-21-14,2025-05-16,,,,,,
87,케이지모빌리티(주),승용(소형),토레스 EVX 2WD 18인치,U5MLI2H,전기(EV),변경인증,PMY-SY-21-19,2025-05-15,,,,,,
88,케이지모빌리티(주),승용(소형),토레스 EVX 2WD 20인치,U5MLI2H,전기(EV),변경인증,PMY-SY-21-25,2025-05-15,,,,,,
89,케이지모빌리티(주),승용(소형),토레스 EVX 18인치,U5MLI2H18,전기(EV),변경인증,RMY-SY-21-34,2025-05-15,,,,,,
90,케이지모빌리티(주),승용(소형),토레스 EVX 20인치,U5MLI2H20,전기(EV),변경인증,RMY-SY-21-35,2025-05-15,,,,,,
91,케이지모빌리티(주),화물(중형),토레스 EVX VAN 18인치,U5MLI2HV,전기(EV),변경인증,RMY-SY-21-4,2025-05-15,,,,,,
92,케이지모빌리티(주),화물(중형),MUSSO EV 2WD 17인치,O5MLI2H17,전기(EV),변경인증,RMY-SY-21-43,2025-05-15,,,,,,
93,케이지모빌리티(주),화물(중형),토레스 EVX VAN 20인치,U5MLI2HV,전기(EV),변경인증,RMY-SY-21-5,2025-05-15,,,,,,
94,케이지모빌리티(주),승용(소형),코란도 EV 2WD,E5MLI2H,전기(EV),변경인증,RMY-SY-21-8,2025-05-15,,,,,,
95,케이지모빌리티(주),화물(중형),토레스 EVX 밴 20인치,U2MLI2HV20,전기(EV),변경인증,SMY-SY-21-11,2025-05-15,,,,,,
96,케이지모빌리티(주),화물(중형),MUSSO EV AWD 17인치,O5MLIAH17,전기(EV),변경인증,SMY-SY-21-12,2025-05-15,,,,,,
97,케이지모빌리티(주),화물(중형),토레스 EVX 밴 18인치,U2MLI2HV18,전기(EV),변경인증,SMY-SY-21-14,2025-05-15,,,,,,
98,(주)일진정공,화물(중형),일진무시동전기탑차ST1,IJ1.0ER-ST1-HD1.0,전기(EV),신규인증,SMY-IJ-21-23,2025-05-13,328,215,277,254,221,239
99,타타대우모빌리티(주),화물(대형),기쎈,FE5NE1,전기(EV),신규인증,SMY-TD-21-22,2025-05-13,,,260,,,
100,(주)에스엘모터스,이륜,WIND-K2T,K2-BL72DC,전기(EV),신규인증,SMY-SL-21-21,2025-05-12,61.9,,,47.4,,
101,현대자동차(주),승용(초대형),일렉시티 이층버스,EC2F701-A216P-C,전기(EV),변경인증,LMY-HD-21-82,2025-05-08,,,,,,
102,(주)일진정공,화물(중형),일진무시동전기냉동탑차ST1,IJ1.0ER-ST1-HD1.0,전기(EV),신규인증,SMY-IJ-21-20,2025-05-01,357,221,295,215,205,210
103,현대자동차(주),승용(소형),캐스퍼 EV 항속형 15인치,AX-EV-G7A-LR2W-15,전기(EV),변경인증,RMY-HD-21-19,2025-04-28,,,,,,
104,현대자동차(주),승용(소형),캐스퍼 EV 항속형 17인치,AX-EV-G7A-LR2W-17,전기(EV),변경인증,RMY-HD-21-19,2025-04-28,,,,,,
105,현대자동차(주),승용(소형),G80 Electrified,RG3PE-EV-G7A,전기(EV),변경인증,RMY-HD-21-21,2025-04-28,,,,,,
106,현대자동차(주),승용(소형),캐스퍼 EV 기본형 15인치,AX-EV-G7A-STD-15,전기(EV),변경인증,RMY-HD-21-24,2025-04-28,,,,,,
107,현대자동차(주),승용(소형),캐스퍼 EV CROSS 바스켓 루프랙 17인치,AX-EV-G7A-CSBS-17,전기(EV),변경인증,RMY-HD-21-29,2025-04-28,,,,,,
108,현대자동차(주),승용(소형),캐스퍼 EV CROSS 17인치,AX-EV-G7A-CSBR-17,전기(EV),변경인증,RMY-HD-21-29,2025-04-28,,,,,,
109,(주)와코,이륜,X10A,KW080X10A-2W,전기(EV),신규인증,SMY-WM-21-19,2025-04-28,58.1,,,42.5,,
110,(주)윙윙시스템,승용(대형),윙윙트라베리어린이운송차,YBL6591QBEV4,전기(EV),신규인증,SMY-WW-21-15,2025-04-23,,,361,,,
111,(주)윙윙시스템,승용(대형),동일차_1,,전기(EV),신규인증,SMY-WW-21-15,2025-04-23,,,361,,,
112,현대자동차(주),화물(중형),포터 일렉트릭 전동식 윙바디,HR-EV-G7A-SE-2WD-A-NW,전기(EV),신규인증,SMY-HD-21-17,2025-04-18,200,144,175,141,140,141
113,현대자동차(주),화물(중형),포터 일렉트릭 파워게이트,HR-EV-G7A-SE-2WD-NP,전기(EV),신규인증,SMY-HD-21-17,2025-04-18,200,144,175,141,140,141
114,현대자동차(주),화물(중형),포터 일렉트릭 저상내장탑,HR-EV-G7A-SE-2WD-LD,전기(EV),신규인증,SMY-HD-21-17,2025-04-18,200,144,175,141,140,141
115,현대자동차(주),화물(중형),포터 일렉트릭 하이내장탑,HR-EV-G7A-SE-2WD-HD,전기(EV),신규인증,SMY-HD-21-17,2025-04-18,200,144,175,141,140,141
116,현대자동차(주),화물(중형),포터 일렉트릭 특장차,HR-EV-G7A-SE-2WD-M-NW,전기(EV),신규인증,SMY-HD-21-17,2025-04-18,200,144,175,141,140,141
117,현대자동차(주),화물(중형),포터 일렉트릭 내장탑,HR-EV-G7A-SE-2WD-ND,전기(EV),신규인증,SMY-HD-21-17,2025-04-18,200,144,175,141,140,141
118,기아(주),화물(중형),봉고 전기차 하이 내장차,PU-EV-G7A-2WD-PDVSS,전기(EV),신규인증,SMY-KM-21-16,2025-04-18,215,148,185,155,146,151
119,기아(주),화물(중형),봉고 전기차 내장차,PU-EV-G7A-2WD-DVSS,전기(EV),신규인증,SMY-KM-21-16,2025-04-18,215,148,185,155,146,151
120,기아(주),화물(중형),봉고 전기차 냉동차,PU-EV-G7A-2WD-RTSS,전기(EV),신규인증,SMY-KM-21-16,2025-04-18,215,148,185,155,146,151
121,기아(주),화물(중형),봉고 전기차 로우 미닫이차,PU-EV-G7A-2WD-LDTSLD,전기(EV),신규인증,SMY-KM-21-16,2025-04-18,215,148,185,155,146,151
122,기아(주),화물(중형),봉고 전기차 미닫이차,PU-EV-G7A-2WD-DTSLD,전기(EV),신규인증,SMY-KM-21-16,2025-04-18,215,148,185,155,146,151
123,기아(주),화물(중형),봉고 전기차 파워게이트,PU-EV-G7A-2WD-APGT,전기(EV),신규인증,SMY-KM-21-16,2025-04-18,215,148,185,155,146,151
124,기아(주),화물(중형),봉고 전기차 파워게이트,PU-EV-G7A-2WD-TPGT,전기(EV),신규인증,SMY-KM-21-16,2025-04-18,215,148,185,155,146,151
125,기아(주),화물(중형),봉고 전기차 파워게이트,PU-EV-G7A-2WD-PGT,전기(EV),신규인증,SMY-KM-21-16,2025-04-18,215,148,185,155,146,151
126,기아(주),화물(중형),봉고 전기차 로우 냉동차,PU-EV-G7A-2WD-LRTSS,전기(EV),신규인증,SMY-KM-21-16,2025-04-18,215,148,185,155,146,151
127,기아(주),화물(중형),봉고 전기차 특장차,PU-EV-G7A-2WD-WBP,전기(EV),신규인증,SMY-KM-21-16,2025-04-18,215,148,185,155,146,151
128,기아(주),화물(중형),봉고 전기차 로우 내장차,PU-EV-G7A-2WD-LDVSS,전기(EV),신규인증,SMY-KM-21-16,2025-04-18,215,148,185,155,146,151
129,기아(주),승용(소형),EV9 4WD 19인치 6인,MV1-EV6-G7A-4W-19,전기(EV),변경인증,PMY-KM-21-13,2025-04-17,,,,,,
130,기아(주),승용(소형),EV9 4WD 19인치 7인,MV1-EV7-G7A-4W-19,전기(EV),변경인증,PMY-KM-21-13,2025-04-17,,,,,,
131,기아(주),승용(소형),EV9 4WD 21인치 6인,MV1-EV6-G7A-4W-21,전기(EV),변경인증,PMY-KM-21-13,2025-04-17,,,,,,
132,기아(주),승용(소형),EV9 4WD 21인치 7인,MV1-EV7-G7A-4W-21,전기(EV),변경인증,PMY-KM-21-13,2025-04-17,,,,,,
133,기아(주),승용(소형),EV9 2WD 20인치 7인,MV1-EV7-G7A-2W-20,전기(EV),변경인증,PMY-KM-21-14,2025-04-17,,,,,,
134,기아(주),승용(소형),EV9 2WD 20인치 6인,MV1-EV6-G7A-2W-20,전기(EV),변경인증,PMY-KM-21-14,2025-04-17,,,,,,
135,기아(주),승용(소형),EV9 2WD 19인치 7인,MV1-EV7-G7A-2W-19,전기(EV),변경인증,PMY-KM-21-14,2025-04-17,,,,,,
136,기아(주),승용(소형),EV9 2WD 19인치 6인,MV1-EV6-G7A-2W-19,전기(EV),변경인증,PMY-KM-21-14,2025-04-17,,,,,,
137,기아(주),승용(소형),EV9 GTL 4WD 21인치 7인,MV1-EV7-G7A-GTL4W-21,전기(EV),변경인증,PMY-KM-21-15,2025-04-17,,,,,,
138,기아(주),승용(소형),EV9 GTL 4WD 21인치 6인,MV1-EV6-G7A-GTL4W-21,전기(EV),변경인증,PMY-KM-21-15,2025-04-17,,,,,,
139,현대자동차(주),화물(중형),ST1 기본형 샤시캡 17인치,A01-EV2-G7A-ST2-CHC-17,전기(EV),변경인증,RMY-HD-21-23,2025-04-17,,,,,,
140,현대자동차(주),화물(중형),ST1 기본형 카고 냉동 17인치,A01-EV2-G7A-ST2-RTSS-17,전기(EV),변경인증,RMY-HD-21-7,2025-04-17,,,,,,
141,현대자동차(주),화물(중형),ST1 기본형 카고 17인치,A01-EV2-G7A-ST2-DVSS-17,전기(EV),변경인증,RMY-HD-21-7,2025-04-17,,,,,,
142,현대자동차(주),화물(중형),ST1 기본형 하이탑 17인치,A01-EV2-G7A-ST2-HDVSS-17,전기(EV),변경인증,RMY-HD-21-7,2025-04-17,,,,,,
143,기아(주),승용(소형),EV9 기본형 2WD 19인치 6인,MV1-EV6-G7A-ST2W-19,전기(EV),변경인증,RMY-KM-21-31,2025-04-17,,,,,,
144,기아(주),승용(소형),EV9 기본형 2WD 19인치 7인,MV1-EV7-G7A-ST2W-19,전기(EV),변경인증,RMY-KM-21-31,2025-04-17,,,,,,
145,기아(주),승용(소형),EV9 GT 21인치,MV1-EV6-G7A-GT4W-21,전기(EV),변경인증,RMY-KM-21-44,2025-04-17,,,,,,
146,기아(주),경자동차,레이 EV,TAM-EV2-G7A-14V2,전기(EV),변경인증,PMY-KM-21-21,2025-04-16,239,177,211,172,181,176
147,기아(주),경자동차,레이 EV,TAM-EV1-G7A-14V1,전기(EV),변경인증,PMY-KM-21-21,2025-04-16,239,177,211,172,181,176
148,기아(주),경자동차,레이 EV,TAM-EV4-G7A-14WG,전기(EV),변경인증,PMY-KM-21-21,2025-04-16,239,177,211,172,181,176
149,케이지모빌리티(주),화물(중형),토레스 EVX 밴 18인치,U2MLI2HV18,전기(EV),신규인증,SMY-SY-21-14,2025-04-11,461,392,430,335,377,354
150,현대자동차(주),승용(소형),코나 일렉트릭(항속형) 19인치,SX2-EV-G7A-EX2-19,전기(EV),변경인증,PMY-HD-21-11,2025-04-09,,,,,,
151,현대자동차(주),승용(소형),코나 일렉트릭(항속형) 17인치,SX2-EV-G7A-EX2-17,전기(EV),변경인증,PMY-HD-21-11,2025-04-09,,,,,,
152,현대자동차(주),승용(소형),코나 일렉트릭(N-Line) 19인치,SX2-EV-G7A-EX2-NL-19,전기(EV),변경인증,PMY-HD-21-11,2025-04-09,,,,,,
153,현대자동차(주),승용(소형),코나 일렉트릭(기본형),SX2-EV-G7A-ST2-17,전기(EV),변경인증,PMY-HD-21-12,2025-04-09,,,,,,
154,현대자동차(주),승용(소형),GV70 Electrified 19인치,JK1FL-EV-G7A-19,전기(EV),변경인증,RMY-HD-21-28,2025-04-09,,,,,,
155,현대자동차(주),승용(소형),GV70 Electrified 20인치,JK1FL-EV-G7A-20,전기(EV),변경인증,RMY-HD-21-28,2025-04-09,,,,,,
156,현대자동차(주),승용(소형),아이오닉9 성능형 AWD 19인치 6인,ME1-EV6-G7A-PF4W-19,전기(EV),변경인증,RMY-HD-21-40,2025-04-09,,,,,,
157,현대자동차(주),승용(소형),아이오닉9 성능형 AWD 19인치 7인,ME1-EV7-G7A-PF4W-19,전기(EV),변경인증,RMY-HD-21-40,2025-04-09,,,,,,
158,현대자동차(주),승용(소형),아이오닉9 성능형 AWD 21인치 7인,ME1-EV7-G7A-PF4W-21,전기(EV),변경인증,RMY-HD-21-40,2025-04-09,,,,,,
159,현대자동차(주),승용(소형),아이오닉9 성능형 AWD 21인치 6인,ME1-EV6-G7A-PF4W-21,전기(EV),변경인증,RMY-HD-21-40,2025-04-09,,,,,,
160,현대자동차(주),승용(소형),아이오닉9 항속형 AWD 19인치 7인,ME1-EV7-G7A-LR4W-19,전기(EV),변경인증,RMY-HD-21-41,2025-04-09,,,,,,
161,현대자동차(주),승용(소형),아이오닉9 항속형 AWD 19인치 6인,ME1-EV6-G7A-LR4W-19,전기(EV),변경인증,RMY-HD-21-41,2025-04-09,,,,,,
162,현대자동차(주),승용(소형),아이오닉9 항속형 AWD 21인치 7인,ME1-EV7-G7A-LR4W-21,전기(EV),변경인증,RMY-HD-21-41,2025-04-09,,,,,,
163,현대자동차(주),승용(소형),아이오닉9 항속형 AWD 21인치 6인,ME1-EV6-G7A-LR4W-21,전기(EV),변경인증,RMY-HD-21-41,2025-04-09,,,,,,
164,현대자동차(주),승용(소형),아이오닉9 항속형 RWD 21인치 7인,ME1-EV7-G7A-LR2W-21,전기(EV),변경인증,RMY-HD-21-42,2025-04-09,,,,,,
165,현대자동차(주),승용(소형),아이오닉9 항속형 RWD 21인치 6인,ME1-EV6-G7A-LR2W-21,전기(EV),변경인증,RMY-HD-21-42,2025-04-09,,,,,,
166,현대자동차(주),승용(소형),아이오닉9 항속형 RWD 19인치 7인,ME1-EV7-G7A-LR2W-19,전기(EV),변경인증,RMY-HD-21-42,2025-04-09,,,,,,
167,현대자동차(주),승용(소형),아이오닉9 항속형 RWD 19인치 6인,ME1-EV6-G7A-LR2W-19,전기(EV),변경인증,RMY-HD-21-42,2025-04-09,,,,,,
168,현대자동차(주),승용(소형),GV60 RWD 19인치,JWFL-EV-G7A-ST2-19,전기(EV),변경인증,SMY-HD-21-2,2025-04-09,,,,,,
169,현대자동차(주),승용(소형),GV60 성능형 4WD 21인치,JWFL-EV-G7A-PF4-21,전기(EV),변경인증,SMY-HD-21-3,2025-04-09,,,,,,
170,현대자동차(주),승용(소형),GV60 4WD 20인치,JWFL-EV-G7A-ST4-20,전기(EV),변경인증,SMY-HD-21-4,2025-04-09,,,,,,
171,현대자동차(주),승용(소형),GV60 4WD 19인치,JWFL-EV-G7A-ST4-19,전기(EV),변경인증,SMY-HD-21-4,2025-04-09,,,,,,
172,현대자동차(주),승용(소형),아이오닉6 기본형 RWD 18인치,CE1-EV-G7A-ST2-18D,전기(EV),변경인증,NMY-HD-21-30,2025-04-08,,,,,,
173,현대자동차(주),승용(소형),아이오닉6 항속형 AWD 20인치,CE1-EV-G7A-EX4-20D,전기(EV),변경인증,NMY-HD-21-36,2025-04-08,,,,,,
174,현대자동차(주),승용(소형),아이오닉6 항속형 AWD 18인치,CE1-EV-G7A-EX4-18D,전기(EV),변경인증,NMY-HD-21-36,2025-04-08,,,,,,
175,현대자동차(주),승용(소형),아이오닉6 항속형 RWD 20인치,CE1-EV-G7A-EX2-20D,전기(EV),변경인증,NMY-HD-21-37,2025-04-08,,,,,,
176,현대자동차(주),승용(소형),아이오닉6 항속형 RWD 18인치,CE1-EV-G7A-EX2-18D,전기(EV),변경인증,NMY-HD-21-37,2025-04-08,,,,,,
177,기아(주),승용(소형),니로 EV 17인치,SG2-EV-G7A-17,전기(EV),변경인증,NMY-KM-21-17,2025-04-08,,,,,,
178,기아(주),승용(소형),EV6 항속형 2WD 개조차 19인치,CVPE-EV-G7A-EX2-19D,전기(EV),변경인증,RMY-KM-21-12,2025-04-08,,,,,,
179,기아(주),승용(소형),EV6 항속형 2WD 개조차 20인치,CVPE-EV-G7A-EX2-20D,전기(EV),변경인증,RMY-KM-21-12,2025-04-08,,,,,,
180,기아(주),승용(소형),EV6 항속형 4WD 개조차 20인치,CVPE-EV-G7A-EX4-20D,전기(EV),변경인증,RMY-KM-21-13,2025-04-08,,,,,,
181,기아(주),승용(소형),EV6 항속형 4WD 개조차 19인치,CVPE-EV-G7A-EX4-19D,전기(EV),변경인증,RMY-KM-21-13,2025-04-08,,,,,,
182,기아(주),승용(소형),EV3 항속형 2WD 19인치,SV-EV-G7A-EX2W-19D,전기(EV),변경인증,RMY-KM-21-16,2025-04-08,,,,,,
183,기아(주),승용(소형),EV3 항속형 2WD 17인치,SV-EV-G7A-EX2W-17D,전기(EV),변경인증,RMY-KM-21-16,2025-04-08,,,,,,
184,기아(주),승용(소형),EV3 기본형 2WD,SV-EV-G7A-ST2W,전기(EV),변경인증,RMY-KM-21-17,2025-04-08,,,,,,
185,기아(주),승용(소형),EV6 GT 개조차,CVPE-EV-G7A-GT,전기(EV),변경인증,RMY-KM-21-27,2025-04-08,,,,,,
186,기아(주),승용(소형),EV6 기본형 2WD 개조차 19인치,CVPE-EV-G7A-ST2-19D,전기(EV),변경인증,RMY-KM-21-28,2025-04-08,,,,,,
187,기아(주),승용(소형),EV4 기본형 2WD 19인치,CT1-EV-G7A-ST2W-19,전기(EV),변경인증,SMY-KM-21-8,2025-04-08,,,,,,
188,기아(주),승용(소형),EV4 기본형 2WD 17인치,CT1-EV-G7A-ST2W-17,전기(EV),변경인증,SMY-KM-21-8,2025-04-08,,,,,,
189,기아(주),승용(소형),EV4 항속형 2WD 19인치,CT1-EV-G7A-EX2W-19,전기(EV),변경인증,SMY-KM-21-9,2025-04-08,,,,,,
190,기아(주),승용(소형),EV4 항속형 2WD 19인치 GT-Line,CT1-EV-G7A-EX2W-19-GTL,전기(EV),변경인증,SMY-KM-21-9,2025-04-08,,,,,,
191,기아(주),승용(소형),EV4 항속형 2WD 17인치,CT1-EV-G7A-EX2W-17,전기(EV),변경인증,SMY-KM-21-9,2025-04-08,,,,,,
192,현대자동차(주),승용(소형),아이오닉5 N,NEN-EV-G7A-ST4,전기(EV),변경인증,PMY-HD-21-22,2025-04-02,,,,,,
193,현대자동차(주),승용(소형),아이오닉5 N-line RWD,NEPE-EV-G7A-LR2W-NL,전기(EV),변경인증,RMY-HD-21-10,2025-04-02,,,,,,
194,현대자동차(주),승용(소형),아이오닉5 N-line AWD,NEPE-EV-G7A-LR4W-NL,전기(EV),변경인증,RMY-HD-21-11,2025-04-02,,,,,,
195,현대자동차(주),승용(소형),아이오닉5 기본형 RWD 개조차,NEPE-EV-G7A-ST2W,전기(EV),변경인증,RMY-HD-21-20,2025-04-02,,,,,,
196,현대자동차(주),승용(소형),아이오닉5 항속형 RWD 개조차,NEPE-EV-G7A-LR2W,전기(EV),변경인증,RMY-HD-21-3,2025-04-02,,,,,,
197,현대자동차(주),화물(중형),ST1 기본형 카고 냉동 17인치,A01-EV2-G7A-ST2-RTSS-17,전기(EV),변경인증,RMY-HD-21-7,2025-04-02,,,,,,
198,현대자동차(주),화물(중형),ST1 기본형 카고 17인치,A01-EV2-G7A-ST2-DVSS-17,전기(EV),변경인증,RMY-HD-21-7,2025-04-02,,,,,,
199,현대자동차(주),화물(중형),ST1 기본형 하이탑 17인치,A01-EV2-G7A-ST2-HDVSS-17,전기(EV),변경인증,RMY-HD-21-7,2025-04-02,,,,,,
200,현대자동차(주),승용(소형),아이오닉5 항속형 AWD 개조차 20인치,NEPE-EV-G7A-LR4W-20,전기(EV),변경인증,RMY-HD-21-9,2025-04-02,,,,,,
201,현대자동차(주),승용(소형),아이오닉5 항속형 AWD 개조차 19인치,NEPE-EV-G7A-LR4W-19,전기(EV),변경인증,RMY-HD-21-9,2025-04-02,,,,,,
202,케이지모빌리티(주),화물(중형),MUSSO EV AWD 17인치,O5MLIAH17,전기(EV),신규인증,SMY-SY-21-12,2025-04-01,365,313,342,292,304,297
203,케이지모빌리티(주),화물(중형),토레스 EVX 밴 20인치,U2MLI2HV20,전기(EV),신규인증,SMY-SY-21-11,2025-03-31,448,387,421,336,378,355
204,현대자동차(주),승용(대형),카운티 일렉트릭,ECS2017-24E6P-C,전기(EV),변경인증,NMY-HD-21-42,2025-03-18,,,338.3,,,
205,현대자동차(주),승용(대형),카운티 일렉트릭,ECS2313-24E6P-C,전기(EV),변경인증,NMY-HD-21-42,2025-03-18,,,338.3,,,
206,현대자동차(주),승용(대형),카운티 일렉트릭,ECS2313-22E6P-C,전기(EV),변경인증,NMY-HD-21-42,2025-03-18,,,338.3,,,
207,현대자동차(주),승용(대형),카운티 일렉트릭,ECS2313-24E6P-C,전기(EV),변경인증,NMY-HD-21-42,2025-03-18,,,338.3,,,
208,현대자동차(주),승용(대형),카운티 일렉트릭,ECS2313-23E6P-C,전기(EV),변경인증,NMY-HD-21-42,2025-03-18,,,338.3,,,
209,현대자동차(주),승용(대형),카운티 일렉트릭,ECS2017-23E6P-C,전기(EV),변경인증,NMY-HD-21-42,2025-03-18,,,338.3,,,
210,현대자동차(주),승용(대형),카운티 일렉트릭,ECS2017-22E6P-C,전기(EV),변경인증,NMY-HD-21-42,2025-03-18,,,338.3,,,
211,현대자동차(주),승용(대형),카운티 일렉트릭,ECS2017-24E6P-C,전기(EV),변경인증,NMY-HD-21-42,2025-03-18,,,338.3,,,
212,현대자동차(주),승용(대형),카운티 일렉트릭,ECS282-24E6P-CH15,전기(EV),변경인증,NMY-HD-21-41,2025-03-17,,,,,,
213,현대자동차(주),승용(대형),카운티 일렉트릭,ECS312-24E6P-CH15,전기(EV),변경인증,NMY-HD-21-41,2025-03-17,,,,,,
214,현대자동차(주),승용(대형),카운티 일렉트릭,ECS282-24E6P-3CH15,전기(EV),변경인증,NMY-HD-21-41,2025-03-17,,,,,,
215,현대자동차(주),승용(대형),카운티 일렉트릭,ECS312-24E6P-3CH15,전기(EV),변경인증,NMY-HD-21-41,2025-03-17,,,,,,
216,현대자동차(주),승용(대형),카운티 일렉트릭,ECS221-25E6P-TB,전기(EV),변경인증,NMY-HD-21-41,2025-03-17,,,,,,
217,현대자동차(주),승용(대형),카운티 일렉트릭,ECS282-25E6P-CH15,전기(EV),변경인증,NMY-HD-21-41,2025-03-17,,,,,,
218,현대자동차(주),승용(대형),카운티 일렉트릭,ECS312-25E6P-CH15,전기(EV),변경인증,NMY-HD-21-41,2025-03-17,,,,,,
219,현대자동차(주),승용(대형),카운티 일렉트릭,ECS282-25E6P-3CH15,전기(EV),변경인증,NMY-HD-21-41,2025-03-17,,,,,,
220,현대자동차(주),승용(대형),카운티 일렉트릭,ECS312-25E6P-3CH15,전기(EV),변경인증,NMY-HD-21-41,2025-03-17,,,,,,
221,현대자동차(주),승용(대형),카운티 일렉트릭,ECS312-23E6P-3CH15,전기(EV),변경인증,NMY-HD-21-41,2025-03-17,,,,,,
222,현대자동차(주),승용(대형),카운티 일렉트릭,ECS282-23E6P-3CH15,전기(EV),변경인증,NMY-HD-21-41,2025-03-17,,,,,,
223,현대자동차(주),승용(대형),카운티 일렉트릭,ECS312-23E6P-CH15,전기(EV),변경인증,NMY-HD-21-41,2025-03-17,,,,,,
224,현대자동차(주),승용(대형),카운티 일렉트릭,ECS282-23E6P-CH15,전기(EV),변경인증,NMY-HD-21-41,2025-03-17,,,,,,
225,현대자동차(주),승용(대형),카운티 일렉트릭,ECS221-23E6P-TB,전기(EV),변경인증,NMY-HD-21-41,2025-03-17,,,,,,
226,현대자동차(주),승용(대형),카운티 일렉트릭,ECS312-22E6P-CH15,전기(EV),변경인증,NMY-HD-21-41,2025-03-17,,,,,,
227,현대자동차(주),승용(대형),카운티 일렉트릭,ECS282-22E6P-CH15,전기(EV),변경인증,NMY-HD-21-41,2025-03-17,,,,,,
228,현대자동차(주),승용(대형),카운티 일렉트릭,ECS312-22E6P-3CH15,전기(EV),변경인증,NMY-HD-21-41,2025-03-17,,,,,,
229,현대자동차(주),승용(대형),카운티 일렉트릭,ECS282-22E6P-3CH15,전기(EV),변경인증,NMY-HD-21-41,2025-03-17,,,,,,
230,현대자동차(주),승용(대형),카운티 일렉트릭,ECS221-24E6P-TB,전기(EV),변경인증,NMY-HD-21-41,2025-03-17,,,,,,
231,(주)대동모빌리티,이륜,지에스100라이트 플러그인,GS700,전기(EV),변경인증,RMY-DM-21-18,2025-03-17,60.6,,,43.2,,
232,기아(주),화물(중형),봉고 전기차,PU-EV-G7A-2WD,전기(EV),신규인증,SMY-KM-21-10,2025-03-11,267,193,233,190,189,189
233,기아(주),승용(소형),EV4 기본형 2WD 19인치,CT1-EV-G7A-ST2W-19,전기(EV),신규인증,SMY-KM-21-8,2025-03-11,385,334,362,272,314,291
234,기아(주),승용(소형),EV4 기본형 2WD 17인치,CT1-EV-G7A-ST2W-17,전기(EV),신규인증,SMY-KM-21-8,2025-03-11,417,358,391,282,334,305
235,기아(주),승용(소형),EV4 항속형 2WD 19인치 GT-Line,CT1-EV-G7A-EX2W-19-GTL,전기(EV),신규인증,SMY-KM-21-9,2025-03-11,545,464,509,397,451,421
236,기아(주),승용(소형),EV4 항속형 2WD 19인치,CT1-EV-G7A-EX2W-19,전기(EV),신규인증,SMY-KM-21-9,2025-03-11,551,469,514,385,440,410
237,기아(주),승용(소형),EV4 항속형 2WD 17인치,CT1-EV-G7A-EX2W-17,전기(EV),신규인증,SMY-KM-21-9,2025-03-11,584,507,549,408,479,440
238,(주)에스엘모터스,이륜,WIND-K2B-1,K2-BL72DC,전기(EV),신규인증,SMY-SL-21-7,2025-03-06,71.2,,,55.8,,
239,현대자동차(주),승용(소형),캐스퍼 EV 항속형 15인치,AX-EV-G7A-LR2W-15,전기(EV),변경인증,RMY-HD-21-19,2025-02-21,,,,,,
240,현대자동차(주),승용(소형),캐스퍼 EV 항속형 17인치,AX-EV-G7A-LR2W-17,전기(EV),변경인증,RMY-HD-21-19,2025-02-21,,,,,,
241,현대자동차(주),승용(소형),캐스퍼 EV 기본형 15인치,AX-EV-G7A-STD-15,전기(EV),변경인증,RMY-HD-21-24,2025-02-21,,,,,,
242,현대자동차(주),승용(소형),캐스퍼 EV CROSS 17인치,AX-EV-G7A-CSBS-17,전기(EV),변경인증,RMY-HD-21-29,2025-02-21,,,,,,
243,현대자동차(주),승용(소형),캐스퍼 EV CROSS 바스켓 루프랙 17인치,AX-EV-G7A-CSBS-17,전기(EV),변경인증,RMY-HD-21-29,2025-02-21,,,,,,
244,(주)맥모터스,이륜,몬스터S,MMS01,전기(EV),신규인증,SMY-MM-21-6,2025-02-18,150.8,,,136.7,,
245,(주)대창모터스,화물(소형),이-토비 플러스,G050L Plus,전기(EV),신규인증,SMY-DC-21-5,2025-02-13,159,112,138,137,123,130
246,현대자동차(주),화물(중형),ST1 기본형 샤시캡 17인치,A01-EV2-G7A-ST2-CHC-17,전기(EV),변경인증,RMY-HD-21-23,2025-02-07,,,,,,
247,현대자동차(주),화물(중형),ST1 기본형 하이탑 17인치,A01-EV2-G7A-ST2-HDVSS-17,전기(EV),변경인증,RMY-HD-21-7,2025-02-07,,,,,,
248,현대자동차(주),화물(중형),ST1 기본형 카고 17인치,A01-EV2-G7A-ST2-DVSS-17,전기(EV),변경인증,RMY-HD-21-7,2025-02-07,,,,,,
249,현대자동차(주),화물(중형),ST1 기본형 카고 냉동 17인치,A01-EV2-G7A-ST2-RTSS-17,전기(EV),변경인증,RMY-HD-21-7,2025-02-07,,,,,,
250,현대자동차(주),승용(소형),GV60 성능형 4WD 21인치,JWFL-EV-G7A-PF4-21,전기(EV),변경인증,SMY-HD-21-3,2025-02-06,,,,,,
251,기아(주),승용(소형),EV3 항속형 2WD 19인치,SV-EV-G7A-EX2W-19D,전기(EV),변경인증,RMY-KM-21-16,2025-02-05,,,,,,
252,기아(주),승용(소형),EV3 항속형 2WD 17인치,SV-EV-G7A-EX2W-17D,전기(EV),변경인증,RMY-KM-21-16,2025-02-05,,,,,,
253,기아(주),승용(소형),EV3 기본형 2WD,SV-EV-G7A-ST2W,전기(EV),변경인증,RMY-KM-21-17,2025-02-05,,,,,,
254,현대자동차(주),승용(소형),GV60 RWD 19인치,JWFL-EV-G7A-ST2-19,전기(EV),변경인증,SMY-HD-21-2,2025-02-05,,,,,,
255,현대자동차(주),승용(소형),GV60 4WD 19인치,JWFL-EV-G7A-ST4-19,전기(EV),변경인증,SMY-HD-21-4,2025-02-05,,,,,,
256,현대자동차(주),승용(소형),GV60 4WD 20인치,JWFL-EV-G7A-ST4-20,전기(EV),변경인증,SMY-HD-21-4,2025-02-05,,,,,,
257,현대자동차(주),승용(소형),GV60 성능형 4WD 21인치,JWFL-EV-G7A-PF4-21,전기(EV),신규인증,SMY-HD-21-3,2025-01-13,414,350,385,339,366,351
258,현대자동차(주),승용(소형),GV60 4WD 19인치,JWFL-EV-G7A-ST4-19,전기(EV),신규인증,SMY-HD-21-4,2025-01-13,476,407,445,363,406,382
259,현대자동차(주),승용(소형),GV60 4WD 20인치,JWFL-EV-G7A-ST4-20,전기(EV),신규인증,SMY-HD-21-4,2025-01-13,453,389,424,351,384,366
260,현대자동차(주),화물(중형),포터 일렉트릭,HR-EV-G7A-2WD,전기(EV),신규인증,SMY-HD-21-1,2025-01-10,251,180,220,192,187,190
261,현대자동차(주),승용(소형),GV60 RWD 19인치,JWFL-EV-G7A-ST2-19,전기(EV),신규인증,SMY-HD-21-2,2025-01-10,531,441,491,383,423,401
262,현대자동차(주),화물(중형),포터 일렉트릭,HR-EV-G7-2WD,전기(EV),변경인증,KMY-HD-21-75,2025-01-06,,,,,,
263,기아(주),화물(중형),봉고 전기차,PU-EV-G7-2WD,전기(EV),변경인증,KMY-KM-21-76,2025-01-06,,,,,,
264,현대자동차(주),화물(중형),포터 일렉트릭 내장탑하이,HR-EV-G7A-2WD-HD,전기(EV),변경인증,LMY-HD-21-34,2025-01-06,,,,,,
265,현대자동차(주),화물(중형),포터 일렉트릭 내장탑저상,HR-EV-G7A-2WD-LD,전기(EV),변경인증,LMY-HD-21-34,2025-01-06,,,,,,
266,현대자동차(주),화물(중형),포터 일렉트릭 냉동탑저상,HR-EV-G7A-2WD-LR,전기(EV),변경인증,LMY-HD-21-34,2025-01-06,,,,,,
267,현대자동차(주),화물(중형),포터 일렉트릭 파워게이트,HR-EV-G7A-2WD-NP,전기(EV),변경인증,LMY-HD-21-34,2025-01-06,,,,,,
268,현대자동차(주),화물(중형),포터 일렉트릭 내장탑차,HR-EV-G7A-2WD-ND,전기(EV),변경인증,LMY-HD-21-34,2025-01-06,,,,,,
269,현대자동차(주),화물(중형),포터 일렉트릭 특장차,HR-EV-G7A-2WD-NW,전기(EV),변경인증,LMY-HD-21-34,2025-01-06,,,,,,
270,기아(주),화물(중형),봉고 전기차 로우 양문형 미닫이탑차,PU-EV-G7A-2WD-LDTSLD,전기(EV),변경인증,LMY-KM-21-35,2025-01-06,,,,,,
271,기아(주),화물(중형),봉고 전기차 턴인형 파워게이트,PU-EV-G7A-2WD-TPGT,전기(EV),변경인증,LMY-KM-21-35,2025-01-06,,,,,,
272,기아(주),화물(중형),봉고 전기차 와이드 파워게이트,PU-EV-G7A-2WD-WAPGT,전기(EV),변경인증,LMY-KM-21-35,2025-01-06,,,,,,
273,기아(주),화물(중형),봉고 전기차 양문형 미닫이탑차,PU-EV-G7A-2WD-DTSLD,전기(EV),변경인증,LMY-KM-21-35,2025-01-06,,,,,,
274,기아(주),화물(중형),봉고 전기차 저상형 냉동탑차,PU-EV-G7A-2WD-LRTSS,전기(EV),변경인증,LMY-KM-21-35,2025-01-06,,,,,,
275,기아(주),화물(중형),봉고 전기차 냉동탑차,PU-EV-G7A-2WD-RTSS,전기(EV),변경인증,LMY-KM-21-35,2025-01-06,,,,,,
276,기아(주),화물(중형),봉고 전기차 파워게이트,PU-EV-G7A-2WD-APGT-2-BC-1,전기(EV),변경인증,LMY-KM-21-35,2025-01-06,,,,,,
277,기아(주),화물(중형),봉고 전기차 플러스 내장차,PU-EV-G7A-2WD-PDVSS-1,전기(EV),변경인증,LMY-KM-21-35,2025-01-06,,,,,,
278,기아(주),화물(중형),봉고 전기차 저상형 내장차,PU-EV-G7A-2WD-LDVSS-1,전기(EV),변경인증,LMY-KM-21-35,2025-01-06,,,,,,
279,기아(주),화물(중형),봉고 전기차 내장차,PU-EV-G7A-2WD-DVSS-1,전기(EV),변경인증,LMY-KM-21-35,2025-01-06,,,,,,
280,기아(주),화물(중형),봉고 전기차 윙바디,PU-EV-G7A-2WD-WBP-1,전기(EV),변경인증,LMY-KM-21-35,2025-01-06,,,,,,
281,케이지모빌리티(주),승용(소형),토레스 EVX 2WD 18인치,U5MLI2H,전기(EV),변경인증,PMY-SY-21-19,2025-01-06,,,,,,
282,케이지모빌리티(주),승용(소형),토레스 EVX 2WD 20인치,U5MLI2H,전기(EV),변경인증,PMY-SY-21-25,2025-01-06,,,,,,
283,기아(주),승용(소형),EV6 항속형 2WD 개조차 20인치,CVPE-EV-G7A-EX2-20D,전기(EV),변경인증,RMY-KM-21-12,2025-01-06,,,,,,
284,기아(주),승용(소형),EV6 항속형 2WD 개조차 19인치,CVPE-EV-G7A-EX2-19D,전기(EV),변경인증,RMY-KM-21-12,2025-01-06,,,,,,
285,기아(주),승용(소형),EV6 항속형 4WD 개조차 19인치,CVPE-EV-G7A-EX4-19D,전기(EV),변경인증,RMY-KM-21-13,2025-01-06,,,,,,
286,기아(주),승용(소형),EV6 항속형 4WD 개조차 20인치,CVPE-EV-G7A-EX4-20D,전기(EV),변경인증,RMY-KM-21-13,2025-01-06,,,,,,
287,기아(주),승용(소형),EV6 GT 개조차,CVPE-EV-G7A-GT,전기(EV),변경인증,RMY-KM-21-27,2025-01-06,,,,,,
288,기아(주),승용(소형),EV6 기본형 2WD 개조차 19인치,CVPE-EV-G7A-ST2-19D,전기(EV),변경인증,RMY-KM-21-28,2025-01-06,,,,,,
289,케이지모빌리티(주),화물(중형),토레스 EVX VAN 18인치,U5MLI2HV,전기(EV),변경인증,RMY-SY-21-4,2025-01-06,,,,,,
290,케이지모빌리티(주),화물(중형),토레스 EVX VAN 20인치,U5MLI2HV,전기(EV),변경인증,RMY-SY-21-5,2025-01-06,,,,,,
291,케이지모빌리티(주),승용(소형),코란도 EV 2WD,E5MLI2H,전기(EV),변경인증,RMY-SY-21-8,2025-01-06,,,,,,
