총괄현황(전기차),,,,,,,,,,,,,,,,,,,,,,,
,,,,,,,,,,,,,,,,,,,,,,,
시도,지역구분,차종,접수방법,민간공고대수,,,,,,,접수대수,,,,,,,접수 잔여대수,,출고대수,,출고잔여대수,비고
,,,,"전체
(우선순위)
(중소기업)
(법인·기관)
(일반)",전체,우선순위,중소기업,법인·기관,택배,일반,"전체
(우선순위)
(중소기업)
(법인·기관)
(일반)",전체,우선순위,중소기업,법인·기관,택배,일반,전체,일반,"전체
(우선순위)
(중소기업)
(법인·기관)
(택배)
(일반)",전체,"전체
(우선순위)
(중소기업)
(법인·기관)
(택배)
(일반)",
서울,서울특별시,전기화물,"*일반: 출고등록순
*우선: 출고등록순","2500
 (540)
 (280)
 (480)
 (0)
 (1200)",2500,540,280,480,0,1200,"2958
 (277)
 (330)
 (737)
 (0)
 (1614)",2958,277,330,737,0,1614,0,0,"2492
 (248)
 (288)
 (667)
 (0)
 (1289)",2492,"8
 (292)
 (0)
 (0)
 (0)
 (0)","★★전기화물 전체 마감(10.19.)★★ 자격부여 불가합니다.
★★어린이통학차량 마감(11.9.)★★ 자격부여 불가합니다.

★잔여대수는 매일 본사로 안내 중이오니 본사로 문의 바랍니다.
★제작수입사 본사에서 10일 이내 차량출고 가능하다고 제출한 명단에 한하여 서울시에서 자격부여합니다.
※※※ 본사를 통해 10일 이내 출고가능 명단을 통보하지 않는 차량은 자격부여 하지 않을 예정임 ※※※
★제작수입사 지점, 대리점(카마스터, 직원 포함)의 전기차 업무처리 (단순문의 포함) 등 관련 모든 문의는 해당 제조수입사 본사에 문의 바랍니다.
★대상자선정 마감은 지원가능여부확인요청순에 따라 처리할 예정입니다.

&lt;2022년도 하반기 전기자동차 민간 보급사업 추가 공고&gt;
ㅇ 보급대수: 총 15,520대(승용차 13,300, 화물차 2,200, 승합 20)
ㅇ 신청일시
   - 전기화물: ’22. 02. 22.(화). 10:00 ～ 12.16.(금)
   - 전기승용 및 전기승합: ’22. 03. 02.(수). 10:00 ～ 12.16.(금)
※ 12. 16.(금)까지 출고·등록순에 따라 자격 부여 및 대상자로 선정된 자에 한해  보조금지원 대상자로 선정(※ 12.16일 이전 예산 소진 시 조기 마감)
※ 12. 16.(금) 이전 자격부여를 받았음에도 대상자로 선정되지 않은 경우 자격부여 취소
※ 12. 16.(금)까지 예산 미소진 시, 10. 4일 접수분부터 접수순에 따라 예산 한도내 자격부여"
부산,부산광역시,전기화물,"*일반: 출고등록순
*우선: 출고등록순","1668
 (200)
 (200)
 (270)
 (0)
 (998)",1668,200,200,270,0,998,"1872
 (327)
 (74)
 (432)
 (0)
 (1039)",1872,327,74,432,0,1039,0,0,"1762
 (318)
 (69)
 (380)
 (0)
 (995)",1762,"0
 (0)
 (131)
 (0)
 (0)
 (3)","2022년도 전기자동차 보급사업 공고
ㅇ 보급대수: 8,251대(승용차 6,410대, 화물차 1,668대, 승합 173대) - 1,2차 합산
- 승용차: 
   1차 : 일반(1,340),법인·기관(1,455),택시(700),우선순위(485대), K-EV100부산(800), 부산청춘드림카((70)
   2차 : 일반(800),법인·기관(600),택시(160)
- 화물차
    1차 : 일반(598),법인·기관(200),우선순위(100), 중소기업생산물량(100)
    2차 : 일반(400),법인·기관(70),중소기업생산물량((100)
- 승   합: 
    1차 : 56대(시내버스 우선), 어린이통합버스(20) 
    2차 : 97대 (시내버스 우선)
ㅇ 접수기간: ’22. 2. 15. 13:00 ～ 12. 9. 18:00
ㅇ 2차 보급물량은 1차 보급물량(본공고)에 합산되어 진행                  
ㅇ 신청자격
- (개인) 신청서 접수일 기준 90일전부터 연속하여 부산광역시에 주소를 두어야 함
- (개인사업자) 1대 구매시 개인으로 간주, 2대 이상의 차량 구매시 대표자 및 사업장 주소 모두 부산시인 경우 가능
- (법인) 부산시에 주소를 둔 사업자 (본사, 지사, 공장, 자동차 대여사업소 등)"
대구,대구광역시,전기화물,"*일반: 출고등록순
*우선: 출고등록순","1917
 (488)
 (75)
 (271)
 (0)
 (1083)",1917,488,75,271,0,1083,"2052
 (633)
 (74)
 (310)
 (0)
 (1035)",2052,633,74,310,0,1035,0,48,"1931
 (588)
 (71)
 (287)
 (0)
 (985)",1931,"0
 (0)
 (4)
 (0)
 (0)
 (98)","★★전기화물 전체 마감(10.31.)★★
추가 신청접수 불가하며, 현재 자격부여 상태는 보조금 지원 대상이 아닌 대기 상태입니다.
취소 물량 발생시, 전기화물차 구매 지원신청서 접수순으로 대상자선정 


★★전기승용 전체 마감(11.2.)★★
추가 신청접수 불가하며, 현재 자격부여 상태는 보조금 지원 대상이 아닌 대기 상태입니다.
취소 물량 발생시, 전기자동차 구매 지원신청서 접수순으로 대상자선정

※출고 기한 내에 출고하지 않는 차량은 취소할 예정입니다※

------------------------------------------------------------------------------------------------------------------
★7/1 2차보급 시작 / 일반, 법인기관 물량 통합

ㅇ 총 보급수량 : 6,114대 [승용차 4,471, 화물차 1,582, 버스 16]   
 * 전체 보급 : 6,053대 [승용차 4,471(일반 1,789 , 법인·기관 1,341, 택시(개인 447, 법인 447), 우선순위 447), 화물차 1,582(일반 950, 법인·기관 318, 중소기업생산 157, 우선순위 157), 버스 16]

ㅇ 보급기간 : 공고일 당일 ∼ 2022. 12. 23.(금)
ㅇ 신청 수량 제한
- 개 인 : 1대 
- 개인사업자 : 10대(2대 이상 차량 구입 시 대표자 및 사업장 주소지가 모두 대구시로 제한)
- 법 인 : 20대 (20대 이상 신청 시 대구시에 구매 사유 등 사업계획서 제출)"
인천,인천광역시,전기화물,"*일반: 출고등록순
*우선: 출고등록순","1715
 (173)
 (149)
 (297)
 (0)
 (1096)",1715,173,149,297,0,1096,"2127
 (193)
 (163)
 (520)
 (0)
 (1251)",2127,193,163,520,0,1251,0,0,"1713
 (163)
 (151)
 (428)
 (0)
 (971)",1713,"2
 (10)
 (0)
 (0)
 (0)
 (125)","------------------------------------------------------------------------------------------------------------------------------------------------------------
★★전기화물 전체 마감(10.18.)★★
 ★제작수입사 본사에서 10일 이내 출고가 가능하다고 제출한 출고예시로 대상자선정을 실시하고 있습니다.
 ★추가 자격부여는 불가하며, 현재 자격부여 상태는 보조금 지원 대상이 아닌 대기 상태입니다. 취소 물량 발생 시 지원가능확인요청순으로 추가 대상자선정 처리할 예정입니다. 
  ※※※ 추가 대상자선정 순위 : 지원가능여부확인 요청순 ※※※
------------------------------------------------------------------------------------------------------------------------------------------------------------

&lt;2022년 전기자동차 민간보급사업 변경공고(2차) 안내&gt;

○ 신청기간 : 2022. 10. 4. 11:00 ~ 2022.11. 30. 18:00(예산 소진 시 종료)
   - 상반기(1차) 잔여물량 + 하반기(2,3차) 물량을 포함한 총 보급대수로 변경 공고
○ 보급대수: 1,720대 (일반 1,101대, 법인,기관 297대, 중소기업생산 149대, 우선순위 24대)
   - 상반기(1차 80%) 876대, 하반기(2차 20%) 609대, 하반기(3차 추가) 235대 
○ 신청자격
   - (개인) 신청서 접수일 기준 30일전부터 연속하여 인천광역시에 주소를 둔 만 18세 이상 인천시민
   - (법인) 신청서 접수일 전일 현재 인천광역시내 사업장(본사, 지사,  공장, 자동차 대여사업소 등)이 위치한 법인, 단체,기관     
○ 보급대수제한: 개인(1대), 개인사업자(2대), 법인(5대)"
광주,광주광역시,전기화물,"*일반: 출고등록순
*우선: 출고등록순","1051
 (105)
 (105)
 (210)
 (0)
 (631)",1051,105,105,210,0,631,"1090
 (222)
 (16)
 (320)
 (0)
 (532)",1090,222,16,320,0,532,0,99,"1042
 (214)
 (16)
 (296)
 (0)
 (516)",1042,"9
 (0)
 (89)
 (0)
 (0)
 (115)","★ 2022년 전기가동차 민간보급사업 변경공고(2차) ★
 - 접수마감(전기승용,전기화물 대상자 선정 완료)
 - 선정자중 취소자 발생할 경우, 지원가능 확인 요청순에 따라 추가 선정"
대전,대전광역시,전기화물,"*일반: 출고등록순
*우선: 출고등록순","1073
 (78)
 (78)
 (155)
 (0)
 (762)",1073,78,78,155,0,762,"1254
 (250)
 (96)
 (251)
 (0)
 (657)",1254,250,96,251,0,657,0,105,"1194
 (247)
 (90)
 (242)
 (0)
 (615)",1194,"0
 (0)
 (0)
 (0)
 (0)
 (147)","*  &quot;일반&quot;,&quot;법인&quot;,&quot;우선순위&quot; 대상자 승인 마감 (일반 포터, 봉고 승인 마감)


○ 접수기간 : 2022. 2. 17. 09:00 ~ 2022. 12. 9. 18:00
    - 상반기 : 2022. 2. 17. 09:00 ~ 2022. 6. 30. 18:00
    - 하반기 : 2022. 7. 1. 09:00 ~ 2022. 12. 9. 18:00
    * 예산 또는 물량 소진 시까지 / 상반기 잔여분 발생시 하반기 보급물량에 합산
○ 보급대수 : 화물 771대(상반기 540, 하반기 231) * 보급여건 및 예산증감에 따라 변동가능
  - 우선순위 10%, 중소기업 생산물량 10%, 법인기관 20%, 일반 60%
○ 신청 대수 제한
  - 개인 : 1대
  - 사업자 : 3대

* 지원신청 접수 처리는 약 1~2일소요되며, 빠른 승인을 위해 신청서 승인요청 전화문의는 자제 부탁드립니다."
울산,울산광역시,전기화물,"*일반: 출고등록순
*우선: 출고등록순","643
 (67)
 (18)
 (227)
 (0)
 (331)",643,67,18,227,0,331,"694
 (71)
 (20)
 (251)
 (0)
 (352)",694,71,20,251,0,352,0,0,"642
 (67)
 (18)
 (227)
 (0)
 (330)",642,"1
 (0)
 (0)
 (0)
 (0)
 (1)","---  화물 물량 마감되었습니다.----

- 지급신청 후 원본서류 미제출
 * 전산등록만 해주시면 되며, 원본대조필 날인 바랍니다. 
 * 파일 합쳐서 업로드 시 화질이 떨어진다면 각각 업로드 바랍니다."
세종,세종특별자치시,전기화물,"*일반: 출고등록순
*우선: 출고등록순","100
 (10)
 (10)
 (20)
 (0)
 (60)",100,10,10,20,0,60,"138
 (11)
 (11)
 (21)
 (0)
 (95)",138,11,11,21,0,95,0,0,"100
 (10)
 (11)
 (16)
 (0)
 (63)",100,"0
 (0)
 (0)
 (4)
 (0)
 (0)",전기화물 마감
경기,수원시,전기화물,"*일반: 출고등록순
*우선: 출고등록순","203
 (0)
 (0)
 (0)
 (0)
 (203)",203,0,0,0,0,203,"201
 (15)
 (28)
 (24)
 (0)
 (134)",201,15,28,24,0,134,2,69,"201
 (15)
 (28)
 (24)
 (0)
 (134)",201,"2
 (0)
 (0)
 (0)
 (0)
 (69)","&lt;2022년 전기자동차(화물) 민간보급사업 추가공고&gt; 
○ 보급대수 : 25대(일반 25대)
  * 보급대수는 여건 및 예산범위 내에서 변동될 수 있음
  **10월 1일 이후 부터 일반물량으로 진행 
○ 보급기간 : 2022. 10. 5.(수) 09:00 ~ 12. 9.(금) 18:00
  * 보급기간 내 예산소진 시 조기 마감될 수 있음
○ 신청대상 : 신청일로부터 2개월 이상 시에 연속하여 거주한 시민 또는 사업자
○ 선정기준 : 자동차 출고·등록 순
○ 보급차량 : 무공해차 통합누리집(ev.or.kr)에 게재 차량
○ 기    타 : 자세한 사항은 공고문 참조

--------------------------------10.6.(목) 11시 10분 대상자선정 완료--------------------------------------------------"
경기,성남시,전기화물,"*일반: 출고예정차량의 접수순
*우선: 출고예정차량의 접수순","337
 (28)
 (55)
 (35)
 (0)
 (219)",337,28,55,35,0,219,"318
 (26)
 (31)
 (84)
 (0)
 (177)",318,26,31,84,0,177,19,42,"318
 (26)
 (31)
 (84)
 (0)
 (177)",318,"19
 (2)
 (24)
 (0)
 (0)
 (42)","※ 전기화물 4차 모집공고[접수시 배정화면 또는 출고예시화면 첨부]   [12/12 16:00 기준 잔여물량 10대]
&lt;상반기와 동의서 서식이 변경되었으니, 변경된 서식으로 등록하여주시기 바랍니다&gt;

 - 신청기간:  ~ 12. 16.(금) 18:00
 - 신청자격: 신청전 성남시 거주 연속하여 3개월 이상
    &lt;법인 우선순위 등 전체 통합&gt;
   ※ 출고 완료 후 보조금지급신청 서류 12월23일까지 제출
 
=========================================================

※2022. 6. 22.기준 당일접수 서류에 대해 당일 처리하고 있으니, 접수확인 전화 자제부탁드립니다."
경기,의정부시,전기화물,"*일반: 출고등록순
*우선: 출고등록순","180
 (18)
 (18)
 (36)
 (0)
 (108)",180,18,18,36,0,108,"175
 (19)
 (19)
 (13)
 (0)
 (124)",175,19,19,13,0,124,5,0,"175
 (19)
 (19)
 (13)
 (0)
 (124)",175,"5
 (0)
 (0)
 (23)
 (0)
 (0)","하반기  화물 30대

***일반물량 상하반기 마감(7.14.) 잔여물량 통합은 10월 1일부터 진행***
우선순위 상하반기 마감(7.7.)


하반기 화물 2022. 7. 6.(수) 09:00 ~ 12.30.(금)18:00 예산소진시 조기종료
자세한 내용 공고(2차) 참고
(승용은 7월 4일 월요일 접수입니다)

------------------------------------------------------------------------------------
의정부시 전기자동차 보급사업 안내 
상반기 하반기 나눠서 진행(하반기는 7월 이후 공고 예정)

ㅇ (상반기)사업기간 : 2022. 2. 25.(금) 09:00 ~ 6. 30. (목) 18:00 

ㅇ (상반기)지원대수 : 전기화물 150대 (차종별보조금차이로 지원대수는 달라질수있음)
-  일반 90대, 우선순위 15대, 법인 및 기관 30대, 중소기업생산물량 15대 

ㅇ 선정방법 : 출고등록순
  ▶각 지원대수당 1.2배이상 지원신청 접수시 신청마감!!!!◀
  ▶ 지원신청서 접수순으로 서류검토후 자격부여해드리며, 지원가능확인요청순으로 대상자 선정!!!!◀

  - 전화문의가 많아 업무처리가 지연될 수 있습니다. 서류심사 및 자격부여까지 3~4일 소요되므로 빠른 처리를 위해 가능한 확인전화, 전화문의 자제 부탁드립니다. (서류심사중 보완사항 있을 시 전화 및 문자발송, 자격부여시 문자발송)

※ 기타 자세한 내용은 공고문 참조하여 주시기바랍니다."
경기,안양시,전기화물,"*일반: 출고등록순
*우선: 출고등록순","199
 (20)
 (20)
 (30)
 (0)
 (129)",199,20,20,30,0,129,"194
 (20)
 (16)
 (40)
 (0)
 (118)",194,20,16,40,0,118,5,11,"194
 (20)
 (16)
 (40)
 (0)
 (118)",194,"5
 (0)
 (4)
 (0)
 (0)
 (11)","▶ 2022년 전기자동차 구매지원 사업 마감 ◀

* 2023년 전기자동차 구매지원 사업 2월중 공고 게시 *"
경기,부천시,전기화물,"*일반: 출고등록순
*우선: 출고등록순","490
 (39)
 (39)
 (78)
 (0)
 (334)",490,39,39,78,0,334,"561
 (72)
 (40)
 (56)
 (0)
 (393)",561,72,40,56,0,393,0,0,"480
 (70)
 (38)
 (49)
 (0)
 (323)",480,"10
 (0)
 (1)
 (29)
 (0)
 (11)","* 부천시 2022년 전기자동차(화물) 보급사업이 종료되었습니다.
* 취소물량 발생 시, 기존에 지원가능 확인요청 하셨던 순으로 개별 연락드릴 예정이며, 차량 확보 시 대상자 선정할 것임을 알려드립니다."
경기,광명시,전기화물,"*일반: 출고등록순
*우선: 출고등록순","116
 (12)
 (12)
 (24)
 (0)
 (68)",116,12,12,24,0,68,"113
 (9)
 (13)
 (25)
 (0)
 (66)",113,9,13,25,0,66,3,2,"113
 (9)
 (13)
 (25)
 (0)
 (66)",113,"3
 (3)
 (0)
 (0)
 (0)
 (2)","&lt;2022년도 전기자동차 보급사업 공고(3차)&gt;
○ 3차 접수 기간 : 2022. 7. 11.(월) 9:00  ~  예산소진시까지
○ 전체 사업 물량: 총 120대 
- 전기화물 : 일반 72대, 우선순위 12대, 법인·기관 24대, 중소기업생산물량 12대
※2022. 7. 11.(월)부터 법인기관, 택시 잔여물량 일반물량으로 통합. 

○ 선정방법 : 7.11.(월)부터 출고·등록순으로 변경
○ 마감기한: 12.16.(금)까지 차량등록 및 보조급지급신청 완료해야 함(원본서류 등기발송 필수)"
경기,평택시,전기화물,"*일반: 출고등록순
*우선: 출고등록순","150
 (15)
 (30)
 (30)
 (0)
 (75)",150,15,30,30,0,75,"343
 (24)
 (34)
 (67)
 (0)
 (218)",343,24,34,67,0,218,0,0,"194
 (20)
 (31)
 (38)
 (0)
 (105)",194,"0
 (0)
 (0)
 (0)
 (0)
 (0)","2022년 하반기 전기자동차 민간보급사업(화물)
  ○ 접수기간 : 2022. 7. 27.(수) 10:00~ 예산 소진시까지
  ○ 선정방법 : 출고 등록순에 따른 대상자 결정
  ○ 사 업 량 : 약 51대
  ○ 지원대상 및 기타문의사항 : 자세한 사항은 첨부파일 참고"
경기,동두천시,전기화물,"*일반: 출고등록순
*우선: 출고등록순","60
 (6)
 (12)
 (6)
 (0)
 (36)",60,6,12,6,0,36,"105
 (19)
 (3)
 (13)
 (0)
 (70)",105,19,3,13,0,70,0,0,"85
 (18)
 (2)
 (11)
 (0)
 (54)",85,"0
 (0)
 (10)
 (0)
 (0)
 (0)","* 2022년 총보급대수 : 승용 230대, 화물 60대
* 신청기준 : 출고등록순
* 신청기간 : 2022.02.17~2022.12.09
* 신청자격 : 동두천 거주자(3개월), 동두천 소재 사업장 등"
경기,안산시,전기화물,"*일반: 출고등록순
*우선: 출고등록순","389
 (40)
 (40)
 (80)
 (0)
 (229)",389,40,40,80,0,229,"420
 (34)
 (42)
 (100)
 (0)
 (244)",420,34,42,100,0,244,0,0,"384
 (32)
 (40)
 (93)
 (0)
 (219)",384,"5
 (8)
 (0)
 (0)
 (0)
 (10)","※ 9.19. 화물 법인물량 마감 / 9.28. 화물 일반물량 마감 / 9.29. 10시 화물 우선물량 마감

2022년도 전기자동차 보급사업 공고(4차)
○ 접수기간 : 2022. 9. 6.(화) 9시 ~ 예산 소진 시까지
○ 보급대수 : 총 90대 (화물90대)→ 차종별 보조금 차등 지원 
○ 지원방법 : 출고등록 접수에 의한 대상자 선정

※ 1,2,3차 공고[안산시 공고 제2022-351호, 제2022-1205호, 제2022-1386] 잔여 물량과 합산 집행하여 기 접수된 건도 연계하여 적용(단, 시스템상 출고기한 만료 시 취소 후 재접수 필요)"
경기,고양시,전기화물,"*일반: 출고등록순
*우선: 출고등록순","723
 (73)
 (73)
 (145)
 (0)
 (432)",723,73,73,145,0,432,"710
 (67)
 (55)
 (138)
 (0)
 (450)",710,67,55,138,0,450,13,0,"710
 (67)
 (55)
 (138)
 (0)
 (450)",710,"13
 (6)
 (18)
 (7)
 (0)
 (0)",※ 고양시 전기화물차 보급사업 마감되었습니다.
경기,과천시,전기화물,"*일반: 출고등록순
*우선: 출고등록순","34
 (0)
 (0)
 (0)
 (0)
 (34)",34,0,0,0,0,34,"35
 (2)
 (2)
 (12)
 (0)
 (19)",35,2,2,12,0,19,0,15,"35
 (2)
 (2)
 (12)
 (0)
 (19)",35,"0
 (0)
 (0)
 (0)
 (0)
 (15)","&lt;과천시 전기자동차 보급사업(3차)&gt; 
○ 신청기간: 2022.10.5. 09:00 ~ 12.23.
  ※ 12월23일까지 출고,등록 후 보조금 지급신청까지 가능한 경우만 신청 가능

○ 사업량(잔여물량) : 승용 69대  /  화물 4대
----------------------------------------------------------&lt;화물 마감&gt;
   ※ 보급대수는 보조금 차등지원 및 보급여건에 따라 예산범위 내에서 변동 가능

○ 지원금액: 승용 최대 1,100만원(국700, 시400) / 화물 최대 2,100만원(국1,400, 시700)
   ※ 차종별 지원금액 상이하므로 공고문 확인
○ 지원대상: 구매신청서 제출일 이전 1개월(30일)까지 과천시에 주소지를 둔 시민, 법인, 기관 등
   ※ 환경개선부담금 체납액이 없는자에 한해 보조금 지원 가능
○ 선정방법: 차량 출고등록순 

  ※ 필요서류 이외 불필요한 서류 첨부X (택시 등의 경우 초본 불필요)
  ※ 서류 제출시 반드시 원본대조필 날인 (원본우편발송 불필요)

★ 22.6.30. 접수건부터 의무운행기간 변경 적용 (기존2년 → 5년)"
경기,구리시,전기화물,"*일반: 출고등록순
*우선: 출고등록순","84
 (8)
 (8)
 (15)
 (0)
 (53)",84,8,8,15,0,53,"83
 (7)
 (10)
 (16)
 (0)
 (50)",83,7,10,16,0,50,1,3,"80
 (7)
 (9)
 (16)
 (0)
 (48)",80,"4
 (1)
 (0)
 (0)
 (0)
 (5)","구리시 전기자동차 보급사업 안내 
- 화물차 마감되었습니다. -

ㅇ 사업기간 : 2022. 2. 21.(월) 09:00 ~ 예산소진 시까지 
 ★ 전기화물 예산소진 시까지 지원접수
ㅇ 지원규모 :  전기화물 84대 (3차 조정) 
ㅇ 보급대수 제한 : (개인)세대당 1대, (개인사업자·법인 등)사업자당 화물 3대 
ㅇ 선정방법 : 출고등록순 
※ 기타 자세한 내용은 공고문 참조"
경기,남양주시,전기화물,"*일반: 출고등록순
*우선: 출고등록순","357
 (7)
 (7)
 (0)
 (0)
 (343)",357,7,7,0,0,343,"543
 (44)
 (35)
 (110)
 (0)
 (354)",543,44,35,110,0,354,0,0,"343
 (37)
 (34)
 (67)
 (0)
 (205)",343,"14
 (0)
 (0)
 (0)
 (0)
 (138)","○ 신청기간 : 2022. 2. 23.(수) 10:00 ∼ 예산 소진 시 까지 
○ 보급물량(상반기) 
   - 전기승용차 700대(일반 350대, 우선순위 70대, 택시 70대, 법인 및 기관 210대) 
   - 전기화물차 300대(일반 180대, 우선순위 30대, 중소기업 생산물량 30대, 법인 및 기관 60대) 
  ※ 보조금 차등지급에 따라 보급물량은 별도 추가공고 없이 변동될 수 있음
○ 선정방법 : 출고등록순
○ 자세한 세부사항은 2022년도 남양주시 전기자동차 보급사업 공고문 확인"
경기,오산시,전기화물,"*일반: 출고등록순
*우선: 출고등록순","112
 (0)
 (0)
 (0)
 (0)
 (112)",112,0,0,0,0,112,"136
 (12)
 (11)
 (22)
 (0)
 (91)",136,12,11,22,0,91,0,21,"110
 (10)
 (10)
 (20)
 (0)
 (70)",110,"2
 (0)
 (0)
 (0)
 (0)
 (42)","&lt;2022년 전기자동차 구매지원사업 변경공고(2차)&gt; -마감
○ 접수기간 :  (화물) 2022. 10. 11.(화) 10:00 ~ 2022.12.2(금) 18:00까지
     ※ 승용 신청기간은 기존공고와동일
 -  지원가능요청기간 : (화물) 2022.10.13(목) 14:00~
     ※ 요청기간 이전건은 인정X
 -  출고가능기간 : 2022.12.7(수)까지 (이후 건은 대상자선정X)
 -  지급신청마감 기간: 2022.12.16(금) 18:00 까지 도착한 서류건만 인정
○ 보급대수 : 약 12대
 * 보급여건 및 예산 범위 내에서 변동될 수 있음 
○ 신청대상 : 신청일로부터 1개월 이상 시에 연속하여 거주한 시민 또는 사업자 
○ 선정기준 : 자동차 출고·등록 순 

-2022년 전기화물 보조금 모두 소진되었습니다.

* 기타 자세한 내용 공고문 참조
**지원신청서 접수순으로 서류검토후 자격부여해드리며, 지원가능확인요청순으로 대상자 선정
*** 지원신청서 양식변경으로 인해 기존 양식으로 신청시 접수불가
**** 지원가능요청시 차량배정화면 미첨부시 인정X"
경기,시흥시,전기화물,"*일반: 출고등록순
*우선: 출고등록순","183
 (0)
 (0)
 (0)
 (0)
 (183)",183,0,0,0,0,183,"298
 (22)
 (16)
 (95)
 (0)
 (165)",298,22,16,95,0,165,0,18,"180
 (16)
 (13)
 (48)
 (0)
 (103)",180,"3
 (0)
 (0)
 (0)
 (0)
 (80)","2022년 시흥시 전기자동차(화물) 민간 보급사업 추가공고 조기마감 

○ 예산 범위 내 대상자 선정이 조기마감되어 1회차 신청접수를 마감합니다.
○ 마감시간 : 2022.11.01. (10:50)
   - 예산 소진에 따라 서류접수 건에 대하여 추가 자격부여는 하지 않습니다.
   - 대상자 완료된 신청자는 출고 후 기일 내 지급신청 완료해 주시고, 원본 서류(지원신청서, 지급신청서) 일체 등기 발송 바랍니다."
경기,군포시,전기화물,"*일반: 출고등록순
*우선: 출고등록순","100
 (10)
 (10)
 (20)
 (0)
 (60)",100,10,10,20,0,60,"98
 (12)
 (6)
 (23)
 (0)
 (57)",98,12,6,23,0,57,2,3,"98
 (12)
 (6)
 (23)
 (0)
 (57)",98,"2
 (0)
 (4)
 (0)
 (0)
 (3)","★ 화물 마감(2022.11. 01.)

ㅇ 사업기간: 2022. 2. 21.(월) ~ 예산소진 시 까지
ㅇ 지원규모: (화물) 일반 60대, 우선지원 10대, 중소기업 생산 10대, 법인기관 20대
ㅇ 보급대수 제한 : (개인) 세대당 1대 
※ 출고 10일전, 지원가능확인요청 시스템 입력 후 유선연락 바람(031-390-0542)
------------------------------------------------------------------------------------------------------
ㅇ 사업기간: 2022. 7. 11.(월) ~ 예산소진 시 까지
   ※ 상반기 신청분 재접수 하지 않고, 연속하여 인정
ㅇ 잔여대수: (화물) 우선 4대, 중소기업 5대, 일반 34대
ㅇ 보급대수 제한 : (개인) 세대당 1대 
   ※ 출고 10일전, 지원가능확인요청 시스템 입력 후 유선연락 바람(031-390-0542)
   ※ 지급신청 후 원본서류 보내주지 않으셔도 됩니다."
경기,의왕시,전기화물,"*일반: 접수순
*우선: 접수순","93
 (9)
 (5)
 (0)
 (0)
 (79)",93,9,5,0,0,79,"93
 (12)
 (7)
 (19)
 (0)
 (55)",93,12,7,19,0,55,0,24,"93
 (12)
 (7)
 (19)
 (0)
 (55)",93,"0
 (0)
 (0)
 (0)
 (0)
 (24)","★의왕시 접수 마감 안내★
접수마감일: 2022. 12. 12.(월) 18:00

접수마감일 이후 12월 출고 가능 건은 의왕시청 환경과(☎031-345-3805)로 연락 후 접수하시기 바랍니다."
경기,하남시,전기화물,"*일반: 출고등록순
*우선: 출고등록순","234
 (24)
 (24)
 (47)
 (0)
 (139)",234,24,24,47,0,139,"274
 (26)
 (21)
 (64)
 (0)
 (163)",274,26,21,64,0,163,0,0,"230
 (22)
 (18)
 (56)
 (0)
 (134)",230,"4
 (2)
 (6)
 (0)
 (0)
 (5)","★★승용 사업 마감(12.7.)★★
★★화물 잔여예산 범위 차종 1대 가능★★


○신청기간 : 2022. 10. 5. ~ 예산 소진 시까지 
○보급대수 
 - 승용 : 총 150대
 - 화물 : 총 23대
※ 전기승용·화물차 우선순위 잔여예산 통합 전환
※ 전기승용차 100대 추가 보급
○ 보급차종 : 무공해차 통합누리집 참조 
○ 대상자선정 : 출고·등록순(지원가능확인요청순)
※ 기타 자세한 사항은 공고문 참조
※※ 민원전화 폭주로 업무처리가 지연되고 있으니, 빠른 처리를 위해 가능한 전화문의 자제 부탁드립니다. 
※※※지급신청 후 원본 서류 보내주지 않으셔도 됩니다
(서류심사 중 보완사항 있을시 문자 발송예정/ 자격부여 시에도 문자 발송예정)
※※※※의무운행기간 내 말소 환수율 관련 법 개정으로 환수에 관한 동의서 변경된 서식으로 작성하여주세요※※※※"
경기,용인시,전기화물,"*일반: 출고등록순
*우선: 출고등록순","413
 (33)
 (33)
 (66)
 (0)
 (281)",413,33,33,66,0,281,"431
 (37)
 (41)
 (94)
 (0)
 (259)",431,37,41,94,0,259,0,22,"412
 (34)
 (41)
 (87)
 (0)
 (250)",412,"1
 (0)
 (0)
 (0)
 (0)
 (31)","화물은 전체 물량 소진되어 마감되었습니다. (11/4 오전 마감) / 이미 접수한건에 한해서 취소물량 발생 시  순차적으로 연락드릴예정입니다. 

★★  승용은 신청마감(11/23(수) 18시로 연장하였으니 업무에 참고하시기 바랍니다.
(기존 신청건은 마감 후에도 자격부여 및 대상자 확정 진행)
-----------------------------------------------------------------------------------------
2022년도 전기자동차(승용,화물) 민간 보급사업 하반기 추가공고 안내
* 신청기간  : 11.1.(화) 10:00~예산소진 시 
 (승용(개인, 개인택시)은  현재 신청접수 가능하므로 신청바람/ 승용법인 및 화물의 경우 11.1부터 신청접수)


&lt;사업 추가물량&gt; -출고등록순
 - 승용 263대 
 - 화물  60대 
※ 2022.12. 9.(금)까지 출고 가능한 차량만 보조금 지급 가능
자세한 사항은 첨부파일 추경2차 공고 확인바랍니다

★ 신청접수건이 많아 서류심사 및 자격부여까지 3~4일 소요되므로 되도록 전화자제요청드립니다
(서류심사 중 보완사항 있을시 문자 발송예정/ 자격부여 시에도 문자 발송예정)"
경기,파주시,,,,,,,,,,,,,,,,,,,,,,
경기,이천시,전기화물,"*일반: 출고등록순
*우선: 출고등록순","179
 (9)
 (7)
 (20)
 (0)
 (143)",179,9,7,20,0,143,"232
 (17)
 (8)
 (36)
 (0)
 (171)",232,17,8,36,0,171,0,0,"176
 (14)
 (8)
 (28)
 (0)
 (126)",176,"3
 (0)
 (0)
 (0)
 (0)
 (17)","★전기화물 마감(예산소진)★
※ 2022년 추경 계획 없음. 올해 예산 소진"
경기,안성시,전기화물,"*일반: 출고등록순
*우선: 출고등록순","220
 (0)
 (0)
 (0)
 (0)
 (220)",220,0,0,0,0,220,"255
 (23)
 (15)
 (59)
 (0)
 (158)",255,23,15,59,0,158,0,62,"217
 (21)
 (13)
 (48)
 (0)
 (135)",217,"3
 (0)
 (0)
 (0)
 (0)
 (85)",★ 전기화물 사업 마감
경기,김포시,전기화물,"*일반: 출고등록순
*우선: 출고등록순","597
 (60)
 (60)
 (120)
 (0)
 (357)",597,60,60,120,0,357,"618
 (60)
 (59)
 (192)
 (0)
 (307)",618,60,59,192,0,307,0,50,"594
 (60)
 (59)
 (181)
 (0)
 (294)",594,"3
 (0)
 (1)
 (0)
 (0)
 (63)",★ 화물 전체 물량 접수 마감되었습니다.
경기,화성시,전기화물,"*일반: 출고등록순
*우선: 출고등록순","419
 (36)
 (37)
 (121)
 (0)
 (225)",419,36,37,121,0,225,"416
 (36)
 (36)
 (121)
 (0)
 (223)",416,36,36,121,0,223,3,2,"416
 (36)
 (36)
 (121)
 (0)
 (223)",416,"3
 (0)
 (1)
 (0)
 (0)
 (2)",-마감-
경기,광주시,전기화물,"*일반: 출고등록순
*우선: 출고등록순","131
 (14)
 (14)
 (27)
 (0)
 (76)",131,14,14,27,0,76,"170
 (17)
 (23)
 (35)
 (0)
 (95)",170,17,23,35,0,95,0,0,"136
 (14)
 (18)
 (28)
 (0)
 (76)",136,"0
 (0)
 (0)
 (0)
 (0)
 (0)","**전기화물차 신청 마감**
*9월말까지 신청접수건은 승인 취소됨
○ 보급기간 : 2022. 10. 6.(목) 10시 ~ 2022. 12. 30.(금) 또는 예산 소진 시까지
○ 보급대수 : 전기화물차5대(예산 범위 내에서 변동가능)
○ 신청 대상 : 구매신청서 접수일 기준으로 광주시에 주소를 둔지 3개월이 경과된 개인, 법인, 공공기관 등
○ 보조금 지원대상자 선정 통보 : 접수된 건에 대하여 출고 등록순
※ 세부사항은 공고문 참조"
경기,양주시,전기화물,"*일반: 출고등록순
*우선: 출고등록순","97
 (9)
 (10)
 (19)
 (0)
 (59)",97,9,10,19,0,59,"188
 (15)
 (11)
 (33)
 (0)
 (129)",188,15,11,33,0,129,0,0,"97
 (9)
 (10)
 (21)
 (0)
 (57)",97,"0
 (0)
 (0)
 (0)
 (0)
 (2)","&lt;양주시 전기화물 마감되었습니다&gt;
2022년 전기자동차 민간 보급사업 공고 
ㅇ 보급대수: 화물차 98대
ㅇ 신청일시 : 2022. 2. 21. (월) 10:00 ～ 2022. 5. 10. (화) 18:00
 - 예산 소진으로 조기 마감하였습니다.
※ 예산 소진시 조기 마감 
※ 제조수입사 지점, 대리점(카마스터, 직원 포함)의 전기차 업무처리 (단순문의 포함) 등 관련 모든 문의는 해당 제조수입사 본사에 문의 바람"
경기,포천시,전기화물,"*일반: 출고등록순
*우선: 출고등록순","5
 (0)
 (0)
 (0)
 (0)
 (5)",5,0,0,0,0,5,"282
 (25)
 (10)
 (61)
 (0)
 (186)",282,25,10,61,0,186,0,0,"216
 (23)
 (8)
 (45)
 (0)
 (140)",216,"0
 (0)
 (0)
 (0)
 (0)
 (0)","★ 전기화물 물량 조기소진
※ 추경 예정 없음. 올해 예산 소진"
경기,여주시,전기화물,"*일반: 출고등록순
*우선: 출고등록순","121
 (15)
 (15)
 (0)
 (0)
 (91)",121,15,15,0,0,91,"142
 (5)
 (8)
 (25)
 (0)
 (104)",142,5,8,25,0,104,0,0,"142
 (5)
 (8)
 (25)
 (0)
 (104)",142,"0
 (10)
 (7)
 (0)
 (0)
 (0)","○ 신청기간 : 2022. 2. 21.(월) 09:00 ~ 예산 소진 시까지 
○ 보급대수 
- 화물 : 총 140대(우선 15대, 법인·기관 30대, 중소기업생산 15대, 일반 80대)"
경기,연천군,전기화물,"*일반: 출고등록순
*우선: -","65
 (5)
 (5)
 (4)
 (0)
 (51)",65,5,5,4,0,51,"74
 (4)
 (6)
 (11)
 (0)
 (53)",74,4,6,11,0,53,0,0,"65
 (4)
 (5)
 (10)
 (0)
 (46)",65,"0
 (1)
 (0)
 (0)
 (0)
 (5)",★11/16 예산소진 공고마감
경기,가평군,전기화물,"*일반: 접수순
*우선: 접수순","66
 (7)
 (7)
 (14)
 (0)
 (38)",66,7,7,14,0,38,"69
 (2)
 (10)
 (4)
 (0)
 (53)",69,2,10,4,0,53,0,0,"64
 (2)
 (10)
 (4)
 (0)
 (48)",64,"2
 (5)
 (0)
 (10)
 (0)
 (0)",2022년도 전기자동차(화물) 보급사업은 마감되었습니다.
경기,양평군,전기화물,"*일반: 출고등록순
*우선: 출고등록순","130
 (13)
 (0)
 (0)
 (0)
 (117)",130,13,0,0,0,117,"128
 (10)
 (7)
 (17)
 (0)
 (94)",128,10,7,17,0,94,2,23,"128
 (10)
 (7)
 (17)
 (0)
 (94)",128,"2
 (3)
 (0)
 (0)
 (0)
 (23)","1) 전기화물차 : (기존) 85대 ⇒ (변경) 130대[증 45] 
2) 신청가능 대수  : 47대 [일반 44대, 우선순위 3대, 법인, 기관, 중소기업 생산물량 일반물량에 통합]

9. 29.(목) 현재 일반물량 예산 소진. 
10. 4.(화) 우선순위 물량3대분 일반물량으로 전환"
강원,춘천시,전기화물,"*일반: 출고등록순
*우선: 출고등록순","601
 (66)
 (66)
 (199)
 (0)
 (270)",601,66,66,199,0,270,"562
 (37)
 (76)
 (202)
 (0)
 (247)",562,37,76,202,0,247,39,23,"562
 (37)
 (76)
 (202)
 (0)
 (247)",562,"39
 (29)
 (0)
 (0)
 (0)
 (23)","★ 접수마감 : 전기승용, 전기화물(소형, 경형)
★ 잔여물량 : 전기화물(초소형)(&apos;22. 12. 14. 15:00 기준) : 32대[신청기한 2022. 12. 23.(18:00)]
★ 추가공고 없음
★ 2023년 보급사업 공고 : 미정"
강원,원주시,전기화물,"*일반: 출고등록순
*우선: 출고등록순","1137
 (344)
 (99)
 (261)
 (0)
 (433)",1137,344,99,261,0,433,"578
 (17)
 (127)
 (222)
 (0)
 (212)",578,17,127,222,0,212,559,221,"545
 (17)
 (125)
 (201)
 (0)
 (202)",545,"592
 (327)
 (0)
 (60)
 (0)
 (231)","2022년 원주시 전기자동차 공고
-접수기간: 2022. 2. 25.(금) 10:00 ~ 2022. 6. 30.(목) (물량 소진 시 추가공고)
-대상자 선정방식: 출고등록순(지원가능확인 요청 순서대로 대상자를 선정하며, 자격부여는 대상자 선정이 아님을 알려드립니다.)
===========================================================================
2022년 전기자동차 보급사업(2차)
화물, 승합: 2022. 7. 1.(금) ~ 2022. 12. 14.(수)
지원가능요청시 출고증명서류를 첨부해주시기 바랍니다.(미첨부시 대상자 선정 불가)
신청접수 시 붙임2 동의서 서식이 변경되었으니, 변경된 서식을 사용하시기 바랍니다."
강원,강릉시,전기화물,"*일반: 출고등록순
*우선: 출고등록순","431
 (42)
 (42)
 (0)
 (0)
 (347)",431,42,42,0,0,347,"410
 (11)
 (200)
 (137)
 (0)
 (62)",410,11,200,137,0,62,21,285,"317
 (11)
 (107)
 (137)
 (0)
 (62)",317,"114
 (31)
 (0)
 (0)
 (0)
 (285)","※2022.11.29 기준 2022년 하반기 전기자동차 보급사업 변경공고하였습니다.※
※2022.8.31 소형화물 물량소진으로 마감합니다※"
강원,동해시,전기화물,"*일반: 출고등록순
*우선: 출고등록순","81
 (6)
 (12)
 (15)
 (0)
 (48)",81,6,12,15,0,48,"70
 (0)
 (15)
 (14)
 (0)
 (41)",70,0,15,14,0,41,11,7,"70
 (0)
 (15)
 (14)
 (0)
 (41)",70,"11
 (6)
 (0)
 (1)
 (0)
 (7)","주요변경사항 : 자동차 수출 말소 의무운행기간 추가(5년, 2022.6.30 보조금 접수건 부터 적용), 서석일부변경
보조금 지원금액 세부내역
동해시청 홈페이지&gt;고시공고&gt;2022년 하반기 전기자동차 보급사업 공고 첨부파일 두번째 엑셀파일 참고"
강원,태백시,전기화물,"*일반: 출고등록순
*우선: 출고등록순","106
 (13)
 (13)
 (23)
 (0)
 (57)",106,13,13,23,0,57,"46
 (24)
 (8)
 (7)
 (0)
 (7)",46,24,8,7,0,7,60,50,"46
 (24)
 (8)
 (7)
 (0)
 (7)",46,"60
 (0)
 (5)
 (16)
 (0)
 (50)","- 접수기간 : 2022. 7. 8. ∼ 2022. 7. 17.(조기 소진 시 마감) 
- 보급대수 : 화물소형 43대(일반 24, 법인 9, 중소기업 생산 5대, 우선순위 5대),
                   화물초소형 22대(일반 11, 법인 5, 중소기업 생산 3, 우선순위 3대)
- 지원대상 : 신청(접수)일 기준 90일 전부터 공고일 현재까지 태백시에 주소를 둔 개인, 법인, 공공기관, 지방공기업 등 
- 선정방법 : 차량 출고·등록 순 
* 자세한 내용은 공고문 참고"
강원,속초시,전기화물,"*일반: 출고등록순
*우선: 출고등록순","88
 (8)
 (8)
 (3)
 (0)
 (69)",88,8,8,3,0,69,"61
 (8)
 (12)
 (8)
 (0)
 (33)",61,8,12,8,0,33,27,36,"57
 (7)
 (12)
 (6)
 (0)
 (32)",57,"31
 (1)
 (0)
 (0)
 (0)
 (37)","&lt;속초시 2022년도 전기자동차 보급사업 안내&gt;

1. 잔여사업량 : 화물(초소형) 30대
※ 소형화물은 예산소진으로 사업종료 되었습니다.
2. 보급기간 : 2022. 3. 2. ~ 12. 23. (보급물량 소진 시 사업 조기종료)
3. 보급차종 및 보조금액 : 차종별, 모델별 상이
(공고문 및 저공해차 통합누리집(www.ev.or.kr)에서 확인 가능)
4. 지원자격 : 구매신청일 기준 90일전부터 속초시에 주소를 둔 자
5. 지원대상자 선정방법 : 차량 출고·등록순

※ 차량 출고 전 잔여물량 반드시 확인
※ 의무운행기간(2년) 미준수 시「대기환경보전법 시행규칙」제79조의4제2항에 명시된 환수율에 따라 보조금을 환수함
※ 사업관련 문의 : 속초시 환경과 기후변화대응TF팀 033-639-2149"
강원,삼척시,전기화물,"*일반: 출고등록순
*우선: 출고등록순","47
 (0)
 (0)
 (0)
 (0)
 (47)",47,0,0,0,0,47,"40
 (2)
 (2)
 (6)
 (0)
 (30)",40,2,2,6,0,30,7,17,"40
 (2)
 (2)
 (6)
 (0)
 (30)",40,"7
 (0)
 (0)
 (0)
 (0)
 (17)",
강원,홍천군,전기화물,"*일반: 접수순
*우선: 접수순","90
 (10)
 (10)
 (19)
 (0)
 (51)",90,10,10,19,0,51,"80
 (7)
 (24)
 (6)
 (0)
 (43)",80,7,24,6,0,43,10,8,"80
 (7)
 (24)
 (6)
 (0)
 (43)",80,"10
 (3)
 (0)
 (13)
 (0)
 (8)",
강원,횡성군,전기화물,"*일반: 출고등록순
*우선: 출고등록순","67
 (0)
 (0)
 (0)
 (0)
 (67)",67,0,0,0,0,67,"68
 (3)
 (16)
 (10)
 (0)
 (39)",68,3,16,10,0,39,0,28,"67
 (3)
 (16)
 (9)
 (0)
 (39)",67,"0
 (0)
 (0)
 (0)
 (0)
 (28)","□ 사업개요
  ○ 신청기간 : 2022. 11. 25. ~ 2022. 12. 9.
  ○ 보급대수 : 126대
    - 승용 : 59대
    - 화물(소형, 경형) : 49대
    - 화물(초소형) : 18대
    ※ 사업 진행상황에 따라 변동될 수 있음
    ※ 해당 사업 잔여물량 소진시까지 진행(조기 소진 시 마감)
  ○ 사업내용 : 환경부 인증을 받은 전기자동차 구입 보조금 지원
  ○ 지원차종 : 붙임 참조
    ※ 향후 추가되는 차량은 저공해차 통합누리집(www.ev.or.kr)에 게재
  ○ 선정방법 : 출고？등록순(저공해차 구매보조금 지원시스템 &quot;지원가능확인&quot; 요청 순)"
강원,영월군,전기화물,"*일반: 출고등록순
*우선: 출고등록순","127
 (5)
 (10)
 (5)
 (0)
 (107)",127,5,10,5,0,107,"49
 (11)
 (2)
 (9)
 (0)
 (27)",49,11,2,9,0,27,78,80,"49
 (11)
 (2)
 (9)
 (0)
 (27)",49,"78
 (0)
 (8)
 (0)
 (0)
 (80)","대상자 선정 마감, 신청접수 불가"
강원,평창군,전기화물,"*일반: 출고등록순
*우선: 출고등록순","63
 (5)
 (4)
 (0)
 (0)
 (54)",63,5,4,0,0,54,"56
 (16)
 (5)
 (1)
 (0)
 (34)",56,16,5,1,0,34,7,20,"56
 (16)
 (5)
 (1)
 (0)
 (34)",56,"7
 (0)
 (0)
 (0)
 (0)
 (20)","1. 신청기간 : 2022. 11. 23.(수) 09:00 ~ 2022. 12. 16.(금)(예산 소진 시 조기 마감)
  ◇ 무공해차 구매보조금 지원시스템에 명시된 기간과 상관없이 12월 16일까지 대상자 선정이 완료되어야 함.


2. 보급수량 : 승용 93대, 소형화물 55대, 초소형화물 8대
  ◇ 1차 공고 및 2차 공고 수량이 포함되어 있으며 보조금 지급이 완료된 수량은 무공해차 구매보조금 지원시스템에서 확인할 수 있음.

3. 신청방법
  ◇전기자동차 제작ㆍ수입사를 통한 온라인 접수
    가. 신청인 : 희망하는 전기자동차 제작ㆍ수입사와 구매계약 체결
    나. 제작ㆍ수입사 : 무공해차 구매보조금 지원시스템을 통한 구매 지원 신청서류 제출

4. 선정방법 : 출고ㆍ등록순
  ◇ &apos;지원확정&apos;(대상자 선정) 단계가 아닌 &apos;자격부여&apos;단계에 출고할 경우 보조금 지급 불가
  ◇ 보조금 지원대상자로 결정된 날로부터 10일 이내에 차량 출고되지 않을 경우 대상자 선정이 취소되거나 대기자로 변경될 수 있음."
강원,정선군,전기화물,"*일반: 출고등록순
*우선: 출고등록순","57
 (6)
 (6)
 (12)
 (0)
 (33)",57,6,6,12,0,33,"47
 (8)
 (12)
 (4)
 (0)
 (23)",47,8,12,4,0,23,10,10,"46
 (8)
 (11)
 (4)
 (0)
 (23)",46,"11
 (0)
 (0)
 (8)
 (0)
 (10)",
강원,철원군,전기화물,"*일반: 출고등록순
*우선: 출고등록순","157
 (14)
 (14)
 (13)
 (0)
 (116)",157,14,14,13,0,116,"79
 (4)
 (4)
 (4)
 (0)
 (67)",79,4,4,4,0,67,78,49,"63
 (4)
 (4)
 (3)
 (0)
 (52)",63,"94
 (10)
 (10)
 (10)
 (0)
 (64)","- 보조사업 보조지원대수
 1) 전기화물차(소형): 63대(일반 26, 중소기업 생산우선 5, 우선순위 5)
 2) 전기화물차(초소형): 28대(일반 24, 중소기업 생산우선 2, 우선순위 2)
 - 접수기간 : 2022. 7. 1.(금) 10:00 ∼ 예산소진 시까지
   ※ 보조금 교부결정 대상자 선정은 2022. 7. 1. 10:00부터 무공해차 구매보조금 지원시스템상에서 ‘지원가능 확인여부’ 우선 요청자를 대상으로 함
   ※ 보급대수 소진 시 조기마감됩니다.
- 지원대상: 개인, 법인, 공공기관, 지방자치단체, 지방공기업 등이 전기자동차 보조금 지원 대상 자동차를 신규로 구매하여 철원군에 신규 등록할 경우
- 보급차량 : 보조금 지원 차량은 환경부 무공해차 통합누리집(ev.or.kr)에서 열람
- 접수방법 : 무공해자동차 구매보조금 지원시스템(ev.or.kr/ps) 상 온라인 접수
- 선정방법 : 차량 출고·등록 순"
강원,화천군,전기화물,"*일반: 출고등록순
*우선: 출고등록순","58
 (0)
 (0)
 (0)
 (0)
 (58)",58,0,0,0,0,58,"42
 (2)
 (3)
 (7)
 (0)
 (30)",42,2,3,7,0,30,16,28,"42
 (2)
 (3)
 (7)
 (0)
 (30)",42,"16
 (0)
 (0)
 (0)
 (0)
 (28)","가. 보급대수 :   초소형화물 17대
  ※ 소형화물 마감
  나. 신청기간 : 2022. 7. 6. 09:00 ~ 2022. 12. 9. 18:00 (예산소진시 사업 종료)
  다. 선정방법 : 출고등록순
  라. 보급차종 : 무공해차 통합누리집(ev.or.kr)에서 확인가능
  마. 신청방법 : 전기차 제조ㆍ판매사(영업점)를 통한 전산시스템(www.ev.or.kr/ps) 제출"
강원,양구군,전기화물,"*일반: 접수순
*우선: 접수순","67
 (6)
 (4)
 (20)
 (0)
 (37)",67,6,4,20,0,37,"67
 (0)
 (5)
 (7)
 (0)
 (55)",67,0,5,7,0,55,0,0,"65
 (0)
 (5)
 (7)
 (0)
 (53)",65,"2
 (6)
 (0)
 (13)
 (0)
 (0)",
강원,인제군,전기화물,"*일반: 출고등록순
*우선: 출고등록순","50
 (3)
 (8)
 (3)
 (0)
 (36)",50,3,8,3,0,36,"47
 (4)
 (8)
 (6)
 (0)
 (29)",47,4,8,6,0,29,3,7,"42
 (4)
 (8)
 (4)
 (0)
 (26)",42,"8
 (0)
 (0)
 (0)
 (0)
 (10)","전기 화물(소형) 잔여물량(&apos;22. 11. 3. 기준): 예산 소진에 따른 조기 마감
전기 화물(초소형) 잔여물량(&apos;22. 11. 3. 기준): 8대"
강원,고성군,전기화물,"*일반: 출고등록순
*우선: 출고등록순","39
 (0)
 (0)
 (0)
 (0)
 (39)",39,0,0,0,0,39,"43
 (4)
 (10)
 (3)
 (0)
 (26)",43,4,10,3,0,26,0,13,"40
 (4)
 (10)
 (2)
 (0)
 (24)",40,"0
 (0)
 (0)
 (0)
 (0)
 (15)",
강원,양양군,전기화물,"*일반: 출고등록순
*우선: 출고등록순","44
 (3)
 (6)
 (0)
 (0)
 (35)",44,3,6,0,0,35,"35
 (1)
 (6)
 (0)
 (0)
 (28)",35,1,6,0,0,28,9,7,"35
 (1)
 (6)
 (0)
 (0)
 (28)",35,"9
 (2)
 (0)
 (0)
 (0)
 (7)",전기자동차 구매지원
충북,청주시,전기화물,"*일반: 출고등록순
*우선: 출고등록순","740
 (75)
 (75)
 (150)
 (0)
 (440)",740,75,75,150,0,440,"816
 (79)
 (60)
 (163)
 (0)
 (514)",816,79,60,163,0,514,0,0,"731
 (76)
 (49)
 (152)
 (0)
 (454)",731,"9
 (0)
 (26)
 (0)
 (0)
 (0)","&lt; 10.5.(수) 09:00 잔여대수 공지 &gt; 
- 대상자선정 종료 / 출고취소차량 있을 경우 추가선정 가능 
- 자격부여 후 출고등록 x // 자격부여 &amp; 대상자선정 후 출고등록 ○
- 대상자선정 전 차량출고 시 보조금 지급 불가합니다.
--------------------------------------------------------------------------------
○ 지원사업(2차) 신청서식으로 신청 필(유의사항 동의서 변경)
   (시홈페이지&gt;시정소식&gt;고시공고 또는 무공해차시스템 공고파일 다운로드) 
○ 원본서류 미제출(전산등록 시 모든 서류를 1개의 PDF파일로 합쳐서 첨부)
○ 자격부여 및 대상자 선정 후 문자통보하지 않으므로 시스템 직접 확인 요망
○ 민원전화 폭주로 업무처리가 지연되므로 전화문의는 자제해 주시기 바랍니다.
--------------------------------------------------------------------------------------------
○ 접수기간 : 2022. 7. 1. 09:00 ~ 2022. 12. 9. 18:00 (예산 소진 시까지)
○ 보급대수 : 1,140대 (승용 900, 화물 240, 상반기 잔여분 미포함)"
충북,충주시,전기화물,"*일반: 출고등록순
*우선: 출고등록순","326
 (33)
 (33)
 (65)
 (0)
 (195)",326,33,33,65,0,195,"321
 (66)
 (14)
 (47)
 (0)
 (194)",321,66,14,47,0,194,5,1,"319
 (66)
 (14)
 (46)
 (0)
 (193)",319,"7
 (0)
 (19)
 (19)
 (0)
 (2)",
충북,제천시,전기화물,"*일반: 접수순
*우선: 접수순","330
 (0)
 (0)
 (0)
 (0)
 (330)",330,0,0,0,0,330,"316
 (105)
 (10)
 (39)
 (0)
 (162)",316,105,10,39,0,162,14,168,"316
 (105)
 (10)
 (39)
 (0)
 (162)",316,"14
 (0)
 (0)
 (0)
 (0)
 (168)","2022.11.18.(금)  10:30 전기화물 접수 마감되었습니다.
대상자선정자 중 출고 취소 등 사유 발생시 지원가능 요청자 중 요청순으로 우선 대상자 선정 예정입니다. 추가 신청 불가

------------------------------------------------------------------------------------------------------------------------------------------

12/7(수) 13:00 취소 물량 발생에 따라 접수순으로 대상자 선정 예정(지방세 체납, 첨부 서류 미비 등 대상자 선정 불가시 검토보류)입니다.
자세한 사항은 12/6(화)  공고문 확인 필요

-----------------------------------------------------------------------------------------------------------------------
12/7(수) 13:02 화물 마감 알림 추가 접수 없습니다."
충북,보은군,전기화물,"*일반: 출고등록순
*우선: 출고등록순","60
 (6)
 (6)
 (12)
 (0)
 (36)",60,6,6,12,0,36,"81
 (3)
 (1)
 (12)
 (0)
 (65)",81,3,1,12,0,65,0,0,"81
 (3)
 (1)
 (12)
 (0)
 (65)",81,"0
 (3)
 (5)
 (0)
 (0)
 (0)",
충북,옥천군,전기화물,"*일반: 접수순
*우선: 접수순","111
 (13)
 (3)
 (12)
 (0)
 (83)",111,13,3,12,0,83,"111
 (11)
 (3)
 (12)
 (0)
 (85)",111,11,3,12,0,85,0,0,"111
 (11)
 (3)
 (12)
 (0)
 (85)",111,"0
 (2)
 (0)
 (0)
 (0)
 (0)",
충북,영동군,전기화물,"*일반: 출고등록순
*우선: 출고등록순","160
 (0)
 (0)
 (0)
 (0)
 (160)",160,0,0,0,0,160,"221
 (13)
 (6)
 (12)
 (0)
 (190)",221,13,6,12,0,190,0,0,"199
 (13)
 (6)
 (10)
 (0)
 (170)",199,"0
 (0)
 (0)
 (0)
 (0)
 (0)",
충북,증평군,전기화물,"*일반: 출고등록순
*우선: 출고등록순","29
 (2)
 (3)
 (4)
 (0)
 (20)",29,2,3,4,0,20,"32
 (2)
 (3)
 (5)
 (0)
 (22)",32,2,3,5,0,22,0,0,"29
 (2)
 (3)
 (4)
 (0)
 (20)",29,"0
 (0)
 (0)
 (0)
 (0)
 (0)",
충북,진천군,전기화물,"*일반: 출고등록순
*우선: 출고등록순","140
 (11)
 (5)
 (19)
 (0)
 (105)",140,11,5,19,0,105,"139
 (13)
 (3)
 (21)
 (0)
 (102)",139,13,3,21,0,102,1,3,"139
 (13)
 (3)
 (21)
 (0)
 (102)",139,"1
 (0)
 (2)
 (0)
 (0)
 (3)","1. 본공고
가. 신청기간 : 2022. 2. 14.(월) ~ 예산 소진 시까지
나. 보급대수 : 화물 약110대(일반 75, 법인·기관 19, 우선 11, 중소기업생산 5) ※예산범위 내 사업량은 변경될 수 있음
다. 선정방법 : 구매보조금 지원시스템(ev.or.kr) 출고,등록순
라. 기타 자세한 사항은 진천군 공고 제2022-190호 참고

2. 추경1차
가. 신청기간 : 2022. 9. 20.(화) ~ 예산 소진 시까지
나. 보급대수 : 화물 약 30대 ※예산범위 내 사업량은 변경될 수 있음
다. 선정방법 : 구매보조금 지원시스템(ev.or.kr) 출고,등록순
라. 기타 자세한 사항은 진천군 공고 제2022-1224호 참고"
충북,괴산군,전기화물,"*일반: 출고등록순
*우선: 출고등록순","82
 (8)
 (12)
 (10)
 (0)
 (52)",82,8,12,10,0,52,"67
 (7)
 (1)
 (8)
 (0)
 (51)",67,7,1,8,0,51,15,1,"67
 (7)
 (1)
 (8)
 (0)
 (51)",67,"15
 (1)
 (11)
 (2)
 (0)
 (1)","2022.07.18.(월) 09시부터 접수시작(출고,등록순)"
충북,음성군,전기화물,"*일반: 출고등록순
*우선: 출고등록순","193
 (7)
 (11)
 (14)
 (0)
 (161)",193,7,11,14,0,161,"228
 (25)
 (5)
 (46)
 (0)
 (152)",228,25,5,46,0,152,0,9,"183
 (24)
 (5)
 (31)
 (0)
 (123)",183,"10
 (0)
 (6)
 (0)
 (0)
 (38)","★ 추경2차 접수기간: 2022. 11. 10.(목) 10:00 ~2022. 11. 18.(금) 또는 예산 소진 시가지
★ 선정방법: 출고등록순
★ 2022. 11. 10.(목) 18시 이후 일괄 자격부여 후, 2022. 11. 11.(금) 09:00 ~ 지원가능확인요청 순으로 대상자 선정됩니다★ 
★ 지원가능확인요청  첨부파일에 차량배정 증빙자료를 꼭 첨부하여 주시기 바랍니다. 
☆ 시스템 상 잔여대수와 실제 잔여대수는 상이하니 유선으로 확인 바랍니다."
충북,단양군,전기화물,"*일반: 접수순
*우선: 접수순","84
 (8)
 (12)
 (12)
 (0)
 (52)",84,8,12,12,0,52,"59
 (9)
 (1)
 (6)
 (0)
 (43)",59,9,1,6,0,43,25,9,"59
 (9)
 (1)
 (6)
 (0)
 (43)",59,"25
 (0)
 (11)
 (6)
 (0)
 (9)",
충남,천안시,전기화물,"*일반: 출고등록순
*우선: 출고등록순","224
 (22)
 (20)
 (43)
 (0)
 (139)",224,22,20,43,0,139,"221
 (22)
 (19)
 (43)
 (0)
 (137)",221,22,19,43,0,137,3,2,"221
 (22)
 (19)
 (43)
 (0)
 (137)",221,"3
 (0)
 (1)
 (0)
 (0)
 (2)","&lt;&lt;2022년 하반기 전기자동차(화물) 보급사업 안내&gt;&gt;   

★★★ 전체 물량 마감★★★ 
★★★ 화물-일반  / 화물-우선순위  / 화물-법인,기관 / 화물-중소기업  대상자 선정 완료★★★


○  사업명 :2022년 전기자동차 보급사업 2차 

○  신청기간 
     -화물: 2022.09.08(목) 10:00~
      ※추경1차에 신청하시기 바랍니다.

○  보급대수
    -화물: 총 103대(일반 62, 법인기관 21, 우선10, 중소기업생산물량 10)

○  지원자격 : 구매신청서 접수일기준 30일 이전부터 연속하여 천안시에 주소를 둔 만 18세 이상 개인(사업자)
○  선정기준 : 자동차 출고.등록순

※ 차종에 따른 보조금 차이로 인해 지원대수는 예산내에서 변동될 수 있습니다.
※ 전기차 구매 지원신청서 유의사항 동의서가 변경됨에 따라 새로운 서식으로 신청하시기 바랍니다. 
※ 주민등록등(초)본, 지방세납세증명서, 가족관계증명서 등은 구매신청서 접수일 기준 30일 이내 발급분만 유효함을 안내드립니다.
※ 민원 전화 폭주로 인해 업무처리가 지연되오니 빠른처리를 위해 가능한 전화문의는 자제부탁드립니다."
충남,공주시,전기화물,"*일반: 출고등록순
*우선: 출고등록순","100
 (10)
 (5)
 (10)
 (0)
 (75)",100,10,5,10,0,75,"116
 (11)
 (10)
 (21)
 (0)
 (74)",116,11,10,21,0,74,0,1,"100
 (10)
 (5)
 (21)
 (0)
 (64)",100,"0
 (0)
 (0)
 (0)
 (0)
 (11)","&lt;전기화물차&gt; 
- 2차 50대
- 9/5 09:00부터 신청
- 9/5 우선순위 마감
- 9/6 예산 소진

&lt;전기승용차&gt;
- 2차 131대
- 9/5 09:00부터 신청
- 우선순위 물량 10/1부터 통합예정"
충남,보령시,전기화물,"*일반: 출고등록순
*우선: 출고등록순","173
 (16)
 (16)
 (32)
 (0)
 (109)",173,16,16,32,0,109,"216
 (31)
 (4)
 (23)
 (0)
 (158)",216,31,4,23,0,158,0,0,"168
 (23)
 (4)
 (16)
 (0)
 (125)",168,"5
 (0)
 (12)
 (16)
 (0)
 (0)","모든 물량 마감되었습니다.
올해 추가 공고 예정은 더이상 없으며, 추가 공고가 있을 시 사전에 통합누리집에 공지할 예정입니다.

○ 접수기간 : 2022. 9. 28.(수) ~ 예산 소진 시까지
○ 사업물량 : 총 9대
※ 유형별 예산 범위 내에서 사업 물량은 변동될 수 있음
○ 모든 제출서류 원본은 보조금 신청 시 제작·수입사에서 일괄하여 &apos;충남 보령시 성주산로 77, 보령시청 3층 환경보호과’ 로 방문 또는 우편 제출"
충남,아산시,전기화물,"*일반: 출고등록순
*우선: 출고등록순","176
 (18)
 (17)
 (35)
 (0)
 (106)",176,18,17,35,0,106,"250
 (24)
 (17)
 (51)
 (0)
 (158)",250,24,17,51,0,158,0,0,"181
 (18)
 (17)
 (35)
 (0)
 (111)",181,"0
 (0)
 (0)
 (0)
 (0)
 (0)","▶2022년 전기화물차 지원사업◀ 

**모든 물량 마감되었습니다.**

===========================================
- 일반, 우선순위 마감(6월 28일 마감)

- 법인 마감(6월 29일 마감)

- 중소기업생산구매 마감(8월 31일 마감)
==========================================="
충남,서산시,전기화물,"*일반: 출고등록순
*우선: 출고등록순","139
 (14)
 (5)
 (8)
 (0)
 (112)",139,14,5,8,0,112,"136
 (26)
 (3)
 (19)
 (0)
 (88)",136,26,3,19,0,88,3,24,"136
 (26)
 (3)
 (19)
 (0)
 (88)",136,"3
 (0)
 (2)
 (0)
 (0)
 (24)","○ 접수기간 : 2022. 2. 22. 13:00 ~ 2022. 11. 30. 18:00
* 예산 또는 물량 소진 시까지 / 상반기 잔여분 발생시 하반기 보급물량에 합산
○ 보급대수
- 승용 250대(일반 120, 우선 82, 택시 24, 법인기관 24)
- 화물 140대(일반 84, 우선 14, 중소기업 14, 법인기관 28)
○ 선정방법 : 자동차 출고·등록 순
○ 신청자격 : 서산시민, 서산시 소재 법인기관 등
○ 신청기준 : 승용 개인 1대, 법인·기관 1대

※ 전기화물차 마감되었습니다."
충남,논산시,전기화물,"*일반: 출고등록순
*우선: 출고등록순","95
 (9)
 (5)
 (11)
 (0)
 (70)",95,9,5,11,0,70,"188
 (10)
 (4)
 (29)
 (0)
 (145)",188,10,4,29,0,145,0,0,"94
 (9)
 (3)
 (18)
 (0)
 (64)",94,"1
 (0)
 (2)
 (0)
 (0)
 (6)","하반기 화물차 보급사업 안내
1. 사 업 명 : 2022년 전기화물차 보급사업 공고
2. 신청기간 : 2022. 10. 24.(월) ~ 12. 2.(금) (09:00~18:00)
3. 신청방법 : 구입을 희망하는 전기화물차 제조/판매사에 방문하여 구매계약서 및 구매신청서 작성 및 접수
4. 사 업 량  : 40대- 일반 36대/우선순위 4대 (물량 소진 시 조기 마감될 수 있음)
     * 예산범위 내에서 사업 물량이 조정 될 수 있음
    ※ 우선순위의 경우 2022. 10. 24.(월) ~ 11. 18.(금)까지 접수 후 이후부터는 기존 물량과 통합하여 집행
5. 지원금액 : 최대 2,300만원(차량별 보조금 상이)
6. 지원대상 : 신청일 기준 1개월 이전부터 연속하여 논산에 주소를 둔 만18세 이상 논산시민, 법인, 단체 등
7. 대상자 선정 방법 : 출고/등록순(지원가능 확인요청 순(차량출고가능 전산 필수))
 * 체납조회(지방세 및 세외수입 등)등 결격사유 조회 후 대상자 선정(2~3일 소요)
 * 체납금 미납부할 경우 보조금 지급 대상자에서 취소될 수 있으니 유의 바람
자세한 사항은 논산시청 홈페이지 공고문(첨부파일), 영업점(대리점,지점) 또는 무공해차 구매보조금 지원시스템(http://www.ev.or.kr/ps)을 참고해주세요."
충남,계룡시,전기화물,"*일반: 출고등록순
*우선: 출고등록순","53
 (0)
 (0)
 (0)
 (0)
 (53)",53,0,0,0,0,53,"52
 (7)
 (4)
 (7)
 (0)
 (34)",52,7,4,7,0,34,1,19,"52
 (7)
 (4)
 (7)
 (0)
 (34)",52,"1
 (0)
 (0)
 (0)
 (0)
 (19)","○ 보급대수 : 전기화물차 약 30대(우선 3, 법인,기관 6, 중소기업생산 3)
           ※ 우선순위 10.1.부터 / 법인,기관 7.1.부터 / 중소기업생산물량 9.1.부터 일반물량과 통합하여 진행
○ 지원자격 : 접수일 기준 3개월전부터 계룡시에 연속하여 주소를 둔 만18세 이상의 계룡시민
          ※ 법인·기관의 경우 접수일 기준 3개월전부터 계룡시에 소재
○ 지원대수
  - 개인별 1대(세대 내 중복 지원 가능)
  - 법인·기관 최대 2대
○ 지원제외 : 최근 2년 내 정부 및 지자체 보조금을 수령하여 전기화물차를 구매한 이력이 있는 자"
충남,당진시,전기화물,"*일반: 출고등록순
*우선: 출고등록순","226
 (23)
 (23)
 (45)
 (0)
 (135)",226,23,23,45,0,135,"276
 (30)
 (7)
 (42)
 (0)
 (197)",276,30,7,42,0,197,0,0,"221
 (27)
 (5)
 (35)
 (0)
 (154)",221,"5
 (0)
 (18)
 (10)
 (0)
 (0)","★★★★★★ 전기화물은 마감되었습니다. ★★★★★★
 ★★★★★★ 추경은 없을 예정입니다. ★★★★★★"
충남,금산군,전기화물,"*일반: 출고등록순
*우선: 출고등록순","64
 (7)
 (7)
 (13)
 (0)
 (37)",64,7,7,13,0,37,"75
 (12)
 (6)
 (10)
 (0)
 (47)",75,12,6,10,0,47,0,0,"72
 (12)
 (4)
 (10)
 (0)
 (46)",72,"0
 (0)
 (3)
 (3)
 (0)
 (0)","1차 공고 마감

2차 공고
마감

3차 공고
일반 10대(9.23. 일 부터 접수 가능)

*(필수) 2022. 06. 30. 신청분 부터 의무운행기간 조정(22년 6월 지침 변경)
 - 일     반 : 의무운행기간 2년(기존 요율 적용)
 - (신설)수출 목적 등록 말소 : 5년(별도 요율 적용)"
충남,부여군,전기화물,"*일반: 출고등록순
*우선: 출고등록순","137
 (14)
 (14)
 (20)
 (0)
 (89)",137,14,14,20,0,89,"187
 (17)
 (1)
 (17)
 (0)
 (152)",187,17,1,17,0,152,0,0,"134
 (16)
 (1)
 (12)
 (0)
 (105)",134,"3
 (0)
 (13)
 (8)
 (0)
 (0)",부여군 전기자동차 보급사업 마감되었습니다.
충남,서천군,전기화물,"*일반: 출고등록순
*우선: 출고등록순","104
 (0)
 (0)
 (0)
 (0)
 (104)",104,0,0,0,0,104,"116
 (11)
 (5)
 (14)
 (0)
 (86)",116,11,5,14,0,86,0,18,"103
 (11)
 (4)
 (13)
 (0)
 (75)",103,"1
 (0)
 (0)
 (0)
 (0)
 (29)",★신청마감★
충남,청양군,전기화물,"*일반: 출고등록순
*우선: 출고등록순","60
 (6)
 (9)
 (6)
 (0)
 (39)",60,6,9,6,0,39,"57
 (6)
 (0)
 (12)
 (0)
 (39)",57,6,0,12,0,39,3,0,"57
 (6)
 (0)
 (12)
 (0)
 (39)",57,"3
 (0)
 (9)
 (0)
 (0)
 (0)",
충남,홍성군,전기화물,"*일반: 출고등록순
*우선: 출고등록순","73
 (9)
 (8)
 (15)
 (0)
 (41)",73,9,8,15,0,41,"171
 (21)
 (10)
 (19)
 (0)
 (121)",171,21,10,19,0,121,0,0,"110
 (14)
 (7)
 (15)
 (0)
 (74)",110,"0
 (0)
 (1)
 (0)
 (0)
 (0)",대상자 선정 후 출고 완료된 건만 원본 서류 송부바랍니다.
충남,예산군,전기화물,"*일반: 출고등록순
*우선: 출고등록순","143
 (8)
 (11)
 (12)
 (0)
 (112)",143,8,11,12,0,112,"161
 (12)
 (7)
 (16)
 (0)
 (126)",161,12,7,16,0,126,0,0,"161
 (12)
 (7)
 (16)
 (0)
 (126)",161,"0
 (0)
 (4)
 (0)
 (0)
 (0)",마감
충남,태안군,전기화물,"*일반: 출고등록순
*우선: 출고등록순","90
 (8)
 (8)
 (15)
 (0)
 (59)",90,8,8,15,0,59,"112
 (10)
 (1)
 (17)
 (0)
 (84)",112,10,1,17,0,84,0,0,"99
 (10)
 (0)
 (16)
 (0)
 (73)",99,"0
 (0)
 (8)
 (0)
 (0)
 (0)",
전북,전주시,전기화물,"*일반: 출고등록순
*우선: 출고등록순","500
 (50)
 (50)
 (100)
 (0)
 (300)",500,50,50,100,0,300,"591
 (69)
 (45)
 (96)
 (0)
 (381)",591,69,45,96,0,381,0,0,"470
 (52)
 (44)
 (83)
 (0)
 (291)",470,"30
 (0)
 (6)
 (17)
 (0)
 (9)","1. 신청기간(하반기): 22. 8. 8. (09:00) ~ 8. 12. (19:00) ※접수기간 끝난 후 진행상황에 따라 2차 접수기간 열릴 수 있음
2. &quot;지원가능확인&quot; 요청 가능 일자 : 22. 8. 16. (09:00) ~
3. 하반기 보급대수 : 승용 600대(일반 205, 택시 150, 우선순위 60, 법인기관 180, 미세먼지 안심관리구역 5)
                                화물 300대(일반 180, 우선순위 30, 법인기관 60, 중소기업생산제품 30)

※ 하반기 공고 대수는 총괄현황의 대수 대신 위의 보급대수로 봐주시길 바랍니다."
전북,군산시,전기화물,"*일반: 출고등록순
*우선: 출고등록순","392
 (40)
 (60)
 (80)
 (0)
 (212)",392,40,60,80,0,212,"513
 (119)
 (51)
 (94)
 (0)
 (249)",513,119,51,94,0,249,0,0,"392
 (110)
 (42)
 (76)
 (0)
 (164)",392,"0
 (0)
 (18)
 (4)
 (0)
 (48)",★★★ 전기화물차 지원대상자 선정완료(보조금 지급 완료)
전북,익산시,전기화물,"*일반: 출고등록순
*우선: 출고등록순","381
 (45)
 (35)
 (55)
 (0)
 (246)",381,45,35,55,0,246,"469
 (68)
 (39)
 (63)
 (0)
 (299)",469,68,39,63,0,299,0,0,"376
 (50)
 (28)
 (57)
 (0)
 (241)",376,"5
 (0)
 (7)
 (0)
 (0)
 (5)","※2022년 하반기 익산시 전기자동차(승용·화물) 민간보급사업 공고※
- 신청기간: 2022. 8. 11.(목) 09:00 ~ 예산소진시까지
- 보급대수: 100대
- 보급대상: 기업,법인,사업자,단체 등(1세대 당 1대)
- 선정방법: 출고등록순
- 신청방법: 환경부 전기자동차 포털(www.ev.or.kr)에 접수

☆ 유의사항 ☆
- 전라북도 및 익산시 보조금을 지급받은 전기자동차 구매자는 2년간의 의무운행기간을 전라북도 내에서 준수하여야 함
- 전라북도 내에서 의무운행기간 미준수(타시도 판매) 시에는 환수율에 따라 지방비(도·시비) 보조금을 환수함

구매 보조금 지급신청서,  보조금 교부 신청서 원본은 제작·판매사에서 일괄하여 익산시로 제출
(주소 : 전라북도 익산시 무왕로 1397 동문, 환경정책과)"
전북,정읍시,전기화물,"*일반: 출고등록순
*우선: 출고등록순","200
 (23)
 (20)
 (35)
 (0)
 (122)",200,23,20,35,0,122,"201
 (24)
 (4)
 (18)
 (0)
 (155)",201,24,4,18,0,155,0,0,"201
 (24)
 (4)
 (18)
 (0)
 (155)",201,"0
 (0)
 (16)
 (17)
 (0)
 (0)","화물 일반(법인 포함) 선정 완료
화물 우선순위 선정 완료
================================================
&lt;2022년 하반기 전기자동차 보급사업&gt;
○ 신청기간 : 2022.7.11.(월) 09:00 ~ 12.09.(금), 예산소진시까지
○ 보급대수 : 219대(전기 승용차 117대, 전기화물차 102대)
○ 선정방법 : 차량 출고등록순
○지원대수 : 1대(개인, 기업, 법인, 사업자, 단체 등)

** 전라북도 및 정읍시 보조금을 지급받은 전기자동차 구매자는 의무운행기간을 전라북도 내에서 준수하여야 함
    ( 전라북도 내에서 의무운행기간 미준수(타시도 판매) 시에는 환수율에 따라 지방비(도·시비) 보조금을 환수함)
** 신청서 처리기한 7일이내 (당일불가)
** 지급신청한후 지원신청서류 및 지급신청서류 원본제출바람
     (우편주소 : 전라북도 정읍시 충정로 234, 정읍시청 환경과 전기차 담당자앞)
★ 시스템의 출고잔여 대수는 실제 잔여대수와 다를 수 있으므로 담당자에게 확인바랍니다 ★"
전북,남원시,전기화물,"*일반: 출고등록순(보조금 지원가능 확인요청 제출순)
*우선: 출고등록순(보조금 지원가능 확인요청 제출순)","280
 (14)
 (14)
 (0)
 (0)
 (252)",280,14,14,0,0,252,"219
 (9)
 (1)
 (20)
 (0)
 (189)",219,9,1,20,0,189,61,63,"205
 (9)
 (1)
 (19)
 (0)
 (176)",205,"75
 (5)
 (13)
 (0)
 (0)
 (76)",사업 추진 중
전북,김제시,전기화물,"*일반: 출고등록순
*우선: 출고등록순","119
 (11)
 (7)
 (18)
 (0)
 (83)",119,11,7,18,0,83,"156
 (12)
 (6)
 (23)
 (0)
 (115)",156,12,6,23,0,115,0,0,"118
 (11)
 (5)
 (20)
 (0)
 (82)",118,"1
 (0)
 (2)
 (0)
 (0)
 (1)","○ 전기자동차 신청기간 : 2022.7.20.(수)~예산소진 시까지
○ 사업물량 : 총70대(승용38대, 화물 32대)
○ 보급차종 : 무공해차 통합누리집 참조
○ 대상자선정 : 출고·등록순(지원가능확인요청순)
※ 기타 자세한 사항은 공고문 참조"
전북,완주군,전기화물,"*일반: 출고등록순
*우선: 출고등록순","50
 (5)
 (4)
 (9)
 (0)
 (32)",50,5,4,9,0,32,"116
 (8)
 (7)
 (14)
 (0)
 (87)",116,8,7,14,0,87,0,0,"49
 (5)
 (4)
 (9)
 (0)
 (31)",49,"1
 (0)
 (0)
 (0)
 (0)
 (1)",
전북,진안군,전기화물,"*일반: 출고등록순
*우선: 출고등록순","36
 (3)
 (6)
 (7)
 (0)
 (20)",36,3,6,7,0,20,"63
 (11)
 (0)
 (7)
 (0)
 (45)",63,11,0,7,0,45,0,0,"30
 (6)
 (0)
 (6)
 (0)
 (18)",30,"6
 (0)
 (6)
 (1)
 (0)
 (2)",
전북,무주군,전기화물,"*일반: 출고등록순
*우선: 출고등록순","23
 (4)
 (2)
 (3)
 (0)
 (14)",23,4,2,3,0,14,"23
 (2)
 (2)
 (0)
 (0)
 (19)",23,2,2,0,0,19,0,0,"19
 (2)
 (2)
 (0)
 (0)
 (15)",19,"4
 (2)
 (0)
 (3)
 (0)
 (0)",
전북,장수군,전기화물,"*일반: 출고등록순
*우선: 출고등록순","74
 (5)
 (5)
 (10)
 (0)
 (54)",74,5,5,10,0,54,"86
 (18)
 (1)
 (5)
 (0)
 (62)",86,18,1,5,0,62,0,0,"63
 (17)
 (1)
 (4)
 (0)
 (41)",63,"11
 (0)
 (4)
 (6)
 (0)
 (13)","0신청기간 : 2022. 7. 13(수) ~ 12. 09(금)
0보급대수 : 화물전기자동차 24대(일반 24대)"
전북,임실군,전기화물,"*일반: 출고등록순
*우선: 출고등록순","100
 (10)
 (10)
 (12)
 (0)
 (68)",100,10,10,12,0,68,"59
 (1)
 (2)
 (2)
 (0)
 (54)",59,1,2,2,0,54,41,14,"59
 (1)
 (2)
 (2)
 (0)
 (54)",59,"41
 (9)
 (8)
 (10)
 (0)
 (14)",
전북,순창군,전기화물,"*일반: 출고등록순
*우선: 출고등록순","30
 (3)
 (3)
 (6)
 (0)
 (18)",30,3,3,6,0,18,"31
 (3)
 (1)
 (3)
 (0)
 (24)",31,3,1,3,0,24,0,0,"28
 (3)
 (0)
 (3)
 (0)
 (22)",28,"2
 (0)
 (3)
 (3)
 (0)
 (0)",
전북,고창군,전기화물,"*일반: 출고등록순
*우선: 출고등록순","80
 (8)
 (8)
 (0)
 (0)
 (64)",80,8,8,0,0,64,"94
 (9)
 (5)
 (15)
 (0)
 (65)",94,9,5,15,0,65,0,0,"80
 (8)
 (3)
 (15)
 (0)
 (54)",80,"0
 (0)
 (5)
 (0)
 (0)
 (10)","2022년 하반기 고창군 신청기간 : 8. 8.(월) ~ 예산소진시
2022년 8월 17일 수요일 18:00 현재
남은물량 : 0대"
전북,부안군,전기화물,"*일반: 출고등록순
*우선: 출고등록순","40
 (2)
 (3)
 (4)
 (0)
 (31)",40,2,3,4,0,31,"80
 (8)
 (6)
 (12)
 (0)
 (54)",80,8,6,12,0,54,0,0,"69
 (8)
 (6)
 (10)
 (0)
 (45)",69,"0
 (0)
 (0)
 (0)
 (0)
 (0)","전기화물차
전체 19대
일반 19대

신청서류 
○ (개인) 전기차 구매 지원신청서, 차량구매계약서, 주민등록초본*
 ○ (법인, 단체, 공공기관)
   - 사업자등록증 또는 등기부등본, 전기차 구매 지원 신청서, 차량구매계약서
 ○ 추가서류 (우선지원 신청자에 한함)
  ① 다자녀가구 : 가족관계증명서
  ② 취약계층 : 장애인등록증, 기초생활수급자 증명서, 차상위 증명서
     국가유공자확인원
  ③ 소상공인 : 소상공인 확인서(중소기업현황정보시스템 발급)
  ④생애 최초 차량 : 지방세 세목별 과세증명서 중 자동차세 미과세 증명서      
       (이전 주소지 포함)
  ⑤전기택시 : 택시 사업자 면허증 사본
      ※ 개인택시 등 개인영업용 차량의 경우 사용본거지를 기준으로 함
  ⑥ 노후경유차 폐차 : 보조금 청구 시 경유차 말소등록증 사본
  ⑦ K-EV100 참여업체 확인 서류
  * 주민등록초본은 신청서 접수일 기준 1개월 이내 발급된 상세내역이 포함된 서류
선정방법: 차량 차량 출고·등록 순"
전남,목포시,전기화물,"*일반: 접수순(초과시 추첨)
*우선: 접수순(초과시 추첨)","51
 (6)
 (6)
 (11)
 (0)
 (28)",51,6,6,11,0,28,"76
 (5)
 (3)
 (19)
 (0)
 (49)",76,5,3,19,0,49,0,0,"51
 (5)
 (3)
 (11)
 (0)
 (32)",51,"0
 (1)
 (3)
 (0)
 (0)
 (0)","1. 신청기간 : 2022. 3. 3.(목) ~ 3. 11.(금) 
2. 보급대수 : 화물 51대 
3. 선정방법 : 차량 출고,등록순 (초과시 추첨제)
- 차종별 지방비는 구매보조금 지원시스템에서 확인 필요 
4. 기타 자세한 사항은 목포시 공고 제2022-378호 참조
※첨부파일 제출시 첨부파일 안내문구 확인"
전남,여수시,전기화물,"*일반: 출고등록순
*우선: 출고등록순","249
 (20)
 (20)
 (40)
 (0)
 (169)",249,20,20,40,0,169,"248
 (26)
 (9)
 (71)
 (0)
 (142)",248,26,9,71,0,142,1,27,"243
 (25)
 (9)
 (70)
 (0)
 (139)",243,"6
 (0)
 (11)
 (0)
 (0)
 (30)","1. 신청기간 : 2022. 2. 16.(수) ~ 예산 소진 시까지 
2. 보급대수 : 승용 250대, 화물 200대 
 ※ 사업물량은 보급여건 및 예산 범위 내에서 변동될 수 있음.
3. 선정방법 : 구매보조금 지원시스템(ev.or.kr)에서 출고,등록순 
- 차종별 지방비는 구매보조금 지원시스템에서 확인 필요. 
- 구매보조금 지원시스템 정상운영시부터 접수 
4. 기타 자세한 사항은 여수시 공고 제2022-500호 참조"
전남,순천시,전기화물,"*일반: 출고등록순
*우선: 출고등록순","128
 (13)
 (13)
 (25)
 (0)
 (77)",128,13,13,25,0,77,"127
 (15)
 (7)
 (26)
 (0)
 (79)",127,15,7,26,0,79,1,0,"127
 (15)
 (7)
 (26)
 (0)
 (79)",127,"1
 (0)
 (6)
 (0)
 (0)
 (0)","2022. 9. 2. 기준 2022년도 1차 및 2차(하반기)
전기화물 예산이 소진되어 마감되었습니다."
전남,나주시,전기화물,"*일반: 출고등록순
*우선: 출고등록순","120
 (12)
 (1)
 (14)
 (0)
 (93)",120,12,1,14,0,93,"173
 (16)
 (4)
 (33)
 (0)
 (120)",173,16,4,33,0,120,0,0,"120
 (12)
 (1)
 (26)
 (0)
 (81)",120,"0
 (0)
 (0)
 (0)
 (0)
 (12)","※ 전기자동차 2차 보급 일정 안내
 - 9. 5. 공고
 - 9. 14. 부터 구매지원신청서 신청 가능
 - 9. 15. 부터 보조금 지원가능 확인요청 신청 가능
====================================
화물 대상자 선정 완료되었습니다. 감사합니다. 2023년 상반기 보급사업을 기다려주시기 바랍니다."
전남,광양시,전기화물,"*일반: 출고등록순
*우선: 출고등록순","298
 (31)
 (31)
 (0)
 (0)
 (236)",298,31,31,0,0,236,"310
 (24)
 (12)
 (47)
 (0)
 (227)",310,24,12,47,0,227,0,9,"298
 (24)
 (12)
 (45)
 (0)
 (217)",298,"0
 (7)
 (19)
 (0)
 (0)
 (19)","&lt;2022년 전기자동차 보급사업&gt;

1. 신청기간 : 2022. 2.23.(수) ∼ 예산 소진시까지
2. 보급물량 : 승용 451대  (일반 223, 우선순위 46, 법인기관 136, 택시 46)
                     화물 222대  (일반 131, 우선순위 23, 법인기관 45, 중소기업생산물량 23)
3. 지원대수 : 개인(사업자) 1대, 법인·기관·단체 최대 3대
4. 지원금액
   - 화물전기 : (소형특수) 최대 2,865만원/대  (소형) 2,250만원/대
                      (경형) 1,607만원/대           (초소형) 964만원/대
   
 5. 선정기준 : 차량 출고,등록순(보조금 지원가능 확인요청일 순)
---------------------------------------------------------------------------------------------------------------------------------------

####화물 마감 완료####"
전남,담양군,전기화물,"*일반: 출고등록순
*우선: 출고등록순","67
 (7)
 (2)
 (14)
 (0)
 (44)",67,7,2,14,0,44,"67
 (7)
 (2)
 (14)
 (0)
 (44)",67,7,2,14,0,44,0,0,"67
 (7)
 (2)
 (14)
 (0)
 (44)",67,"0
 (0)
 (0)
 (0)
 (0)
 (0)","우선순위, 법인 물량 미소진시 일반물량으로 전환접수 예정
※ 우선순위 : 2022.9.30일까지, 중소기업 : 2022.8.31일까지
    우선순위 대상자 신청이 없을 경우 일반 신청인에게 보급"
전남,곡성군,전기화물,"*일반: 출고등록순
*우선: 출고등록순","35
 (3)
 (3)
 (2)
 (0)
 (27)",35,3,3,2,0,27,"44
 (4)
 (2)
 (2)
 (0)
 (36)",44,4,2,2,0,36,0,0,"38
 (4)
 (2)
 (2)
 (0)
 (30)",38,"0
 (0)
 (1)
 (0)
 (0)
 (0)","총 승용 67대 화물 39대 

1차 승용 30대 화물 30대
2차 승용 40대 화물 10대"
전남,구례군,전기화물,"*일반: 출고등록순
*우선: 출고등록순","26
 (2)
 (2)
 (4)
 (0)
 (18)",26,2,2,4,0,18,"28
 (5)
 (1)
 (6)
 (0)
 (16)",28,5,1,6,0,16,0,2,"24
 (4)
 (1)
 (5)
 (0)
 (14)",24,"2
 (0)
 (1)
 (0)
 (0)
 (4)",
전남,고흥군,전기화물,"*일반: 출고등록순
*우선: 출고등록순","42
 (4)
 (4)
 (0)
 (0)
 (34)",42,4,4,0,0,34,"52
 (0)
 (4)
 (6)
 (0)
 (42)",52,0,4,6,0,42,0,0,"52
 (0)
 (4)
 (6)
 (0)
 (42)",52,"0
 (4)
 (0)
 (0)
 (0)
 (0)",
전남,보성군,전기화물,"*일반: 출고등록순
*우선: 출고등록순","13
 (2)
 (3)
 (3)
 (0)
 (5)",13,2,3,3,0,5,"49
 (7)
 (1)
 (8)
 (0)
 (33)",49,7,1,8,0,33,0,0,"42
 (7)
 (1)
 (5)
 (0)
 (29)",42,"0
 (0)
 (2)
 (0)
 (0)
 (0)","1. 신청기간 : 2022. 7. 13.(수) ~ 예산 소진 시 까지
2. 보급대수 : 13대 (일반 5대, 우선순위 2대, 법인,기관 3대, 중소기업 생산제품 3대)
   ※ 별도 물량에 잔여분이 있을 경우 중소기업생산제품 물량은 9월부터, 우선순위 물량은 10월부터 일반 물량과 통합하여 보급
3. 지원금액
   - (초소형) 대당 964만원 / (경형) 대당 1,607만원
     (소형) 대당 최대 2,250만원 / (소형특수) 대당 최대 2,633만원
    ※ 추가보조금 대상 : 소상공인
  4. 선정기준 : 차량 출고,등록순(보조금 지원가능 확인 요청일 순)"
전남,화순군,전기화물,"*일반: 출고등록순
*우선: 출고등록순","56
 (6)
 (6)
 (12)
 (0)
 (32)",56,6,6,12,0,32,"55
 (6)
 (1)
 (9)
 (0)
 (39)",55,6,1,9,0,39,1,0,"55
 (6)
 (1)
 (9)
 (0)
 (39)",55,"1
 (0)
 (5)
 (3)
 (0)
 (0)",2022년 전기자동차(화물) 보급사업 신청 마감되었음을 알려드립니다.
전남,장흥군,전기화물,"*일반: 출고등록순
*우선: 출고등록순","59
 (7)
 (7)
 (13)
 (0)
 (32)",59,7,7,13,0,32,"53
 (0)
 (1)
 (8)
 (0)
 (44)",53,0,1,8,0,44,6,0,"53
 (0)
 (1)
 (8)
 (0)
 (44)",53,"6
 (7)
 (6)
 (5)
 (0)
 (0)",
전남,강진군,전기화물,"*일반: 출고등록순
*우선: 출고등록순","32
 (4)
 (4)
 (8)
 (0)
 (16)",32,4,4,8,0,16,"44
 (6)
 (3)
 (4)
 (0)
 (31)",44,6,3,4,0,31,0,0,"37
 (5)
 (3)
 (2)
 (0)
 (27)",37,"0
 (0)
 (1)
 (6)
 (0)
 (0)",
전남,해남군,전기화물,"*일반: 출고등록순
*우선: 출고등록순","109
 (11)
 (8)
 (5)
 (0)
 (85)",109,11,8,5,0,85,"115
 (12)
 (5)
 (11)
 (0)
 (87)",115,12,5,11,0,87,0,0,"109
 (12)
 (5)
 (10)
 (0)
 (82)",109,"0
 (0)
 (3)
 (0)
 (0)
 (3)",
전남,영암군,전기화물,"*일반: 출고등록순
*우선: 출고등록순","64
 (7)
 (7)
 (13)
 (0)
 (37)",64,7,7,13,0,37,"64
 (7)
 (3)
 (16)
 (0)
 (38)",64,7,3,16,0,38,0,0,"63
 (7)
 (2)
 (16)
 (0)
 (38)",63,"1
 (0)
 (5)
 (0)
 (0)
 (0)",전기화물차 접수 만료
전남,무안군,전기화물,"*일반: 출고등록순
*우선: 출고등록순","67
 (7)
 (7)
 (13)
 (0)
 (40)",67,7,7,13,0,40,"79
 (10)
 (4)
 (8)
 (0)
 (57)",79,10,4,8,0,57,0,0,"65
 (8)
 (4)
 (6)
 (0)
 (47)",65,"2
 (0)
 (3)
 (7)
 (0)
 (0)","&lt;2022년 전기자동차 민간보급사업(하반기)&gt;
 ○ 지원대상 : 신청접수일로부터 90일 이전 무안군에 연속적으로 주소를 둔 만18세 이상 군민 또는 무안군 내 사업장이 위치한 법인 및 기업 
 ○ 사업량 : 총 145대
   - 전기자동차 : 109대(일반 44, 법인기관 52, 우선 6, 택시 7)
   - 전기화물차 :  36대(일반 17, 법인기관 10, 우선 4, 중소기업 생산물량 5)
○ 접수기간 : 2022.8.9.(월) ~ 예산 소진시까지
○ 선정기준 : 차량 출고 등록 순(보조금 지원가능확인 요청 순)
    - 지원 접수순서와 상관없이 보조금 지원가능 확인 요청 순으로 대상자 선정
    - 확인요청일 같은 경우 접수순으로 선정
○ 의무운행기간 내 타 지자체로 전출, 타 지자체 거주자에게 판매 시 운행 기간별 보조금 환수율에 따라 보조금을 반납하여야 함"
전남,함평군,전기화물,"*일반: 출고등록순
*우선: 출고등록순","32
 (0)
 (0)
 (0)
 (0)
 (32)",32,0,0,0,0,32,"48
 (3)
 (3)
 (3)
 (0)
 (39)",48,3,3,3,0,39,0,0,"41
 (3)
 (3)
 (3)
 (0)
 (32)",41,"0
 (0)
 (0)
 (0)
 (0)
 (0)",
전남,영광군,전기화물,"*일반: 출고등록순
*우선: 출고등록순","63
 (7)
 (7)
 (13)
 (0)
 (36)",63,7,7,13,0,36,"68
 (7)
 (2)
 (10)
 (0)
 (49)",68,7,2,10,0,49,0,0,"62
 (7)
 (2)
 (10)
 (0)
 (43)",62,"1
 (0)
 (5)
 (3)
 (0)
 (0)",
전남,장성군,전기화물,"*일반: 출고등록순
*우선: 출고등록순","76
 (8)
 (8)
 (16)
 (0)
 (44)",76,8,8,16,0,44,"79
 (4)
 (5)
 (18)
 (0)
 (52)",79,4,5,18,0,52,0,0,"73
 (4)
 (2)
 (17)
 (0)
 (50)",73,"3
 (4)
 (6)
 (0)
 (0)
 (0)","* 승용 일반물량 마감되었습니다.
  - 법인기관 및 승용택시 물량 : 2022. 7. 1. 부터 미소진 시 일반물량과 통합하여 보급
  - 화물 중소기업생산물량 : 2022. 9. 1. 부터 미소진시 일반물량과 통합하여 보급
  - 우선순위 물량 : 2022. 10. 1.부터 미소진 시 일반물량과 통합하여 보급

- 보급대수 : 66대(우선순위 8, 일반 40, 법인·기관 10, 중소기업생산제품 8)
- 지원대수 : 개인 및 세대 또는 법인·기관 당 1대
- 신청대상 : 구매 지원신청서 접수일 기준으로 장성군에 3개월 이상 거주(주소를 둔) 만18세 이상 군민
- 접수기간 : 2022. 5. 16.(월) 09:00 ~ 예산 소진 시 까지
- 대상자 선정 : 출고·등록순
 ※ 자세한 사항은 장성군 공고 제2022-431호를 참고하시기 바랍니다."
전남,완도군,전기화물,"*일반: 출고등록순
*우선: 출고등록순","49
 (10)
 (2)
 (3)
 (0)
 (34)",49,10,2,3,0,34,"55
 (17)
 (2)
 (4)
 (0)
 (32)",55,17,2,4,0,32,0,2,"55
 (17)
 (2)
 (4)
 (0)
 (32)",55,"0
 (0)
 (0)
 (0)
 (0)
 (2)",
전남,진도군,전기화물,"*일반: 보조금 지원확인요청서 순
*우선: 보조금 지원 확인서 요청 순","42
 (5)
 (5)
 (2)
 (0)
 (30)",42,5,5,2,0,30,"44
 (2)
 (1)
 (4)
 (0)
 (37)",44,2,1,4,0,37,0,0,"43
 (2)
 (0)
 (4)
 (0)
 (37)",43,"0
 (3)
 (5)
 (0)
 (0)
 (0)","가. 사 업 량: 화물 2대
    ※ 상기 배정된 물량은 2022년 전기자동차 보조금 업무처리 지침에 따라 변경 될 수 있음
   나. 접수기간: 2022. 11. 10.(목) 12:00 ~ 사업비 소진 시까지
   다. 추진방법: 차량 출고·등록 순(보조금 지원가능확인요청서 등록 순)
    ※ 사업 신청서 접수 순서와 관계없음
   라. 신청자격 등: 공고문 참조"
전남,신안군,전기화물,"*일반: 갯벌세계유산 보존 등을 위해 도서지역 우선 배정
*우선: -","55
 (6)
 (12)
 (6)
 (0)
 (31)",55,6,12,6,0,31,"64
 (5)
 (0)
 (7)
 (0)
 (52)",64,5,0,7,0,52,0,0,"64
 (5)
 (0)
 (7)
 (0)
 (52)",64,"0
 (1)
 (12)
 (0)
 (0)
 (0)",
경북,포항시,전기화물,"*일반: 출고등록순
*우선: 출고등록순","269
 (27)
 (27)
 (54)
 (0)
 (161)",269,27,27,54,0,161,"263
 (34)
 (6)
 (53)
 (0)
 (170)",263,34,6,53,0,170,6,0,"263
 (34)
 (6)
 (53)
 (0)
 (170)",263,"6
 (0)
 (21)
 (1)
 (0)
 (0)",전체물량마감
경북,경주시,전기화물,"*일반: 출고등록순
*우선: 출고등록순","166
 (16)
 (16)
 (34)
 (0)
 (100)",166,16,16,34,0,100,"251
 (18)
 (4)
 (47)
 (0)
 (182)",251,18,4,47,0,182,0,0,"241
 (18)
 (4)
 (45)
 (0)
 (174)",241,"0
 (0)
 (12)
 (0)
 (0)
 (0)",전기화물 마감
경북,김천시,전기화물,"*일반: 출고등록순
*우선: 출고등록순","215
 (22)
 (22)
 (43)
 (0)
 (128)",215,22,22,43,0,128,"277
 (75)
 (11)
 (8)
 (0)
 (183)",277,75,11,8,0,183,0,0,"277
 (75)
 (11)
 (8)
 (0)
 (183)",277,"0
 (0)
 (11)
 (35)
 (0)
 (0)",예산소진
경북,안동시,전기화물,"*일반: 출고등록순
*우선: 출고등록순","189
 (0)
 (0)
 (0)
 (0)
 (189)",189,0,0,0,0,189,"193
 (82)
 (9)
 (17)
 (0)
 (85)",193,82,9,17,0,85,0,104,"185
 (79)
 (9)
 (16)
 (0)
 (81)",185,"4
 (0)
 (0)
 (0)
 (0)
 (108)",★접수마감★
경북,구미시,,,,,,,,,,,,,,,,,,,,,,
경북,영주시,전기화물,"*일반: 출고등록순
*우선: 출고등록순","126
 (13)
 (13)
 (0)
 (0)
 (100)",126,13,13,0,0,100,"185
 (61)
 (3)
 (17)
 (0)
 (104)",185,61,3,17,0,104,0,0,"168
 (58)
 (3)
 (16)
 (0)
 (91)",168,"0
 (0)
 (10)
 (0)
 (0)
 (9)",
경북,영천시,전기화물,"*일반: 출고등록순
*우선: 출고등록순","191
 (0)
 (0)
 (0)
 (0)
 (191)",191,0,0,0,0,191,"199
 (21)
 (3)
 (24)
 (0)
 (151)",199,21,3,24,0,151,0,40,"189
 (17)
 (3)
 (23)
 (0)
 (146)",189,"2
 (0)
 (0)
 (0)
 (0)
 (45)",***화물 물량 마감(11.03)***
경북,상주시,전기화물,"*일반: 출고등록순
*우선: 출고등록순","261
 (17)
 (17)
 (33)
 (0)
 (194)",261,17,17,33,0,194,"280
 (59)
 (1)
 (14)
 (0)
 (206)",280,59,1,14,0,206,0,0,"261
 (55)
 (1)
 (13)
 (0)
 (192)",261,"0
 (0)
 (16)
 (20)
 (0)
 (2)",
경북,문경시,전기화물,"*일반: 출고등록순
*우선: 출고등록순","133
 (8)
 (7)
 (15)
 (0)
 (103)",133,8,7,15,0,103,"132
 (41)
 (4)
 (14)
 (0)
 (73)",132,41,4,14,0,73,1,30,"132
 (41)
 (4)
 (14)
 (0)
 (73)",132,"1
 (0)
 (3)
 (1)
 (0)
 (30)","★ &apos;22.11.02.화물 대상자 선정 마감. 
★ &apos;22.10.11. 3차(추경1) 접수"
경북,경산시,,,,,,,,,,,,,,,,,,,,,,
경북,군위군,전기화물,"*일반: 출고등록순
*우선: 출고등록순","30
 (3)
 (3)
 (6)
 (0)
 (18)",30,3,3,6,0,18,"30
 (5)
 (0)
 (2)
 (0)
 (23)",30,5,0,2,0,23,0,0,"30
 (5)
 (0)
 (2)
 (0)
 (23)",30,"0
 (0)
 (3)
 (4)
 (0)
 (0)","ㅇ 보급대수
   - 화물 : 30대(우선순위 3대, 별도배정 9대, 일반지원 18대정도)
ㅇ 신청대상
   - 구매 지원신청서 접수일 기준 연속하여 3개월 이상 군위군에 주소지를 둔 만 18세 이상
ㅇ 신청기간 
   - 승용 : 2022. 2. 15.∼ 예산 소진 시까지 
ㅇ 선정대상 
   - 승용 : 차량 출고·등록순"
경북,의성군,전기화물,"*일반: 접수순
*우선: 접수순","73
 (6)
 (6)
 (0)
 (0)
 (61)",73,6,6,0,0,61,"76
 (12)
 (2)
 (4)
 (0)
 (58)",76,12,2,4,0,58,0,3,"73
 (12)
 (2)
 (4)
 (0)
 (55)",73,"0
 (0)
 (4)
 (0)
 (0)
 (6)","**전기승용, 화물 마감**
- (신청조건) 신청일 기준 &apos;3개월 이상&apos; 의성군에 주소를 둔 자
- (배정물량) 승용 70대, 화물 61대   ※ 괄호: 배정물량 적용기간
  · 승용 90대 : 일반 35대, 우선순위(3/4분기) 7대, 법인기관(상반기) 21대, 택시(상반기) 7대
  · 화물 51대 : 일반 37대, 우선순위(3/4분기) 6대, 법인기관(상반기) 12대, 중소기업생산물량(8월) 6대
   ※기간 내 배정물량 미 집행 시 일반물량에 통합하여 지원
- (지원금액) 승용 1,300만원, 화물 2,000만원
   * 차량별 보조금 상이 
- 문의처 : 의성군 환경과(054-830-6193)"
경북,청송군,전기화물,"*일반: 출고등록순
*우선: 출고등록순","63
 (6)
 (6)
 (0)
 (0)
 (51)",63,6,6,0,0,51,"60
 (3)
 (1)
 (5)
 (0)
 (51)",60,3,1,5,0,51,3,0,"60
 (3)
 (1)
 (5)
 (0)
 (51)",60,"3
 (3)
 (5)
 (0)
 (0)
 (0)","본공고 - 추경물량 반영이 된 최종 공고문입니다
추경 1차 -  신청서식(편집가능)입니다

대상 미선정 잔여물량(2022.12.12. 기준 : 전기승용 15대, 전기화물 0대)
출고예시일 확정 순으로(예시일 10일 이내시 대상 자격 확보) 대상자 선정 예정,

***증빙서류(예시일화면 등) 등록해주시거나 팩스(054-870-6188) 후 연락부탁드립니다.
      ㄴ 예시일화면 등록시 사이트 등록일시를 기준으로, 팩스 제출시 팩스 수신일시를 기준으로 확인합니다.
***보조금 지급일 정확히 기입 부탁드립니다, 확정일 시스템과 다른 경우 연락주셔야 합니다."
경북,영양군,전기화물,"*일반: 출고등록순
*우선: 출고등록순","18
 (0)
 (0)
 (1)
 (0)
 (17)",18,0,0,1,0,17,"19
 (0)
 (0)
 (2)
 (0)
 (17)",19,0,0,2,0,17,0,0,"19
 (0)
 (0)
 (2)
 (0)
 (17)",19,"0
 (0)
 (0)
 (0)
 (0)
 (0)",
경북,영덕군,전기화물,"*일반: 접수순
*우선: 접수순","30
 (3)
 (3)
 (9)
 (0)
 (15)",30,3,3,9,0,15,"48
 (5)
 (2)
 (9)
 (0)
 (32)",48,5,2,9,0,32,0,0,"47
 (5)
 (2)
 (9)
 (0)
 (31)",47,"0
 (0)
 (1)
 (0)
 (0)
 (0)",
경북,청도군,전기화물,"*일반: 신청접수는 접수순(자격부여) / 대상자선정은 지원가능확인요청 순
*우선: -","35
 (2)
 (3)
 (5)
 (0)
 (25)",35,2,3,5,0,25,"43
 (3)
 (2)
 (3)
 (0)
 (35)",43,3,2,3,0,35,0,0,"43
 (3)
 (2)
 (3)
 (0)
 (35)",43,"0
 (0)
 (1)
 (2)
 (0)
 (0)",
경북,고령군,전기화물,"*일반: 출고등록순
*우선: 출고등록순","114
 (0)
 (0)
 (0)
 (0)
 (114)",114,0,0,0,0,114,"114
 (31)
 (0)
 (15)
 (0)
 (68)",114,31,0,15,0,68,0,46,"114
 (31)
 (0)
 (15)
 (0)
 (68)",114,"0
 (0)
 (0)
 (0)
 (0)
 (46)",
경북,성주군,전기화물,"*일반: 출고등록순
*우선: 출고등록순","181
 (0)
 (0)
 (0)
 (0)
 (181)",181,0,0,0,0,181,"178
 (18)
 (2)
 (11)
 (0)
 (147)",178,18,2,11,0,147,3,34,"178
 (18)
 (2)
 (11)
 (0)
 (147)",178,"3
 (0)
 (0)
 (0)
 (0)
 (34)","1. 추가보급대수 : 화물 9대정도 
  ※ 차종에 따른 보조금 차등지급 및 추가지급으로 보조금 지원예산 소진시 물량과 관계없이 마감

2. 대상자 선정 : 차량 출고등록 순"
경북,칠곡군,전기화물,"*일반: 출고등록순
*우선: 출고등록순","157
 (17)
 (17)
 (33)
 (0)
 (90)",157,17,17,33,0,90,"184
 (68)
 (1)
 (40)
 (0)
 (75)",184,68,1,40,0,75,0,15,"184
 (68)
 (1)
 (40)
 (0)
 (75)",184,"0
 (0)
 (16)
 (0)
 (0)
 (15)",2022.10.25. 칠곡군 화물 물량 마감
경북,예천군,전기화물,"*일반: 출고등록순
*우선: 출고등록순","122
 (0)
 (0)
 (0)
 (0)
 (122)",122,0,0,0,0,122,"117
 (38)
 (1)
 (4)
 (0)
 (74)",117,38,1,4,0,74,5,48,"117
 (38)
 (1)
 (4)
 (0)
 (74)",117,"5
 (0)
 (0)
 (0)
 (0)
 (48)",
경북,봉화군,전기화물,"*일반: 출고등록순
*우선: 출고등록순","55
 (0)
 (0)
 (0)
 (0)
 (55)",55,0,0,0,0,55,"58
 (5)
 (1)
 (4)
 (0)
 (48)",58,5,1,4,0,48,0,7,"54
 (4)
 (1)
 (3)
 (0)
 (46)",54,"1
 (0)
 (0)
 (0)
 (0)
 (9)","&quot; ★대상자 선정 과정은 ☆최소 4일 이상☆ 소요
(당일 처리 절/대/불/가)★ &quot;
&quot; 출고·등록 순으로 대상자 선정 &quot;
&quot; 2개월 이내에 출고 가능할 경우에만 신청 가능
(초과 시 출고지연취소)&quot;
&quot; 구매(차량 가격, 보조금 등) 관련 문의는 
차량 판매자에게 문의 바랍니다.&quot;"
경북,울진군,전기화물,"*일반: 출고등록순
*우선: 출고등록순","52
 (0)
 (0)
 (0)
 (0)
 (52)",52,0,0,0,0,52,"51
 (24)
 (0)
 (3)
 (0)
 (24)",51,24,0,3,0,24,1,28,"51
 (24)
 (0)
 (3)
 (0)
 (24)",51,"1
 (0)
 (0)
 (0)
 (0)
 (28)",○ 화물 마감
경북,울릉군,전기화물,"*일반: 접수순
*우선: 접수순","39
 (4)
 (4)
 (8)
 (0)
 (23)",39,4,4,8,0,23,"39
 (4)
 (4)
 (2)
 (0)
 (29)",39,4,4,2,0,29,0,0,"39
 (4)
 (4)
 (2)
 (0)
 (29)",39,"0
 (0)
 (0)
 (6)
 (0)
 (0)",
경남,창원시,전기화물,"*일반: 출고등록순
*우선: 출고등록순","450
 (25)
 (25)
 (0)
 (0)
 (400)",450,25,25,0,0,400,"467
 (45)
 (24)
 (86)
 (0)
 (312)",467,45,24,86,0,312,0,88,"467
 (45)
 (24)
 (86)
 (0)
 (312)",467,"0
 (0)
 (1)
 (0)
 (0)
 (88)","※ 창원시 전기자동차 추가 보급 사업(4차)
- 공고기간 : &apos;22. 10. 11.(화) ~ 12. 2.(금), 금년도 마지막 공고
- 접수기간 : &apos;22. 10. 13.(목) ~ 12. 2.(금) , 예산소진 시 사업 종료
- 보급대수 : 200대 

* 판매 제조사는 신청서류를 한장의 PDF파일로 첨부해 주시길 바랍니다.
** 대상자 선정 이후 10일 이내에 차량 출고가 되야하며, 10일 이내 차량 미 출고시 향후 2023년 창원시 전기자동차 보급사업에 신청 접수 배제 할 것을 알려드립니다.
*** 보조금 지급 대상자 확정 받지 않고 차량 출고 후 보조금 지급 신청 시 보조금 지급 불가, 보조금 지급 불가로 인한 불이익은 창원시에서 책임지지 않습니다."
경남,진주시,전기화물,"*일반: 출고등록순
*우선: 출고등록순","530
 (68)
 (25)
 (63)
 (0)
 (374)",530,68,25,63,0,374,"593
 (95)
 (19)
 (56)
 (0)
 (423)",593,95,19,56,0,423,0,0,"554
 (90)
 (16)
 (52)
 (0)
 (396)",554,"0
 (0)
 (9)
 (11)
 (0)
 (0)",★2022년 전기화물 물량이 마감되었습니다.★
경남,통영시,전기화물,"*일반: 출고등록순
*우선: 출고등록순","104
 (11)
 (11)
 (21)
 (0)
 (61)",104,11,11,21,0,61,"105
 (19)
 (2)
 (22)
 (0)
 (62)",105,19,2,22,0,62,0,0,"102
 (18)
 (2)
 (21)
 (0)
 (61)",102,"2
 (0)
 (9)
 (0)
 (0)
 (0)",전기화물 마감
경남,사천시,전기화물,"*일반: 출고등록순
*우선: 출고등록순","61
 (6)
 (6)
 (11)
 (0)
 (38)",61,6,6,11,0,38,"66
 (7)
 (3)
 (9)
 (0)
 (47)",66,7,3,9,0,47,0,0,"66
 (7)
 (3)
 (9)
 (0)
 (47)",66,"0
 (0)
 (3)
 (2)
 (0)
 (0)",
경남,김해시,전기화물,"*일반: 출고등록순
*우선: 출고등록순","146
 (15)
 (15)
 (30)
 (0)
 (86)",146,15,15,30,0,86,"151
 (15)
 (15)
 (33)
 (0)
 (88)",151,15,15,33,0,88,0,0,"151
 (15)
 (15)
 (33)
 (0)
 (88)",151,"0
 (0)
 (0)
 (0)
 (0)
 (0)","전기화물차(중소기업제품) 추가 모집
- 보급대수: 8대
- 신청기간: 2022. 9. 14. 09:00 ~ 10. 20. 18:00(보급물량 초과 시 조기마감)
- 추가내용: 공고문 확인 

★중소기업 전기화물차에 한함(현대,기아제외)★"
경남,밀양시,전기화물,"*일반: 출고등록순
*우선: 출고등록순","114
 (13)
 (8)
 (10)
 (0)
 (83)",114,13,8,10,0,83,"170
 (17)
 (2)
 (23)
 (0)
 (128)",170,17,2,23,0,128,0,0,"156
 (16)
 (2)
 (21)
 (0)
 (117)",156,"0
 (0)
 (6)
 (0)
 (0)
 (0)",
경남,거제시,전기화물,"*일반: 출고등록순
*우선: 출고등록순","138
 (14)
 (14)
 (18)
 (0)
 (92)",138,14,14,18,0,92,"122
 (10)
 (6)
 (23)
 (0)
 (83)",122,10,6,23,0,83,16,9,"122
 (10)
 (6)
 (23)
 (0)
 (83)",122,"16
 (4)
 (8)
 (0)
 (0)
 (9)",하반기 접수기간: 2022.7.1 10:00
경남,양산시,전기화물,"*일반: 출고등록순
*우선: 출고등록순","320
 (31)
 (5)
 (43)
 (0)
 (241)",320,31,5,43,0,241,"318
 (43)
 (8)
 (31)
 (0)
 (236)",318,43,8,31,0,236,2,5,"318
 (43)
 (8)
 (31)
 (0)
 (236)",318,"2
 (0)
 (0)
 (12)
 (0)
 (5)",
경남,의령군,전기화물,"*일반: 접수순
*우선: 접수순","48
 (4)
 (4)
 (9)
 (0)
 (31)",48,4,4,9,0,31,"48
 (1)
 (2)
 (3)
 (0)
 (42)",48,1,2,3,0,42,0,0,"48
 (1)
 (2)
 (3)
 (0)
 (42)",48,"0
 (3)
 (2)
 (6)
 (0)
 (0)","화물 40대(2월 공고 25대)
* 보급 대수는 여건 및 예산범위 내에서 변동될 수 있음"
경남,함안군,전기화물,"*일반: 출고등록순
*우선: 출고등록순","113
 (4)
 (3)
 (34)
 (0)
 (72)",113,4,3,34,0,72,"113
 (7)
 (5)
 (30)
 (0)
 (71)",113,7,5,30,0,71,0,1,"113
 (7)
 (5)
 (30)
 (0)
 (71)",113,"0
 (0)
 (0)
 (4)
 (0)
 (1)",
경남,창녕군,전기화물,"*일반: 출고등록순
*우선: 출고등록순","119
 (15)
 (16)
 (12)
 (0)
 (76)",119,15,16,12,0,76,"99
 (7)
 (4)
 (13)
 (0)
 (75)",99,7,4,13,0,75,20,1,"99
 (7)
 (4)
 (13)
 (0)
 (75)",99,"20
 (8)
 (12)
 (0)
 (0)
 (1)",
경남,고성군,전기화물,"*일반: 출고등록순
*우선: 출고등록순","90
 (10)
 (6)
 (12)
 (0)
 (62)",90,10,6,12,0,62,"89
 (10)
 (1)
 (12)
 (0)
 (66)",89,10,1,12,0,66,1,0,"89
 (10)
 (1)
 (12)
 (0)
 (66)",89,"1
 (0)
 (5)
 (0)
 (0)
 (0)",전기화물 접수마감되었습니다.
경남,남해군,전기화물,"*일반: 출고등록순
*우선: 출고등록순","65
 (6)
 (6)
 (10)
 (0)
 (43)",65,6,6,10,0,43,"83
 (12)
 (3)
 (8)
 (0)
 (60)",83,12,3,8,0,60,0,0,"75
 (12)
 (2)
 (8)
 (0)
 (53)",75,"0
 (0)
 (4)
 (2)
 (0)
 (0)",*전기화물차 물량 전량 소진되었습니다.
경남,하동군,전기화물,"*일반: 출고등록순
*우선: 출고등록순","84
 (7)
 (7)
 (14)
 (0)
 (56)",84,7,7,14,0,56,"95
 (9)
 (2)
 (5)
 (0)
 (79)",95,9,2,5,0,79,0,0,"87
 (9)
 (2)
 (4)
 (0)
 (72)",87,"0
 (0)
 (5)
 (10)
 (0)
 (0)",
경남,산청군,전기화물,"*일반: 출고등록순
*우선: 출고등록순","50
 (5)
 (5)
 (10)
 (0)
 (30)",50,5,5,10,0,30,"49
 (8)
 (0)
 (6)
 (0)
 (35)",49,8,0,6,0,35,1,0,"49
 (8)
 (0)
 (6)
 (0)
 (35)",49,"1
 (0)
 (5)
 (4)
 (0)
 (0)",
경남,함양군,전기화물,"*일반: 출고등록순
*우선: 출고등록순","51
 (6)
 (0)
 (0)
 (0)
 (45)",51,6,0,0,0,45,"50
 (9)
 (0)
 (4)
 (0)
 (37)",50,9,0,4,0,37,1,8,"50
 (9)
 (0)
 (4)
 (0)
 (37)",50,"1
 (0)
 (0)
 (0)
 (0)
 (8)",
경남,거창군,전기화물,"*일반: 출고등록순
*우선: 출고등록순","60
 (6)
 (0)
 (3)
 (0)
 (51)",60,6,0,3,0,51,"66
 (0)
 (2)
 (3)
 (0)
 (61)",66,0,2,3,0,61,0,0,"63
 (0)
 (2)
 (3)
 (0)
 (58)",63,"0
 (6)
 (0)
 (0)
 (0)
 (0)","화물20대(일반 14대,우선순위 6대)"
경남,합천군,전기화물,"*일반: 출고등록순
*우선: 출고등록순","71
 (5)
 (2)
 (2)
 (0)
 (62)",71,5,2,2,0,62,"91
 (9)
 (4)
 (5)
 (0)
 (73)",91,9,4,5,0,73,0,0,"70
 (8)
 (2)
 (4)
 (0)
 (56)",70,"1
 (0)
 (0)
 (0)
 (0)
 (6)","2022년 전기자동차 민간보급사업 수정 공고 
- 총물량(변경) : 승용 119대, 화물 72대
- 잔여물량 : 승용 42대, 화물 24대(공고전후 접수 상황에 따라 잔여물량 변동 가능)
- 전기화물 지원대상 확인요청 : 2022. 10. 12.(수) 09시 이후 요청 순으로 대상자 선정(10.12 09:00이전 요청건 불인정)
- 차종별 지원금액 차이 및 추가지원 등으로 지원대수 변동 가능"
제주,제주특별자치도,전기화물,"*일반: 접수+출고순
*우선: 접수+출고순","3000
 (1000)
 (200)
 (500)
 (0)
 (1300)",3000,1000,200,500,0,1300,"2995
 (1168)
 (149)
 (221)
 (0)
 (1457)",2995,1168,149,221,0,1457,5,0,"2994
 (1168)
 (149)
 (221)
 (0)
 (1456)",2994,"6
 (0)
 (51)
 (279)
 (0)
 (0)","&lt; 2022년 하반기 전기자동차 민간보급사업 추가 보급 마감 &gt;

예산소진으로 11. 23. 18시부로 마감되었습니다."
,,,,,,,,,,,,,,,,,,,,,,,
,,,,,,,,,,,,,,,,,,,,,,,
,,,,,,,,,,,,,,,,,,,,,,,
,,,,,,,,,,,,,,,,,,,,,,,
,,,,,,,,,,,,,,,,,,,,,,,
,,,,,,,,,,,,,,,,,,,,,,,
,,,,,,,,,,,,,,,,,,,,,,,
,,,,,,,,,,,,,,,,,,,,,,,
,,,,`,,,,,,,,,,,,,,,,,,,
